-- --------------------------------------------------------
-- Host:                         127.0.0.1
-- Versión del servidor:         8.0.30 - MySQL Community Server - GPL
-- SO del servidor:              Win64
-- HeidiSQL Versión:             12.1.0.6537
-- --------------------------------------------------------

/*!40101 SET @OLD_CHARACTER_SET_CLIENT=@@CHARACTER_SET_CLIENT */;
/*!40101 SET NAMES utf8 */;
/*!50503 SET NAMES utf8mb4 */;
/*!40103 SET @OLD_TIME_ZONE=@@TIME_ZONE */;
/*!40103 SET TIME_ZONE='+00:00' */;
/*!40014 SET @OLD_FOREIGN_KEY_CHECKS=@@FOREIGN_KEY_CHECKS, FOREIGN_KEY_CHECKS=0 */;
/*!40101 SET @OLD_SQL_MODE=@@SQL_MODE, SQL_MODE='NO_AUTO_VALUE_ON_ZERO' */;
/*!40111 SET @OLD_SQL_NOTES=@@SQL_NOTES, SQL_NOTES=0 */;

-- Volcando datos para la tabla abprod1.categories: ~28 rows (aproximadamente)
INSERT INTO `categories` (`id`, `name`, `code`, `description`, `order`, `is_important`, `created_at`, `updated_at`) VALUES
	(1, 'Camiseta', 'CAM', NULL, 1, 1, '2025-02-26 15:17:22', '2025-02-26 15:17:22'),
	(2, 'Camisilla', 'CMLL', NULL, 2, 1, '2025-02-26 15:17:22', '2025-02-26 15:17:22'),
	(3, 'Short', 'SHT', NULL, 3, 1, '2025-02-26 15:17:22', '2025-02-26 15:17:22'),
	(4, 'Media', 'MED', NULL, 4, 1, '2025-02-26 15:17:22', '2025-02-26 15:17:22'),
	(5, 'Camiseta Manga largas', 'CAMLG', NULL, 5, 1, '2025-02-26 15:17:22', '2025-02-26 15:17:22'),
	(6, 'Botinera', 'BTN', NULL, 6, 1, '2025-02-26 15:17:22', '2025-02-26 15:17:22'),
	(7, 'Blusa', 'BLU', NULL, 7, 1, '2025-02-26 15:17:22', '2025-02-26 15:17:22'),
	(8, 'Camisa', 'CMS', NULL, 8, 1, '2025-02-26 15:17:22', '2025-02-26 15:17:22'),
	(9, 'Remera', 'REM', NULL, 9, 1, '2025-02-26 15:17:22', '2025-02-26 15:17:22'),
	(10, 'Remera Polo', 'RP', NULL, 10, 1, '2025-02-26 15:17:22', '2025-02-26 15:17:22'),
	(11, 'Cuellera', 'CUE', NULL, 11, 1, '2025-02-26 15:17:22', '2025-02-26 15:17:22'),
	(12, 'Bandera', 'BDR', NULL, 12, 1, '2025-02-26 15:17:22', '2025-02-26 15:17:22'),
	(13, 'Brazalete', 'BRZ', NULL, 13, 1, '2025-02-26 15:17:22', '2025-02-26 15:17:22'),
	(14, 'Bata Médica', 'BMD', NULL, 14, 1, '2025-02-26 15:17:22', '2025-02-26 15:17:22'),
	(15, 'Bincha', 'BIN', NULL, 15, 1, '2025-02-26 15:17:22', '2025-02-26 15:17:22'),
	(16, 'Crop Top de Algodón', 'CTA', NULL, 16, 1, '2025-02-26 15:17:22', '2025-02-26 15:17:22'),
	(17, 'Body', 'BDY', NULL, 17, 1, '2025-02-26 15:17:22', '2025-02-26 15:17:22'),
	(18, 'Accesorio', 'ACC', NULL, 18, 1, '2025-02-26 15:17:22', '2025-02-26 15:17:22'),
	(19, 'Campera', 'CMP', NULL, 19, 1, '2025-02-26 15:17:22', '2025-02-26 15:17:22'),
	(20, 'Canguro', 'CNG', NULL, 20, 1, '2025-02-26 15:17:22', '2025-02-26 15:17:22'),
	(21, 'Chaleco', 'CHL', NULL, 21, 1, '2025-02-26 15:17:22', '2025-02-26 15:17:22'),
	(22, 'Chaqueta', 'CHQ', NULL, 22, 1, '2025-02-26 15:17:22', '2025-02-26 15:17:22'),
	(23, 'Chomba', 'CHM', NULL, 23, 1, '2025-02-26 15:17:22', '2025-02-26 15:17:22'),
	(24, 'Ciclista', 'CIC', NULL, 24, 1, '2025-02-26 15:17:22', '2025-02-26 15:17:22'),
	(25, 'Termica', 'TM', NULL, 25, 1, '2025-02-26 15:17:22', '2025-02-26 15:17:22'),
	(26, 'Saco', 'SC', NULL, 26, 1, '2025-02-26 15:17:22', '2025-02-26 15:17:22'),
	(27, 'Pantalon', 'PTN', NULL, 27, 1, '2025-02-26 15:17:22', '2025-02-26 15:17:22'),
	(28, 'crop top', 'CT', NULL, 28, 1, '2025-02-26 15:17:22', '2025-02-26 15:17:22'),
	(29, 'Servicios', 'SEV', NULL, 0, 0, '2025-03-05 13:30:09', '2025-03-05 13:30:09');

-- Volcando datos para la tabla abprod1.centers: ~16 rows (aproximadamente)
INSERT INTO `centers` (`id`, `name`, `level`, `created_at`, `updated_at`) VALUES
	(1, 'Diseño', 1, '2025-02-26 15:17:22', '2025-02-26 15:17:22'),
	(2, 'Compras', 1, '2025-02-26 15:17:22', '2025-02-26 15:17:22'),
	(3, 'Color', 2, '2025-02-26 15:17:22', '2025-02-26 15:17:22'),
	(4, 'Diagramacion ', 3, '2025-02-26 15:17:22', '2025-02-26 15:17:22'),
	(5, 'Ponchado', 3, '2025-02-26 15:17:22', '2025-02-26 15:17:22'),
	(6, 'Vinilo corte', 3, '2025-02-26 15:17:22', '2025-02-26 15:17:22'),
	(7, 'Impresion', 4, '2025-02-26 15:17:22', '2025-02-26 15:17:22'),
	(8, 'Sublimacion', 5, '2025-02-26 15:17:22', '2025-02-26 15:17:22'),
	(9, 'Corte', 3, '2025-02-26 15:17:22', '2025-02-26 15:17:22'),
	(10, 'Confeccion', 6, '2025-02-26 15:17:22', '2025-02-26 15:17:22'),
	(11, 'Terminacion vinilo talle', 7, '2025-02-26 15:17:22', '2025-02-26 15:17:22'),
	(12, 'Bordado', 8, '2025-02-26 15:17:22', '2025-02-26 15:17:22'),
	(13, 'Plancha', 9, '2025-02-26 15:17:22', '2025-02-26 15:17:22'),
	(14, 'Empaque', 10, '2025-02-26 15:17:22', '2025-02-26 15:17:22'),
	(15, 'Ventas', 15, '2025-02-26 15:17:22', '2025-02-26 15:17:22'),
	(16, 'Administracion', 15, '2025-02-26 15:17:22', '2025-02-26 15:17:22');

-- Volcando datos para la tabla abprod1.class_centers: ~14 rows (aproximadamente)
INSERT INTO `class_centers` (`id`, `category_id`, `center_id`, `item`, `created_at`, `updated_at`) VALUES
	(1, 1, 2, 1, '2025-02-27 14:21:13', '2025-02-27 14:21:13'),
	(2, 1, 1, 1, '2025-02-27 14:21:56', '2025-02-27 14:21:56'),
	(3, 1, 3, 2, '2025-02-27 14:22:22', '2025-02-27 14:22:22'),
	(4, 1, 4, 3, '2025-02-27 14:22:54', '2025-02-27 14:22:54'),
	(5, 1, 6, 3, '2025-02-27 14:23:03', '2025-02-27 14:23:03'),
	(6, 1, 5, 3, '2025-02-27 14:23:18', '2025-02-27 14:23:18'),
	(7, 1, 7, 4, '2025-02-27 14:23:33', '2025-02-27 14:23:33'),
	(8, 1, 9, 3, '2025-02-27 14:23:52', '2025-02-27 14:23:52'),
	(9, 1, 8, 5, '2025-02-27 14:24:08', '2025-02-27 14:24:08'),
	(10, 1, 10, 6, '2025-02-27 14:24:39', '2025-02-27 14:24:39'),
	(11, 1, 11, 7, '2025-02-27 14:24:54', '2025-02-27 14:24:54'),
	(12, 1, 12, 8, '2025-02-27 14:25:10', '2025-02-27 14:25:10'),
	(13, 1, 13, 9, '2025-02-27 14:25:36', '2025-02-27 14:25:36'),
	(14, 1, 14, 10, '2025-02-27 14:25:47', '2025-02-27 14:25:47');

-- Volcando datos para la tabla abprod1.customers: ~2 rows (aproximadamente)
INSERT INTO `customers` (`id`, `nif`, `name`, `address`, `phone`, `user_id`, `created_at`, `updated_at`, `email`) VALUES
	(5, '5192306', 'Daril Diaz', 'Horqueta', '0972813605', 1, '2025-03-13 21:52:16', '2025-03-13 21:52:16', 'darildiaz29@gmail.com'),
	(6, '6540874', 'Alex Quintana', 'PJC', '0986540874', 1, '2025-03-13 22:00:16', '2025-03-13 22:00:16', NULL);

-- Volcando datos para la tabla abprod1.discounts: ~0 rows (aproximadamente)

-- Volcando datos para la tabla abprod1.error_orders: ~0 rows (aproximadamente)

-- Volcando datos para la tabla abprod1.failed_jobs: ~0 rows (aproximadamente)

-- Volcando datos para la tabla abprod1.lines: ~10 rows (aproximadamente)
INSERT INTO `lines` (`id`, `code`, `name`, `created_at`, `updated_at`) VALUES
	(1, 'C', 'Eco', '2025-02-26 15:17:22', '2025-02-26 15:17:22'),
	(2, 'B', 'Basic', '2025-02-26 15:17:22', '2025-02-26 15:17:22'),
	(3, 'S', 'Estandar', '2025-02-26 15:17:22', '2025-02-26 15:17:22'),
	(4, 'F', 'Oficial', '2025-02-26 15:17:22', '2025-02-26 15:17:22'),
	(5, 'A', 'Profesional', '2025-02-26 15:17:22', '2025-02-26 15:17:22'),
	(6, 'R', 'Semi Profesional', '2025-02-26 15:17:22', '2025-02-26 15:17:22'),
	(7, 'PR', 'Premium', '2025-02-26 15:17:22', '2025-02-26 15:17:22'),
	(8, 'E', 'Elite', '2025-02-26 15:17:22', '2025-02-26 15:17:22'),
	(9, 'G', 'Campeones', '2025-02-26 15:17:22', '2025-02-26 15:17:22'),
	(10, 'EMP', 'Empresarial', '2025-02-26 15:17:22', '2025-02-26 15:17:22');

-- Volcando datos para la tabla abprod1.materials: ~0 rows (aproximadamente)
INSERT INTO `materials` (`id`, `name`, `description`, `unit`, `created_at`, `updated_at`) VALUES
	(1, 'Tela dry', 'dfadfadf', 'm', '2025-03-08 17:58:31', '2025-03-08 17:58:31');

-- Volcando datos para la tabla abprod1.material_lists: ~0 rows (aproximadamente)
INSERT INTO `material_lists` (`id`, `product_id`, `material_id`, `quantity`, `size_group_id`, `created_at`, `updated_at`) VALUES
	(1, 10, 1, 0.60, 1, '2025-03-08 17:59:12', '2025-03-08 17:59:12'),
	(2, 1, 1, 0.50, 1, '2025-03-11 22:03:23', '2025-03-11 22:03:23');

-- Volcando datos para la tabla abprod1.migrations: ~43 rows (aproximadamente)
INSERT INTO `migrations` (`id`, `migration`, `batch`) VALUES
	(1, '2014_10_12_000000_create_users_table', 1),
	(2, '2014_10_12_100000_create_password_reset_tokens_table', 1),
	(3, '2019_08_19_000000_create_failed_jobs_table', 1),
	(4, '2019_12_14_000001_create_personal_access_tokens_table', 1),
	(5, '2025_01_27_125717_create_lines_table', 1),
	(6, '2025_01_27_133809_create_categories_table', 1),
	(7, '2025_01_27_133809_create_sizes_table', 1),
	(8, '2025_01_27_133809_create_teams_table', 1),
	(9, '2025_01_27_133810_create_products_table', 1),
	(10, '2025_01_27_133811_create_centers_table', 1),
	(11, '2025_01_27_133811_create_discounts_table', 1),
	(12, '2025_01_27_133811_create_prices_table', 1),
	(13, '2025_01_27_133811_create_product_centers_table', 1),
	(14, '2025_01_27_133812_create_operators_table', 1),
	(15, '2025_01_27_133813_create_question_categories_table', 1),
	(16, '2025_01_27_133813_create_questions_table', 1),
	(17, '2025_01_27_133814_create_customers_table', 1),
	(18, '2025_01_27_133814_create_orders_table', 1),
	(19, '2025_01_27_133814_create_production_table', 1),
	(20, '2025_01_27_133815_create_order_items_table', 1),
	(21, '2025_01_27_133815_create_order_molds_table', 1),
	(22, '2025_01_27_133815_create_productiondets_table', 1),
	(23, '2025_01_27_133816_create_order_references_table', 1),
	(24, '2025_01_27_133817_create_order_item_products_table', 1),
	(25, '2025_01_27_133817_create_orderquestionanswers_table', 1),
	(26, '2025_02_08_124953_create_parts_table', 1),
	(27, '2025_02_08_125001_create_error_orders_table', 1),
	(28, '2025_02_08_125008_create_reorders_table', 1),
	(29, '2025_02_08_142106_create_permission_tables', 1),
	(30, '2025_02_10_173900_create_sales_goals_table', 1),
	(31, '2025_02_10_173900_create_team_members_table', 1),
	(32, '2025_02_12_201940_create_class_centers_table', 1),
	(33, '2025_02_12_202013_create_plannings_table', 1),
	(34, '2025_03_08_132548_create_rolls_table', 2),
	(35, '2025_03_08_132709_create_payments_table', 2),
	(36, '2025_03_08_132853_create_size_groups_table', 2),
	(37, '2025_03_08_132909_create_materials_table', 2),
	(38, '2025_03_08_133050_create_material_lists_table', 2),
	(40, '2025_03_08_133213_create_prod_discounts_table', 3),
	(42, '2025_03_08_163708_create_roll_prodts_table', 4),
	(43, '2025_03_11_194420_create_roll_errors_table', 4),
	(46, '2025_03_12_164638_create_payment_methods_table', 5),
	(47, '2025_03_12_164738_create_payment_histories_table', 5),
	(49, '2025_03_14_133135_create_prod_designs_table', 6);

-- Volcando datos para la tabla abprod1.model_has_permissions: ~0 rows (aproximadamente)

-- Volcando datos para la tabla abprod1.model_has_roles: ~17 rows (aproximadamente)
INSERT INTO `model_has_roles` (`role_id`, `model_type`, `model_id`) VALUES
	(2, 'App\\Models\\User', 1),
	(3, 'App\\Models\\User', 3),
	(3, 'App\\Models\\User', 4),
	(4, 'App\\Models\\User', 4),
	(3, 'App\\Models\\User', 7),
	(3, 'App\\Models\\User', 12),
	(5, 'App\\Models\\User', 14),
	(3, 'App\\Models\\User', 16),
	(3, 'App\\Models\\User', 23),
	(3, 'App\\Models\\User', 29),
	(2, 'App\\Models\\User', 31),
	(3, 'App\\Models\\User', 36),
	(3, 'App\\Models\\User', 50),
	(3, 'App\\Models\\User', 51),
	(3, 'App\\Models\\User', 52),
	(3, 'App\\Models\\User', 53),
	(3, 'App\\Models\\User', 54),
	(3, 'App\\Models\\User', 55),
	(3, 'App\\Models\\User', 56);

-- Volcando datos para la tabla abprod1.operators: ~46 rows (aproximadamente)
INSERT INTO `operators` (`id`, `name`, `position`, `user_id`, `center_id`, `created_at`, `updated_at`) VALUES
	(1, 'Aquino Rojas, Rodrigo Fabian', 'Fun. abdiez', 4, 15, '2025-02-26 15:17:22', '2025-02-26 15:17:22'),
	(2, 'Areco Gòmez, Ilcia Mariela', '', 5, 16, '2025-02-26 15:17:22', '2025-02-26 15:17:22'),
	(3, 'Arevalos Alvarenga, Ada Ramona', '', 6, 14, '2025-02-26 15:17:22', '2025-02-26 15:17:22'),
	(4, 'Beraud Fernandez, Isis Maria Jesus', '', 7, 1, '2025-02-26 15:17:22', '2025-02-26 15:17:22'),
	(5, 'Bogarín Ríos, Adrian Pastor', '', 8, 7, '2025-02-26 15:17:22', '2025-02-26 15:17:22'),
	(6, 'Cabrera Barua, Laura Patricia', '', 9, 12, '2025-02-26 15:17:22', '2025-02-26 15:17:22'),
	(7, 'Carballo,Antonio', '', 10, 8, '2025-02-26 15:17:22', '2025-02-26 15:17:22'),
	(8, 'Castillo Ortiz, Jesús Alberto', '', 11, 1, '2025-02-26 15:17:22', '2025-02-26 15:17:22'),
	(9, 'Colmán, Liz Sandra', '', 12, 15, '2025-02-26 15:17:22', '2025-02-26 15:17:22'),
	(10, 'Dìaz, Daril Andres', '', 13, 16, '2025-02-26 15:17:22', '2025-02-26 15:17:22'),
	(11, 'Duarte Medina, Ana Liz', '', 14, 16, '2025-02-26 15:17:22', '2025-02-26 15:17:22'),
	(12, 'Espinola Martinez, Mario', '', 15, 1, '2025-02-26 15:17:22', '2025-02-26 15:17:22'),
	(13, 'Espinola Ramírez, Liz Romina', '', 16, 15, '2025-02-26 15:17:22', '2025-02-26 15:17:22'),
	(14, 'Irala Cassera, Nadia Monserrath', '', 17, 16, '2025-02-26 15:17:22', '2025-02-26 15:17:22'),
	(15, 'López, Anibal', '', 18, 9, '2025-02-26 15:17:22', '2025-02-26 15:17:22'),
	(16, 'López, Norma', '', 19, 13, '2025-02-26 15:17:22', '2025-02-26 15:17:22'),
	(17, 'López Osmar', '', 20, 8, '2025-02-26 15:17:22', '2025-02-26 15:17:22'),
	(18, 'Mancuello, Miryam', '', 21, 16, '2025-02-26 15:17:22', '2025-02-26 15:17:22'),
	(19, 'Martiinez , Leticia', '', 22, 16, '2025-02-26 15:17:22', '2025-02-26 15:17:22'),
	(20, 'Martinez Rojas, Fatima', '', 23, 15, '2025-02-26 15:17:22', '2025-02-26 15:17:22'),
	(21, 'Meza Bogarin, Marcial Tobías Isaac', '', 24, 4, '2025-02-26 15:17:22', '2025-02-26 15:17:22'),
	(22, 'Mora Palacios, Cesar Benito', '', 25, 1, '2025-02-26 15:17:22', '2025-02-26 15:17:22'),
	(23, 'Ozorio Huchense, Ynocencia', '', 26, 10, '2025-02-26 15:17:22', '2025-02-26 15:17:22'),
	(24, 'Peña Javier.', '', 27, 5, '2025-02-26 15:17:22', '2025-02-26 15:17:22'),
	(25, 'Ramirez, Julio', '', 28, 4, '2025-02-26 15:17:22', '2025-02-26 15:17:22'),
	(26, 'Ramirez Alegre, Laura Carolina', '', 29, 15, '2025-02-26 15:17:22', '2025-02-26 15:17:22'),
	(27, 'Ramos, Nelly', '', 30, 9, '2025-02-26 15:17:22', '2025-02-26 15:17:22'),
	(28, 'Rojas Barua, Olga María Liz', '', 31, 16, '2025-02-26 15:17:22', '2025-02-26 15:17:22'),
	(29, 'Rojas Insaurralde,Carlos Enrique', '', 32, 15, '2025-02-26 15:17:22', '2025-02-26 15:17:22'),
	(30, 'Ruíz Britez, Areli', '', 33, 16, '2025-02-26 15:17:22', '2025-02-26 15:17:22'),
	(31, 'Ruiz Britez, David Abdias', '', 34, 16, '2025-02-26 15:17:22', '2025-02-26 15:17:22'),
	(32, 'Ruíz Martinez, Angela del Rosario', '', 35, 16, '2025-02-26 15:17:22', '2025-02-26 15:17:22'),
	(33, 'Sorensen, Pedro', '', 36, 15, '2025-02-26 15:17:22', '2025-02-26 15:17:22'),
	(34, 'Vera Garcìa , Ronaldo Ruben', '', 37, 16, '2025-02-26 15:17:22', '2025-02-26 15:17:22'),
	(35, 'Villalba, Alder', '', 38, 12, '2025-02-26 15:17:22', '2025-02-26 15:17:22'),
	(36, 'Caballero López, Enry David', '', 39, 9, '2025-02-26 15:17:22', '2025-02-26 15:17:22'),
	(37, 'Meza Gayozo, Cesar Ramón', '', 40, 9, '2025-02-26 15:17:22', '2025-02-26 15:17:22'),
	(38, 'Vera Acosta, Feliciano', '', 41, 9, '2025-02-26 15:17:22', '2025-02-26 15:17:22'),
	(39, 'Viky', '', 42, 10, '2025-02-26 15:17:22', '2025-02-26 15:17:22'),
	(40, 'Perla', '', 43, 10, '2025-02-26 15:17:22', '2025-02-26 15:17:22'),
	(41, 'Mauro', '', 44, 10, '2025-02-26 15:17:22', '2025-02-26 15:17:22'),
	(42, 'Marciano', '', 45, 10, '2025-02-26 15:17:22', '2025-02-26 15:17:22'),
	(43, 'Diosnel', '', 46, 10, '2025-02-26 15:17:22', '2025-02-26 15:17:22'),
	(44, 'Angela Jara', '', 47, 10, '2025-02-26 15:17:22', '2025-02-26 15:17:22'),
	(45, 'Anicia', '', 48, 10, '2025-02-26 15:17:22', '2025-02-26 15:17:22'),
	(46, 'Yolanda', '', 49, 10, '2025-02-26 15:17:22', '2025-02-26 15:17:22');

-- Volcando datos para la tabla abprod1.orders: ~0 rows (aproximadamente)
INSERT INTO `orders` (`id`, `bitrix_id`, `customer_id`, `seller_id`, `manager_id`, `team_id`, `reference_name`, `issue_date`, `delivery_date`, `shipping_date`, `completion_date`, `total`, `classification_id`, `status`, `created_at`, `updated_at`) VALUES
	(9, 14641, 6, 50, 16, 2, 'RP SEMENTES - Alex Quintana', '2025-03-04', '2025-03-11', NULL, NULL, 2340000, 1, 0, '2025-03-13 22:14:52', '2025-03-13 22:14:52');

-- Volcando datos para la tabla abprod1.order_items: ~18 rows (aproximadamente)
INSERT INTO `order_items` (`id`, `order_id`, `item`, `model`, `name`, `number`, `other`, `size_id`, `quantity`, `price`, `subtotal`, `discount`, `product_id`, `created_at`, `updated_at`) VALUES
	(1, 9, 1, 'Modelo 1', NULL, '16', NULL, 28, 1, 130000, 130000, 0, '[19, 48]', '2025-03-13 22:14:52', '2025-03-13 22:14:52'),
	(2, 9, 2, 'Modelo 1', NULL, '17', NULL, 28, 1, 130000, 130000, 0, '[19, 48]', '2025-03-13 22:14:52', '2025-03-13 22:14:52'),
	(3, 9, 3, 'Modelo 1', NULL, '18', NULL, 28, 1, 130000, 130000, 0, '[19, 48]', '2025-03-13 22:14:52', '2025-03-13 22:14:52'),
	(4, 9, 4, 'Modelo 2', NULL, '1', NULL, 24, 1, 130000, 130000, 0, '[19, 48]', '2025-03-13 22:14:52', '2025-03-13 22:14:52'),
	(5, 9, 5, 'Modelo 1', NULL, '2', NULL, 24, 1, 130000, 130000, 0, '[19, 48]', '2025-03-13 22:14:52', '2025-03-13 22:14:52'),
	(6, 9, 6, 'Modelo 1', NULL, '3', NULL, 24, 1, 130000, 130000, 0, '[19, 48]', '2025-03-13 22:14:52', '2025-03-13 22:14:52'),
	(7, 9, 7, 'Modelo 1', NULL, '4', NULL, 24, 1, 130000, 130000, 0, '[19, 48]', '2025-03-13 22:14:52', '2025-03-13 22:14:52'),
	(8, 9, 8, 'Modelo 1', NULL, '5', NULL, 24, 1, 130000, 130000, 0, '[19, 48]', '2025-03-13 22:14:52', '2025-03-13 22:14:52'),
	(9, 9, 9, 'Modelo 1', NULL, '6', NULL, 24, 1, 130000, 130000, 0, '[19, 48]', '2025-03-13 22:14:52', '2025-03-13 22:14:52'),
	(10, 9, 10, 'Modelo 1', NULL, '7', NULL, 26, 1, 130000, 130000, 0, '[19, 48]', '2025-03-13 22:14:52', '2025-03-13 22:14:52'),
	(11, 9, 11, 'Modelo 1', NULL, '8', NULL, 26, 1, 130000, 130000, 0, '[19, 48]', '2025-03-13 22:14:52', '2025-03-13 22:14:52'),
	(12, 9, 12, 'Modelo 1', NULL, '9', NULL, 26, 1, 130000, 130000, 0, '[19, 48]', '2025-03-13 22:14:52', '2025-03-13 22:14:52'),
	(13, 9, 13, 'Modelo 1', NULL, '10', NULL, 26, 1, 130000, 130000, 0, '[19, 48]', '2025-03-13 22:14:52', '2025-03-13 22:14:52'),
	(14, 9, 14, 'Modelo 1', NULL, '11', NULL, 26, 1, 130000, 130000, 0, '[19, 48]', '2025-03-13 22:14:52', '2025-03-13 22:14:52'),
	(15, 9, 15, 'Modelo 2', NULL, '12', NULL, 26, 1, 130000, 130000, 0, '[19, 48]', '2025-03-13 22:14:52', '2025-03-13 22:14:52'),
	(16, 9, 16, 'Modelo 1', NULL, '13', NULL, 26, 1, 130000, 130000, 0, '[19, 48]', '2025-03-13 22:14:52', '2025-03-13 22:14:52'),
	(17, 9, 17, 'Modelo 1', NULL, '14', NULL, 26, 1, 130000, 130000, 0, '[19, 48]', '2025-03-13 22:14:52', '2025-03-13 22:14:52'),
	(18, 9, 18, 'Modelo 1', NULL, '15', NULL, 26, 1, 130000, 130000, 0, '[19, 48]', '2025-03-13 22:14:52', '2025-03-13 22:14:52');

-- Volcando datos para la tabla abprod1.order_item_products: ~0 rows (aproximadamente)

-- Volcando datos para la tabla abprod1.order_molds: ~1 rows (aproximadamente)
INSERT INTO `order_molds` (`id`, `order_id`, `title`, `imagen`, `created_at`, `updated_at`) VALUES
	(1, 9, 'MODELO 1', 'orders/01JP8EWM6BCVTME2RFPQ680BSW.jpg', '2025-03-13 22:14:52', '2025-03-13 22:14:52'),
	(2, 9, 'Modelo 2', 'orders/01JPA3X59X3W7S93JDTXY1CKFV.jpg', '2025-03-14 13:41:24', '2025-03-14 13:41:24');

-- Volcando datos para la tabla abprod1.order_question_answers: ~9 rows (aproximadamente)
INSERT INTO `order_question_answers` (`id`, `order_id`, `question_id`, `answer`, `created_at`, `updated_at`) VALUES
	(1, 9, 1, 'Gris 15%', '2025-03-13 22:14:52', '2025-03-13 22:14:52'),
	(2, 9, 2, 'No', '2025-03-13 22:14:52', '2025-03-13 22:14:52'),
	(3, 9, 3, 'Si', '2025-03-13 22:14:52', '2025-03-13 22:14:52'),
	(4, 9, 4, '1', '2025-03-13 22:14:52', '2025-03-13 22:14:52'),
	(5, 9, 5, '0', '2025-03-13 22:14:52', '2025-03-13 22:14:52'),
	(6, 9, 6, '0', '2025-03-13 22:14:52', '2025-03-13 22:14:52'),
	(7, 9, 9, '1', '2025-03-13 22:14:52', '2025-03-13 22:14:52'),
	(8, 9, 13, 'BLANCO', '2025-03-13 22:14:52', '2025-03-13 22:14:52'),
	(9, 9, 15, '- MODELO 2: EN COLOR AMARILLO EN VEZ DE BLANCO - MODELO 3: EN COLOR AZUL FRANCIA EN VEZ DE BLANCO', '2025-03-13 22:14:52', '2025-03-13 22:14:52');

-- Volcando datos para la tabla abprod1.order_references: ~36 rows (aproximadamente)
INSERT INTO `order_references` (`id`, `order_id`, `item`, `product_id`, `size_id`, `quantity`, `price`, `discount`, `created_at`, `updated_at`) VALUES
	(114, 9, 1, 19, 28, 1, 85000, 0, '2025-03-13 22:14:52', '2025-03-13 22:14:52'),
	(115, 9, 1, 48, 28, 1, 45000, 0, '2025-03-13 22:14:52', '2025-03-13 22:14:52'),
	(116, 9, 2, 19, 28, 1, 85000, 0, '2025-03-13 22:14:52', '2025-03-13 22:14:52'),
	(117, 9, 2, 48, 28, 1, 45000, 0, '2025-03-13 22:14:52', '2025-03-13 22:14:52'),
	(118, 9, 3, 19, 28, 1, 85000, 0, '2025-03-13 22:14:52', '2025-03-13 22:14:52'),
	(119, 9, 3, 48, 28, 1, 45000, 0, '2025-03-13 22:14:52', '2025-03-13 22:14:52'),
	(120, 9, 4, 19, 24, 1, 85000, 0, '2025-03-13 22:14:52', '2025-03-13 22:14:52'),
	(121, 9, 4, 48, 24, 1, 45000, 0, '2025-03-13 22:14:52', '2025-03-13 22:14:52'),
	(122, 9, 5, 19, 24, 1, 85000, 0, '2025-03-13 22:14:52', '2025-03-13 22:14:52'),
	(123, 9, 5, 48, 24, 1, 45000, 0, '2025-03-13 22:14:52', '2025-03-13 22:14:52'),
	(124, 9, 6, 19, 24, 1, 85000, 0, '2025-03-13 22:14:52', '2025-03-13 22:14:52'),
	(125, 9, 6, 48, 24, 1, 45000, 0, '2025-03-13 22:14:52', '2025-03-13 22:14:52'),
	(126, 9, 7, 19, 24, 1, 85000, 0, '2025-03-13 22:14:52', '2025-03-13 22:14:52'),
	(127, 9, 7, 48, 24, 1, 45000, 0, '2025-03-13 22:14:52', '2025-03-13 22:14:52'),
	(128, 9, 8, 19, 24, 1, 85000, 0, '2025-03-13 22:14:52', '2025-03-13 22:14:52'),
	(129, 9, 8, 48, 24, 1, 45000, 0, '2025-03-13 22:14:52', '2025-03-13 22:14:52'),
	(130, 9, 9, 19, 24, 1, 85000, 0, '2025-03-13 22:14:52', '2025-03-13 22:14:52'),
	(131, 9, 9, 48, 24, 1, 45000, 0, '2025-03-13 22:14:52', '2025-03-13 22:14:52'),
	(132, 9, 10, 19, 26, 1, 85000, 0, '2025-03-13 22:14:52', '2025-03-13 22:14:52'),
	(133, 9, 10, 48, 26, 1, 45000, 0, '2025-03-13 22:14:52', '2025-03-13 22:14:52'),
	(134, 9, 11, 19, 26, 1, 85000, 0, '2025-03-13 22:14:52', '2025-03-13 22:14:52'),
	(135, 9, 11, 48, 26, 1, 45000, 0, '2025-03-13 22:14:52', '2025-03-13 22:14:52'),
	(136, 9, 12, 19, 26, 1, 85000, 0, '2025-03-13 22:14:52', '2025-03-13 22:14:52'),
	(137, 9, 12, 48, 26, 1, 45000, 0, '2025-03-13 22:14:52', '2025-03-13 22:14:52'),
	(138, 9, 13, 19, 26, 1, 85000, 0, '2025-03-13 22:14:52', '2025-03-13 22:14:52'),
	(139, 9, 13, 48, 26, 1, 45000, 0, '2025-03-13 22:14:52', '2025-03-13 22:14:52'),
	(140, 9, 14, 19, 26, 1, 85000, 0, '2025-03-13 22:14:52', '2025-03-13 22:14:52'),
	(141, 9, 14, 48, 26, 1, 45000, 0, '2025-03-13 22:14:52', '2025-03-13 22:14:52'),
	(142, 9, 15, 19, 26, 1, 85000, 0, '2025-03-13 22:14:52', '2025-03-13 22:14:52'),
	(143, 9, 15, 48, 26, 1, 45000, 0, '2025-03-13 22:14:52', '2025-03-13 22:14:52'),
	(144, 9, 16, 19, 26, 1, 85000, 0, '2025-03-13 22:14:52', '2025-03-13 22:14:52'),
	(145, 9, 16, 48, 26, 1, 45000, 0, '2025-03-13 22:14:52', '2025-03-13 22:14:52'),
	(146, 9, 17, 19, 26, 1, 85000, 0, '2025-03-13 22:14:52', '2025-03-13 22:14:52'),
	(147, 9, 17, 48, 26, 1, 45000, 0, '2025-03-13 22:14:52', '2025-03-13 22:14:52'),
	(148, 9, 18, 19, 26, 1, 85000, 0, '2025-03-13 22:14:52', '2025-03-13 22:14:52'),
	(149, 9, 18, 48, 26, 1, 45000, 0, '2025-03-13 22:14:52', '2025-03-13 22:14:52');

-- Volcando datos para la tabla abprod1.parts: ~5 rows (aproximadamente)
INSERT INTO `parts` (`id`, `name`, `loss_percentage`, `created_at`, `updated_at`) VALUES
	(1, 'Completo', 20, '2025-02-08 18:59:02', '2025-02-08 18:59:02'),
	(2, 'Delantero', 30, '2025-02-08 18:59:18', '2025-03-13 21:38:13'),
	(3, 'Dorso', 30, '2025-02-08 18:59:33', '2025-03-13 21:38:01'),
	(4, 'Manga larga', 25, '2025-02-08 19:00:02', '2025-02-08 19:00:02'),
	(5, 'Detalles', 15, '2025-02-08 19:00:17', '2025-02-08 19:00:17'),
	(6, 'Mangas', 20, '2025-03-11 22:14:55', '2025-03-11 22:14:55');

-- Volcando datos para la tabla abprod1.password_reset_tokens: ~0 rows (aproximadamente)

-- Volcando datos para la tabla abprod1.payments: ~0 rows (aproximadamente)

-- Volcando datos para la tabla abprod1.payment_histories: ~0 rows (aproximadamente)

-- Volcando datos para la tabla abprod1.payment_methods: ~15 rows (aproximadamente)
INSERT INTO `payment_methods` (`id`, `name`, `created_at`, `updated_at`) VALUES
	(1, 'Efectivo', '2025-03-12 20:35:01', '2025-03-12 20:35:01'),
	(2, 'Banco Familiar 27-1356424', '2025-03-13 20:00:26', '2025-03-13 20:00:43'),
	(3, 'BNF 032003213661', '2025-03-13 20:01:01', '2025-03-13 20:01:01'),
	(4, 'TIGOEL476', '2025-03-13 20:01:27', '2025-03-13 20:01:27'),
	(5, 'UENO 17147240', '2025-03-13 20:01:55', '2025-03-13 20:01:55'),
	(6, 'UENO 619582542', '2025-03-13 20:02:05', '2025-03-13 20:02:05'),
	(7, 'TIGO ELI 611', '2025-03-13 20:02:21', '2025-03-13 20:02:21'),
	(8, 'TIGO VENTAS 009', '2025-03-13 20:02:31', '2025-03-13 20:02:31'),
	(9, 'NELSON 1808197', '2025-03-13 20:03:15', '2025-03-13 20:03:15'),
	(10, 'BNF ELI 0320032290006', '2025-03-13 20:03:40', '2025-03-13 20:03:40'),
	(11, 'Banco Familiar 27-9000017', '2025-03-13 20:04:00', '2025-03-13 20:04:00'),
	(12, 'Banco Familiar 27-801880', '2025-03-13 20:04:21', '2025-03-13 20:04:21'),
	(13, 'UENO 18897605', '2025-03-13 20:04:29', '2025-03-13 20:04:29'),
	(14, 'UENO 6071948', '2025-03-13 20:04:35', '2025-03-13 20:04:35'),
	(15, 'UENO  514145168', '2025-03-13 20:04:53', '2025-03-13 20:04:53'),
	(16, 'UENO 04412247', '2025-03-13 20:05:09', '2025-03-13 20:05:09');

-- Volcando datos para la tabla abprod1.permissions: ~380 rows (aproximadamente)
INSERT INTO `permissions` (`id`, `name`, `guard_name`, `created_at`, `updated_at`) VALUES
	(1, 'view_role', 'web', '2025-02-10 20:33:29', '2025-02-10 20:33:29'),
	(2, 'view_any_role', 'web', '2025-02-10 20:33:29', '2025-02-10 20:33:29'),
	(3, 'create_role', 'web', '2025-02-10 20:33:29', '2025-02-10 20:33:29'),
	(4, 'update_role', 'web', '2025-02-10 20:33:29', '2025-02-10 20:33:29'),
	(5, 'delete_role', 'web', '2025-02-10 20:33:29', '2025-02-10 20:33:29'),
	(6, 'delete_any_role', 'web', '2025-02-10 20:33:29', '2025-02-10 20:33:29'),
	(7, 'view_category', 'web', '2025-02-10 20:56:29', '2025-02-10 20:56:29'),
	(8, 'view_any_category', 'web', '2025-02-10 20:56:29', '2025-02-10 20:56:29'),
	(9, 'create_category', 'web', '2025-02-10 20:56:29', '2025-02-10 20:56:29'),
	(10, 'update_category', 'web', '2025-02-10 20:56:29', '2025-02-10 20:56:29'),
	(11, 'restore_category', 'web', '2025-02-10 20:56:29', '2025-02-10 20:56:29'),
	(12, 'restore_any_category', 'web', '2025-02-10 20:56:29', '2025-02-10 20:56:29'),
	(13, 'replicate_category', 'web', '2025-02-10 20:56:29', '2025-02-10 20:56:29'),
	(14, 'reorder_category', 'web', '2025-02-10 20:56:29', '2025-02-10 20:56:29'),
	(15, 'delete_category', 'web', '2025-02-10 20:56:29', '2025-02-10 20:56:29'),
	(16, 'delete_any_category', 'web', '2025-02-10 20:56:29', '2025-02-10 20:56:29'),
	(17, 'force_delete_category', 'web', '2025-02-10 20:56:29', '2025-02-10 20:56:29'),
	(18, 'force_delete_any_category', 'web', '2025-02-10 20:56:29', '2025-02-10 20:56:29'),
	(19, 'view_center', 'web', '2025-02-10 20:56:29', '2025-02-10 20:56:29'),
	(20, 'view_any_center', 'web', '2025-02-10 20:56:29', '2025-02-10 20:56:29'),
	(21, 'create_center', 'web', '2025-02-10 20:56:29', '2025-02-10 20:56:29'),
	(22, 'update_center', 'web', '2025-02-10 20:56:29', '2025-02-10 20:56:29'),
	(23, 'restore_center', 'web', '2025-02-10 20:56:29', '2025-02-10 20:56:29'),
	(24, 'restore_any_center', 'web', '2025-02-10 20:56:29', '2025-02-10 20:56:29'),
	(25, 'replicate_center', 'web', '2025-02-10 20:56:29', '2025-02-10 20:56:29'),
	(26, 'reorder_center', 'web', '2025-02-10 20:56:29', '2025-02-10 20:56:29'),
	(27, 'delete_center', 'web', '2025-02-10 20:56:29', '2025-02-10 20:56:29'),
	(28, 'delete_any_center', 'web', '2025-02-10 20:56:29', '2025-02-10 20:56:29'),
	(29, 'force_delete_center', 'web', '2025-02-10 20:56:29', '2025-02-10 20:56:29'),
	(30, 'force_delete_any_center', 'web', '2025-02-10 20:56:29', '2025-02-10 20:56:29'),
	(31, 'view_customer', 'web', '2025-02-10 20:56:29', '2025-02-10 20:56:29'),
	(32, 'view_any_customer', 'web', '2025-02-10 20:56:29', '2025-02-10 20:56:29'),
	(33, 'create_customer', 'web', '2025-02-10 20:56:29', '2025-02-10 20:56:29'),
	(34, 'update_customer', 'web', '2025-02-10 20:56:29', '2025-02-10 20:56:29'),
	(35, 'restore_customer', 'web', '2025-02-10 20:56:29', '2025-02-10 20:56:29'),
	(36, 'restore_any_customer', 'web', '2025-02-10 20:56:29', '2025-02-10 20:56:29'),
	(37, 'replicate_customer', 'web', '2025-02-10 20:56:29', '2025-02-10 20:56:29'),
	(38, 'reorder_customer', 'web', '2025-02-10 20:56:29', '2025-02-10 20:56:29'),
	(39, 'delete_customer', 'web', '2025-02-10 20:56:29', '2025-02-10 20:56:29'),
	(40, 'delete_any_customer', 'web', '2025-02-10 20:56:29', '2025-02-10 20:56:29'),
	(41, 'force_delete_customer', 'web', '2025-02-10 20:56:29', '2025-02-10 20:56:29'),
	(42, 'force_delete_any_customer', 'web', '2025-02-10 20:56:29', '2025-02-10 20:56:29'),
	(43, 'view_error::order', 'web', '2025-02-10 20:56:29', '2025-02-10 20:56:29'),
	(44, 'view_any_error::order', 'web', '2025-02-10 20:56:29', '2025-02-10 20:56:29'),
	(45, 'create_error::order', 'web', '2025-02-10 20:56:29', '2025-02-10 20:56:29'),
	(46, 'update_error::order', 'web', '2025-02-10 20:56:29', '2025-02-10 20:56:29'),
	(47, 'restore_error::order', 'web', '2025-02-10 20:56:29', '2025-02-10 20:56:29'),
	(48, 'restore_any_error::order', 'web', '2025-02-10 20:56:29', '2025-02-10 20:56:29'),
	(49, 'replicate_error::order', 'web', '2025-02-10 20:56:29', '2025-02-10 20:56:29'),
	(50, 'reorder_error::order', 'web', '2025-02-10 20:56:29', '2025-02-10 20:56:29'),
	(51, 'delete_error::order', 'web', '2025-02-10 20:56:29', '2025-02-10 20:56:29'),
	(52, 'delete_any_error::order', 'web', '2025-02-10 20:56:29', '2025-02-10 20:56:29'),
	(53, 'force_delete_error::order', 'web', '2025-02-10 20:56:29', '2025-02-10 20:56:29'),
	(54, 'force_delete_any_error::order', 'web', '2025-02-10 20:56:29', '2025-02-10 20:56:29'),
	(55, 'view_line', 'web', '2025-02-10 20:56:29', '2025-02-10 20:56:29'),
	(56, 'view_any_line', 'web', '2025-02-10 20:56:29', '2025-02-10 20:56:29'),
	(57, 'create_line', 'web', '2025-02-10 20:56:29', '2025-02-10 20:56:29'),
	(58, 'update_line', 'web', '2025-02-10 20:56:29', '2025-02-10 20:56:29'),
	(59, 'restore_line', 'web', '2025-02-10 20:56:29', '2025-02-10 20:56:29'),
	(60, 'restore_any_line', 'web', '2025-02-10 20:56:29', '2025-02-10 20:56:29'),
	(61, 'replicate_line', 'web', '2025-02-10 20:56:29', '2025-02-10 20:56:29'),
	(62, 'reorder_line', 'web', '2025-02-10 20:56:29', '2025-02-10 20:56:29'),
	(63, 'delete_line', 'web', '2025-02-10 20:56:29', '2025-02-10 20:56:29'),
	(64, 'delete_any_line', 'web', '2025-02-10 20:56:29', '2025-02-10 20:56:29'),
	(65, 'force_delete_line', 'web', '2025-02-10 20:56:29', '2025-02-10 20:56:29'),
	(66, 'force_delete_any_line', 'web', '2025-02-10 20:56:29', '2025-02-10 20:56:29'),
	(67, 'view_operator', 'web', '2025-02-10 20:56:29', '2025-02-10 20:56:29'),
	(68, 'view_any_operator', 'web', '2025-02-10 20:56:29', '2025-02-10 20:56:29'),
	(69, 'create_operator', 'web', '2025-02-10 20:56:29', '2025-02-10 20:56:29'),
	(70, 'update_operator', 'web', '2025-02-10 20:56:29', '2025-02-10 20:56:29'),
	(71, 'restore_operator', 'web', '2025-02-10 20:56:29', '2025-02-10 20:56:29'),
	(72, 'restore_any_operator', 'web', '2025-02-10 20:56:29', '2025-02-10 20:56:29'),
	(73, 'replicate_operator', 'web', '2025-02-10 20:56:29', '2025-02-10 20:56:29'),
	(74, 'reorder_operator', 'web', '2025-02-10 20:56:29', '2025-02-10 20:56:29'),
	(75, 'delete_operator', 'web', '2025-02-10 20:56:29', '2025-02-10 20:56:29'),
	(76, 'delete_any_operator', 'web', '2025-02-10 20:56:29', '2025-02-10 20:56:29'),
	(77, 'force_delete_operator', 'web', '2025-02-10 20:56:29', '2025-02-10 20:56:29'),
	(78, 'force_delete_any_operator', 'web', '2025-02-10 20:56:29', '2025-02-10 20:56:29'),
	(79, 'view_order', 'web', '2025-02-10 20:56:29', '2025-02-10 20:56:29'),
	(80, 'view_any_order', 'web', '2025-02-10 20:56:29', '2025-02-10 20:56:29'),
	(81, 'create_order', 'web', '2025-02-10 20:56:29', '2025-02-10 20:56:29'),
	(82, 'update_order', 'web', '2025-02-10 20:56:29', '2025-02-10 20:56:29'),
	(83, 'restore_order', 'web', '2025-02-10 20:56:29', '2025-02-10 20:56:29'),
	(84, 'restore_any_order', 'web', '2025-02-10 20:56:29', '2025-02-10 20:56:29'),
	(85, 'replicate_order', 'web', '2025-02-10 20:56:29', '2025-02-10 20:56:29'),
	(86, 'reorder_order', 'web', '2025-02-10 20:56:29', '2025-02-10 20:56:29'),
	(87, 'delete_order', 'web', '2025-02-10 20:56:29', '2025-02-10 20:56:29'),
	(88, 'delete_any_order', 'web', '2025-02-10 20:56:29', '2025-02-10 20:56:29'),
	(89, 'force_delete_order', 'web', '2025-02-10 20:56:29', '2025-02-10 20:56:29'),
	(90, 'force_delete_any_order', 'web', '2025-02-10 20:56:29', '2025-02-10 20:56:29'),
	(91, 'view_order::item', 'web', '2025-02-10 20:56:29', '2025-02-10 20:56:29'),
	(92, 'view_any_order::item', 'web', '2025-02-10 20:56:29', '2025-02-10 20:56:29'),
	(93, 'create_order::item', 'web', '2025-02-10 20:56:29', '2025-02-10 20:56:29'),
	(94, 'update_order::item', 'web', '2025-02-10 20:56:29', '2025-02-10 20:56:29'),
	(95, 'restore_order::item', 'web', '2025-02-10 20:56:29', '2025-02-10 20:56:29'),
	(96, 'restore_any_order::item', 'web', '2025-02-10 20:56:29', '2025-02-10 20:56:29'),
	(97, 'replicate_order::item', 'web', '2025-02-10 20:56:29', '2025-02-10 20:56:29'),
	(98, 'reorder_order::item', 'web', '2025-02-10 20:56:29', '2025-02-10 20:56:29'),
	(99, 'delete_order::item', 'web', '2025-02-10 20:56:29', '2025-02-10 20:56:29'),
	(100, 'delete_any_order::item', 'web', '2025-02-10 20:56:29', '2025-02-10 20:56:29'),
	(101, 'force_delete_order::item', 'web', '2025-02-10 20:56:29', '2025-02-10 20:56:29'),
	(102, 'force_delete_any_order::item', 'web', '2025-02-10 20:56:29', '2025-02-10 20:56:29'),
	(103, 'view_order::mold', 'web', '2025-02-10 20:56:29', '2025-02-10 20:56:29'),
	(104, 'view_any_order::mold', 'web', '2025-02-10 20:56:29', '2025-02-10 20:56:29'),
	(105, 'create_order::mold', 'web', '2025-02-10 20:56:29', '2025-02-10 20:56:29'),
	(106, 'update_order::mold', 'web', '2025-02-10 20:56:29', '2025-02-10 20:56:29'),
	(107, 'restore_order::mold', 'web', '2025-02-10 20:56:29', '2025-02-10 20:56:29'),
	(108, 'restore_any_order::mold', 'web', '2025-02-10 20:56:29', '2025-02-10 20:56:29'),
	(109, 'replicate_order::mold', 'web', '2025-02-10 20:56:29', '2025-02-10 20:56:29'),
	(110, 'reorder_order::mold', 'web', '2025-02-10 20:56:29', '2025-02-10 20:56:29'),
	(111, 'delete_order::mold', 'web', '2025-02-10 20:56:29', '2025-02-10 20:56:29'),
	(112, 'delete_any_order::mold', 'web', '2025-02-10 20:56:29', '2025-02-10 20:56:29'),
	(113, 'force_delete_order::mold', 'web', '2025-02-10 20:56:30', '2025-02-10 20:56:30'),
	(114, 'force_delete_any_order::mold', 'web', '2025-02-10 20:56:30', '2025-02-10 20:56:30'),
	(115, 'view_order::question::answer', 'web', '2025-02-10 20:56:30', '2025-02-10 20:56:30'),
	(116, 'view_any_order::question::answer', 'web', '2025-02-10 20:56:30', '2025-02-10 20:56:30'),
	(117, 'create_order::question::answer', 'web', '2025-02-10 20:56:30', '2025-02-10 20:56:30'),
	(118, 'update_order::question::answer', 'web', '2025-02-10 20:56:30', '2025-02-10 20:56:30'),
	(119, 'restore_order::question::answer', 'web', '2025-02-10 20:56:30', '2025-02-10 20:56:30'),
	(120, 'restore_any_order::question::answer', 'web', '2025-02-10 20:56:30', '2025-02-10 20:56:30'),
	(121, 'replicate_order::question::answer', 'web', '2025-02-10 20:56:30', '2025-02-10 20:56:30'),
	(122, 'reorder_order::question::answer', 'web', '2025-02-10 20:56:30', '2025-02-10 20:56:30'),
	(123, 'delete_order::question::answer', 'web', '2025-02-10 20:56:30', '2025-02-10 20:56:30'),
	(124, 'delete_any_order::question::answer', 'web', '2025-02-10 20:56:30', '2025-02-10 20:56:30'),
	(125, 'force_delete_order::question::answer', 'web', '2025-02-10 20:56:30', '2025-02-10 20:56:30'),
	(126, 'force_delete_any_order::question::answer', 'web', '2025-02-10 20:56:30', '2025-02-10 20:56:30'),
	(127, 'view_order::reference', 'web', '2025-02-10 20:56:30', '2025-02-10 20:56:30'),
	(128, 'view_any_order::reference', 'web', '2025-02-10 20:56:30', '2025-02-10 20:56:30'),
	(129, 'create_order::reference', 'web', '2025-02-10 20:56:30', '2025-02-10 20:56:30'),
	(130, 'update_order::reference', 'web', '2025-02-10 20:56:30', '2025-02-10 20:56:30'),
	(131, 'restore_order::reference', 'web', '2025-02-10 20:56:30', '2025-02-10 20:56:30'),
	(132, 'restore_any_order::reference', 'web', '2025-02-10 20:56:30', '2025-02-10 20:56:30'),
	(133, 'replicate_order::reference', 'web', '2025-02-10 20:56:30', '2025-02-10 20:56:30'),
	(134, 'reorder_order::reference', 'web', '2025-02-10 20:56:30', '2025-02-10 20:56:30'),
	(135, 'delete_order::reference', 'web', '2025-02-10 20:56:30', '2025-02-10 20:56:30'),
	(136, 'delete_any_order::reference', 'web', '2025-02-10 20:56:30', '2025-02-10 20:56:30'),
	(137, 'force_delete_order::reference', 'web', '2025-02-10 20:56:30', '2025-02-10 20:56:30'),
	(138, 'force_delete_any_order::reference', 'web', '2025-02-10 20:56:30', '2025-02-10 20:56:30'),
	(139, 'view_part', 'web', '2025-02-10 20:56:30', '2025-02-10 20:56:30'),
	(140, 'view_any_part', 'web', '2025-02-10 20:56:30', '2025-02-10 20:56:30'),
	(141, 'create_part', 'web', '2025-02-10 20:56:30', '2025-02-10 20:56:30'),
	(142, 'update_part', 'web', '2025-02-10 20:56:30', '2025-02-10 20:56:30'),
	(143, 'restore_part', 'web', '2025-02-10 20:56:30', '2025-02-10 20:56:30'),
	(144, 'restore_any_part', 'web', '2025-02-10 20:56:30', '2025-02-10 20:56:30'),
	(145, 'replicate_part', 'web', '2025-02-10 20:56:30', '2025-02-10 20:56:30'),
	(146, 'reorder_part', 'web', '2025-02-10 20:56:30', '2025-02-10 20:56:30'),
	(147, 'delete_part', 'web', '2025-02-10 20:56:30', '2025-02-10 20:56:30'),
	(148, 'delete_any_part', 'web', '2025-02-10 20:56:30', '2025-02-10 20:56:30'),
	(149, 'force_delete_part', 'web', '2025-02-10 20:56:30', '2025-02-10 20:56:30'),
	(150, 'force_delete_any_part', 'web', '2025-02-10 20:56:30', '2025-02-10 20:56:30'),
	(151, 'view_price', 'web', '2025-02-10 20:56:30', '2025-02-10 20:56:30'),
	(152, 'view_any_price', 'web', '2025-02-10 20:56:30', '2025-02-10 20:56:30'),
	(153, 'create_price', 'web', '2025-02-10 20:56:30', '2025-02-10 20:56:30'),
	(154, 'update_price', 'web', '2025-02-10 20:56:30', '2025-02-10 20:56:30'),
	(155, 'restore_price', 'web', '2025-02-10 20:56:30', '2025-02-10 20:56:30'),
	(156, 'restore_any_price', 'web', '2025-02-10 20:56:30', '2025-02-10 20:56:30'),
	(157, 'replicate_price', 'web', '2025-02-10 20:56:30', '2025-02-10 20:56:30'),
	(158, 'reorder_price', 'web', '2025-02-10 20:56:30', '2025-02-10 20:56:30'),
	(159, 'delete_price', 'web', '2025-02-10 20:56:30', '2025-02-10 20:56:30'),
	(160, 'delete_any_price', 'web', '2025-02-10 20:56:30', '2025-02-10 20:56:30'),
	(161, 'force_delete_price', 'web', '2025-02-10 20:56:30', '2025-02-10 20:56:30'),
	(162, 'force_delete_any_price', 'web', '2025-02-10 20:56:30', '2025-02-10 20:56:30'),
	(163, 'view_product', 'web', '2025-02-10 20:56:30', '2025-02-10 20:56:30'),
	(164, 'view_any_product', 'web', '2025-02-10 20:56:30', '2025-02-10 20:56:30'),
	(165, 'create_product', 'web', '2025-02-10 20:56:30', '2025-02-10 20:56:30'),
	(166, 'update_product', 'web', '2025-02-10 20:56:30', '2025-02-10 20:56:30'),
	(167, 'restore_product', 'web', '2025-02-10 20:56:30', '2025-02-10 20:56:30'),
	(168, 'restore_any_product', 'web', '2025-02-10 20:56:30', '2025-02-10 20:56:30'),
	(169, 'replicate_product', 'web', '2025-02-10 20:56:30', '2025-02-10 20:56:30'),
	(170, 'reorder_product', 'web', '2025-02-10 20:56:30', '2025-02-10 20:56:30'),
	(171, 'delete_product', 'web', '2025-02-10 20:56:30', '2025-02-10 20:56:30'),
	(172, 'delete_any_product', 'web', '2025-02-10 20:56:30', '2025-02-10 20:56:30'),
	(173, 'force_delete_product', 'web', '2025-02-10 20:56:30', '2025-02-10 20:56:30'),
	(174, 'force_delete_any_product', 'web', '2025-02-10 20:56:30', '2025-02-10 20:56:30'),
	(175, 'view_product::center', 'web', '2025-02-10 20:56:30', '2025-02-10 20:56:30'),
	(176, 'view_any_product::center', 'web', '2025-02-10 20:56:30', '2025-02-10 20:56:30'),
	(177, 'create_product::center', 'web', '2025-02-10 20:56:30', '2025-02-10 20:56:30'),
	(178, 'update_product::center', 'web', '2025-02-10 20:56:30', '2025-02-10 20:56:30'),
	(179, 'restore_product::center', 'web', '2025-02-10 20:56:30', '2025-02-10 20:56:30'),
	(180, 'restore_any_product::center', 'web', '2025-02-10 20:56:30', '2025-02-10 20:56:30'),
	(181, 'replicate_product::center', 'web', '2025-02-10 20:56:30', '2025-02-10 20:56:30'),
	(182, 'reorder_product::center', 'web', '2025-02-10 20:56:30', '2025-02-10 20:56:30'),
	(183, 'delete_product::center', 'web', '2025-02-10 20:56:30', '2025-02-10 20:56:30'),
	(184, 'delete_any_product::center', 'web', '2025-02-10 20:56:30', '2025-02-10 20:56:30'),
	(185, 'force_delete_product::center', 'web', '2025-02-10 20:56:30', '2025-02-10 20:56:30'),
	(186, 'force_delete_any_product::center', 'web', '2025-02-10 20:56:30', '2025-02-10 20:56:30'),
	(187, 'view_production', 'web', '2025-02-10 20:56:30', '2025-02-10 20:56:30'),
	(188, 'view_any_production', 'web', '2025-02-10 20:56:30', '2025-02-10 20:56:30'),
	(189, 'create_production', 'web', '2025-02-10 20:56:30', '2025-02-10 20:56:30'),
	(190, 'update_production', 'web', '2025-02-10 20:56:30', '2025-02-10 20:56:30'),
	(191, 'restore_production', 'web', '2025-02-10 20:56:30', '2025-02-10 20:56:30'),
	(192, 'restore_any_production', 'web', '2025-02-10 20:56:30', '2025-02-10 20:56:30'),
	(193, 'replicate_production', 'web', '2025-02-10 20:56:30', '2025-02-10 20:56:30'),
	(194, 'reorder_production', 'web', '2025-02-10 20:56:30', '2025-02-10 20:56:30'),
	(195, 'delete_production', 'web', '2025-02-10 20:56:30', '2025-02-10 20:56:30'),
	(196, 'delete_any_production', 'web', '2025-02-10 20:56:30', '2025-02-10 20:56:30'),
	(197, 'force_delete_production', 'web', '2025-02-10 20:56:30', '2025-02-10 20:56:30'),
	(198, 'force_delete_any_production', 'web', '2025-02-10 20:56:30', '2025-02-10 20:56:30'),
	(199, 'view_productiondet', 'web', '2025-02-10 20:56:30', '2025-02-10 20:56:30'),
	(200, 'view_any_productiondet', 'web', '2025-02-10 20:56:30', '2025-02-10 20:56:30'),
	(201, 'create_productiondet', 'web', '2025-02-10 20:56:30', '2025-02-10 20:56:30'),
	(202, 'update_productiondet', 'web', '2025-02-10 20:56:30', '2025-02-10 20:56:30'),
	(203, 'restore_productiondet', 'web', '2025-02-10 20:56:30', '2025-02-10 20:56:30'),
	(204, 'restore_any_productiondet', 'web', '2025-02-10 20:56:30', '2025-02-10 20:56:30'),
	(205, 'replicate_productiondet', 'web', '2025-02-10 20:56:30', '2025-02-10 20:56:30'),
	(206, 'reorder_productiondet', 'web', '2025-02-10 20:56:30', '2025-02-10 20:56:30'),
	(207, 'delete_productiondet', 'web', '2025-02-10 20:56:30', '2025-02-10 20:56:30'),
	(208, 'delete_any_productiondet', 'web', '2025-02-10 20:56:30', '2025-02-10 20:56:30'),
	(209, 'force_delete_productiondet', 'web', '2025-02-10 20:56:30', '2025-02-10 20:56:30'),
	(210, 'force_delete_any_productiondet', 'web', '2025-02-10 20:56:30', '2025-02-10 20:56:30'),
	(211, 'view_question', 'web', '2025-02-10 20:56:30', '2025-02-10 20:56:30'),
	(212, 'view_any_question', 'web', '2025-02-10 20:56:30', '2025-02-10 20:56:30'),
	(213, 'create_question', 'web', '2025-02-10 20:56:30', '2025-02-10 20:56:30'),
	(214, 'update_question', 'web', '2025-02-10 20:56:30', '2025-02-10 20:56:30'),
	(215, 'restore_question', 'web', '2025-02-10 20:56:30', '2025-02-10 20:56:30'),
	(216, 'restore_any_question', 'web', '2025-02-10 20:56:30', '2025-02-10 20:56:30'),
	(217, 'replicate_question', 'web', '2025-02-10 20:56:30', '2025-02-10 20:56:30'),
	(218, 'reorder_question', 'web', '2025-02-10 20:56:30', '2025-02-10 20:56:30'),
	(219, 'delete_question', 'web', '2025-02-10 20:56:30', '2025-02-10 20:56:30'),
	(220, 'delete_any_question', 'web', '2025-02-10 20:56:30', '2025-02-10 20:56:30'),
	(221, 'force_delete_question', 'web', '2025-02-10 20:56:30', '2025-02-10 20:56:30'),
	(222, 'force_delete_any_question', 'web', '2025-02-10 20:56:30', '2025-02-10 20:56:30'),
	(223, 'view_question::category', 'web', '2025-02-10 20:56:30', '2025-02-10 20:56:30'),
	(224, 'view_any_question::category', 'web', '2025-02-10 20:56:30', '2025-02-10 20:56:30'),
	(225, 'create_question::category', 'web', '2025-02-10 20:56:30', '2025-02-10 20:56:30'),
	(226, 'update_question::category', 'web', '2025-02-10 20:56:30', '2025-02-10 20:56:30'),
	(227, 'restore_question::category', 'web', '2025-02-10 20:56:30', '2025-02-10 20:56:30'),
	(228, 'restore_any_question::category', 'web', '2025-02-10 20:56:30', '2025-02-10 20:56:30'),
	(229, 'replicate_question::category', 'web', '2025-02-10 20:56:30', '2025-02-10 20:56:30'),
	(230, 'reorder_question::category', 'web', '2025-02-10 20:56:30', '2025-02-10 20:56:30'),
	(231, 'delete_question::category', 'web', '2025-02-10 20:56:30', '2025-02-10 20:56:30'),
	(232, 'delete_any_question::category', 'web', '2025-02-10 20:56:30', '2025-02-10 20:56:30'),
	(233, 'force_delete_question::category', 'web', '2025-02-10 20:56:30', '2025-02-10 20:56:30'),
	(234, 'force_delete_any_question::category', 'web', '2025-02-10 20:56:30', '2025-02-10 20:56:30'),
	(235, 'view_reorder', 'web', '2025-02-10 20:56:30', '2025-02-10 20:56:30'),
	(236, 'view_any_reorder', 'web', '2025-02-10 20:56:30', '2025-02-10 20:56:30'),
	(237, 'create_reorder', 'web', '2025-02-10 20:56:30', '2025-02-10 20:56:30'),
	(238, 'update_reorder', 'web', '2025-02-10 20:56:30', '2025-02-10 20:56:30'),
	(239, 'restore_reorder', 'web', '2025-02-10 20:56:30', '2025-02-10 20:56:30'),
	(240, 'restore_any_reorder', 'web', '2025-02-10 20:56:30', '2025-02-10 20:56:30'),
	(241, 'replicate_reorder', 'web', '2025-02-10 20:56:30', '2025-02-10 20:56:30'),
	(242, 'reorder_reorder', 'web', '2025-02-10 20:56:30', '2025-02-10 20:56:30'),
	(243, 'delete_reorder', 'web', '2025-02-10 20:56:30', '2025-02-10 20:56:30'),
	(244, 'delete_any_reorder', 'web', '2025-02-10 20:56:30', '2025-02-10 20:56:30'),
	(245, 'force_delete_reorder', 'web', '2025-02-10 20:56:30', '2025-02-10 20:56:30'),
	(246, 'force_delete_any_reorder', 'web', '2025-02-10 20:56:30', '2025-02-10 20:56:30'),
	(247, 'view_size', 'web', '2025-02-10 20:56:30', '2025-02-10 20:56:30'),
	(248, 'view_any_size', 'web', '2025-02-10 20:56:30', '2025-02-10 20:56:30'),
	(249, 'create_size', 'web', '2025-02-10 20:56:30', '2025-02-10 20:56:30'),
	(250, 'update_size', 'web', '2025-02-10 20:56:30', '2025-02-10 20:56:30'),
	(251, 'delete_size', 'web', '2025-02-10 20:56:30', '2025-02-10 20:56:30'),
	(252, 'delete_any_size', 'web', '2025-02-10 20:56:30', '2025-02-10 20:56:30'),
	(253, 'view_user', 'web', '2025-02-10 20:56:30', '2025-02-10 20:56:30'),
	(254, 'view_any_user', 'web', '2025-02-10 20:56:30', '2025-02-10 20:56:30'),
	(255, 'create_user', 'web', '2025-02-10 20:56:30', '2025-02-10 20:56:30'),
	(256, 'update_user', 'web', '2025-02-10 20:56:30', '2025-02-10 20:56:30'),
	(257, 'restore_user', 'web', '2025-02-10 20:56:30', '2025-02-10 20:56:30'),
	(258, 'restore_any_user', 'web', '2025-02-10 20:56:30', '2025-02-10 20:56:30'),
	(259, 'replicate_user', 'web', '2025-02-10 20:56:30', '2025-02-10 20:56:30'),
	(260, 'reorder_user', 'web', '2025-02-10 20:56:30', '2025-02-10 20:56:30'),
	(261, 'delete_user', 'web', '2025-02-10 20:56:30', '2025-02-10 20:56:30'),
	(262, 'delete_any_user', 'web', '2025-02-10 20:56:30', '2025-02-10 20:56:30'),
	(263, 'force_delete_user', 'web', '2025-02-10 20:56:30', '2025-02-10 20:56:30'),
	(264, 'force_delete_any_user', 'web', '2025-02-10 20:56:30', '2025-02-10 20:56:30'),
	(265, 'page_CronogramaPage', 'web', '2025-02-10 20:56:30', '2025-02-10 20:56:30'),
	(266, 'page_OrderReferenceSummaryPage', 'web', '2025-02-10 20:56:30', '2025-02-10 20:56:30'),
	(267, 'widget_ProductionCount', 'web', '2025-02-10 20:56:30', '2025-02-10 20:56:30'),
	(268, 'view_sales::goal', 'web', '2025-02-11 01:29:03', '2025-02-11 01:29:03'),
	(269, 'view_any_sales::goal', 'web', '2025-02-11 01:29:03', '2025-02-11 01:29:03'),
	(270, 'create_sales::goal', 'web', '2025-02-11 01:29:03', '2025-02-11 01:29:03'),
	(271, 'update_sales::goal', 'web', '2025-02-11 01:29:03', '2025-02-11 01:29:03'),
	(272, 'restore_sales::goal', 'web', '2025-02-11 01:29:03', '2025-02-11 01:29:03'),
	(273, 'restore_any_sales::goal', 'web', '2025-02-11 01:29:03', '2025-02-11 01:29:03'),
	(274, 'replicate_sales::goal', 'web', '2025-02-11 01:29:03', '2025-02-11 01:29:03'),
	(275, 'reorder_sales::goal', 'web', '2025-02-11 01:29:03', '2025-02-11 01:29:03'),
	(276, 'delete_sales::goal', 'web', '2025-02-11 01:29:03', '2025-02-11 01:29:03'),
	(277, 'delete_any_sales::goal', 'web', '2025-02-11 01:29:03', '2025-02-11 01:29:03'),
	(278, 'force_delete_sales::goal', 'web', '2025-02-11 01:29:03', '2025-02-11 01:29:03'),
	(279, 'force_delete_any_sales::goal', 'web', '2025-02-11 01:29:03', '2025-02-11 01:29:03'),
	(280, 'restore_size', 'web', '2025-02-11 01:29:03', '2025-02-11 01:29:03'),
	(281, 'restore_any_size', 'web', '2025-02-11 01:29:03', '2025-02-11 01:29:03'),
	(282, 'replicate_size', 'web', '2025-02-11 01:29:03', '2025-02-11 01:29:03'),
	(283, 'reorder_size', 'web', '2025-02-11 01:29:03', '2025-02-11 01:29:03'),
	(284, 'force_delete_size', 'web', '2025-02-11 01:29:03', '2025-02-11 01:29:03'),
	(285, 'force_delete_any_size', 'web', '2025-02-11 01:29:03', '2025-02-11 01:29:03'),
	(286, 'view_team', 'web', '2025-02-11 01:29:03', '2025-02-11 01:29:03'),
	(287, 'view_any_team', 'web', '2025-02-11 01:29:03', '2025-02-11 01:29:03'),
	(288, 'create_team', 'web', '2025-02-11 01:29:03', '2025-02-11 01:29:03'),
	(289, 'update_team', 'web', '2025-02-11 01:29:03', '2025-02-11 01:29:03'),
	(290, 'restore_team', 'web', '2025-02-11 01:29:03', '2025-02-11 01:29:03'),
	(291, 'restore_any_team', 'web', '2025-02-11 01:29:03', '2025-02-11 01:29:03'),
	(292, 'replicate_team', 'web', '2025-02-11 01:29:03', '2025-02-11 01:29:03'),
	(293, 'reorder_team', 'web', '2025-02-11 01:29:03', '2025-02-11 01:29:03'),
	(294, 'delete_team', 'web', '2025-02-11 01:29:03', '2025-02-11 01:29:03'),
	(295, 'delete_any_team', 'web', '2025-02-11 01:29:03', '2025-02-11 01:29:03'),
	(296, 'force_delete_team', 'web', '2025-02-11 01:29:03', '2025-02-11 01:29:03'),
	(297, 'force_delete_any_team', 'web', '2025-02-11 01:29:03', '2025-02-11 01:29:03'),
	(298, 'view_team::member', 'web', '2025-02-11 01:29:03', '2025-02-11 01:29:03'),
	(299, 'view_any_team::member', 'web', '2025-02-11 01:29:03', '2025-02-11 01:29:03'),
	(300, 'create_team::member', 'web', '2025-02-11 01:29:03', '2025-02-11 01:29:03'),
	(301, 'update_team::member', 'web', '2025-02-11 01:29:03', '2025-02-11 01:29:03'),
	(302, 'restore_team::member', 'web', '2025-02-11 01:29:03', '2025-02-11 01:29:03'),
	(303, 'restore_any_team::member', 'web', '2025-02-11 01:29:03', '2025-02-11 01:29:03'),
	(304, 'replicate_team::member', 'web', '2025-02-11 01:29:03', '2025-02-11 01:29:03'),
	(305, 'reorder_team::member', 'web', '2025-02-11 01:29:03', '2025-02-11 01:29:03'),
	(306, 'delete_team::member', 'web', '2025-02-11 01:29:03', '2025-02-11 01:29:03'),
	(307, 'delete_any_team::member', 'web', '2025-02-11 01:29:03', '2025-02-11 01:29:03'),
	(308, 'force_delete_team::member', 'web', '2025-02-11 01:29:03', '2025-02-11 01:29:03'),
	(309, 'force_delete_any_team::member', 'web', '2025-02-11 01:29:03', '2025-02-11 01:29:03'),
	(310, 'page_orderDashboard', 'web', '2025-02-11 01:29:03', '2025-02-11 01:29:03'),
	(311, 'widget_SalesGoals', 'web', '2025-02-11 01:29:03', '2025-02-11 01:29:03'),
	(312, 'widget_SalesGoalsBySellerChart', 'web', '2025-02-11 01:29:03', '2025-02-11 01:29:03'),
	(313, 'view_class::center', 'web', '2025-02-13 23:03:52', '2025-02-13 23:03:52'),
	(314, 'view_any_class::center', 'web', '2025-02-13 23:03:52', '2025-02-13 23:03:52'),
	(315, 'create_class::center', 'web', '2025-02-13 23:03:52', '2025-02-13 23:03:52'),
	(316, 'update_class::center', 'web', '2025-02-13 23:03:52', '2025-02-13 23:03:52'),
	(317, 'restore_class::center', 'web', '2025-02-13 23:03:52', '2025-02-13 23:03:52'),
	(318, 'restore_any_class::center', 'web', '2025-02-13 23:03:52', '2025-02-13 23:03:52'),
	(319, 'replicate_class::center', 'web', '2025-02-13 23:03:52', '2025-02-13 23:03:52'),
	(320, 'reorder_class::center', 'web', '2025-02-13 23:03:52', '2025-02-13 23:03:52'),
	(321, 'delete_class::center', 'web', '2025-02-13 23:03:52', '2025-02-13 23:03:52'),
	(322, 'delete_any_class::center', 'web', '2025-02-13 23:03:52', '2025-02-13 23:03:52'),
	(323, 'force_delete_class::center', 'web', '2025-02-13 23:03:52', '2025-02-13 23:03:52'),
	(324, 'force_delete_any_class::center', 'web', '2025-02-13 23:03:52', '2025-02-13 23:03:52'),
	(325, 'view_planning', 'web', '2025-02-13 23:03:52', '2025-02-13 23:03:52'),
	(326, 'view_any_planning', 'web', '2025-02-13 23:03:52', '2025-02-13 23:03:52'),
	(327, 'create_planning', 'web', '2025-02-13 23:03:52', '2025-02-13 23:03:52'),
	(328, 'update_planning', 'web', '2025-02-13 23:03:52', '2025-02-13 23:03:52'),
	(329, 'restore_planning', 'web', '2025-02-13 23:03:52', '2025-02-13 23:03:52'),
	(330, 'restore_any_planning', 'web', '2025-02-13 23:03:52', '2025-02-13 23:03:52'),
	(331, 'replicate_planning', 'web', '2025-02-13 23:03:52', '2025-02-13 23:03:52'),
	(332, 'reorder_planning', 'web', '2025-02-13 23:03:52', '2025-02-13 23:03:52'),
	(333, 'delete_planning', 'web', '2025-02-13 23:03:52', '2025-02-13 23:03:52'),
	(334, 'delete_any_planning', 'web', '2025-02-13 23:03:52', '2025-02-13 23:03:52'),
	(335, 'force_delete_planning', 'web', '2025-02-13 23:03:52', '2025-02-13 23:03:52'),
	(336, 'force_delete_any_planning', 'web', '2025-02-13 23:03:52', '2025-02-13 23:03:52'),
	(337, 'page_CronogramaCenterPage', 'web', '2025-02-13 23:03:53', '2025-02-13 23:03:53'),
	(338, 'status_production_order', 'web', '2025-02-27 13:48:45', '2025-02-27 13:48:45'),
	(339, 'planning_order', 'web', '2025-02-27 13:48:45', '2025-02-27 13:48:45'),
	(340, 'seller_order', 'web', '2025-02-27 13:48:45', '2025-02-27 13:48:45'),
	(341, 'ver_todos_order', 'web', '2025-02-27 13:48:45', '2025-02-27 13:48:45'),
	(342, 'view_material', 'web', '2025-03-08 17:09:27', '2025-03-08 17:09:27'),
	(343, 'view_any_material', 'web', '2025-03-08 17:09:27', '2025-03-08 17:09:27'),
	(344, 'create_material', 'web', '2025-03-08 17:09:27', '2025-03-08 17:09:27'),
	(345, 'update_material', 'web', '2025-03-08 17:09:27', '2025-03-08 17:09:27'),
	(346, 'restore_material', 'web', '2025-03-08 17:09:27', '2025-03-08 17:09:27'),
	(347, 'restore_any_material', 'web', '2025-03-08 17:09:27', '2025-03-08 17:09:27'),
	(348, 'replicate_material', 'web', '2025-03-08 17:09:27', '2025-03-08 17:09:27'),
	(349, 'reorder_material', 'web', '2025-03-08 17:09:27', '2025-03-08 17:09:27'),
	(350, 'delete_material', 'web', '2025-03-08 17:09:27', '2025-03-08 17:09:27'),
	(351, 'delete_any_material', 'web', '2025-03-08 17:09:27', '2025-03-08 17:09:27'),
	(352, 'force_delete_material', 'web', '2025-03-08 17:09:27', '2025-03-08 17:09:27'),
	(353, 'force_delete_any_material', 'web', '2025-03-08 17:09:27', '2025-03-08 17:09:27'),
	(354, 'view_material::list', 'web', '2025-03-08 17:09:27', '2025-03-08 17:09:27'),
	(355, 'view_any_material::list', 'web', '2025-03-08 17:09:27', '2025-03-08 17:09:27'),
	(356, 'create_material::list', 'web', '2025-03-08 17:09:27', '2025-03-08 17:09:27'),
	(357, 'update_material::list', 'web', '2025-03-08 17:09:27', '2025-03-08 17:09:27'),
	(358, 'restore_material::list', 'web', '2025-03-08 17:09:27', '2025-03-08 17:09:27'),
	(359, 'restore_any_material::list', 'web', '2025-03-08 17:09:27', '2025-03-08 17:09:27'),
	(360, 'replicate_material::list', 'web', '2025-03-08 17:09:27', '2025-03-08 17:09:27'),
	(361, 'reorder_material::list', 'web', '2025-03-08 17:09:27', '2025-03-08 17:09:27'),
	(362, 'delete_material::list', 'web', '2025-03-08 17:09:27', '2025-03-08 17:09:27'),
	(363, 'delete_any_material::list', 'web', '2025-03-08 17:09:27', '2025-03-08 17:09:27'),
	(364, 'force_delete_material::list', 'web', '2025-03-08 17:09:27', '2025-03-08 17:09:27'),
	(365, 'force_delete_any_material::list', 'web', '2025-03-08 17:09:27', '2025-03-08 17:09:27'),
	(366, 'view_payment', 'web', '2025-03-08 17:09:27', '2025-03-08 17:09:27'),
	(367, 'view_any_payment', 'web', '2025-03-08 17:09:27', '2025-03-08 17:09:27'),
	(368, 'create_payment', 'web', '2025-03-08 17:09:27', '2025-03-08 17:09:27'),
	(369, 'update_payment', 'web', '2025-03-08 17:09:27', '2025-03-08 17:09:27'),
	(370, 'restore_payment', 'web', '2025-03-08 17:09:27', '2025-03-08 17:09:27'),
	(371, 'restore_any_payment', 'web', '2025-03-08 17:09:27', '2025-03-08 17:09:27'),
	(372, 'replicate_payment', 'web', '2025-03-08 17:09:27', '2025-03-08 17:09:27'),
	(373, 'reorder_payment', 'web', '2025-03-08 17:09:27', '2025-03-08 17:09:27'),
	(374, 'delete_payment', 'web', '2025-03-08 17:09:27', '2025-03-08 17:09:27'),
	(375, 'delete_any_payment', 'web', '2025-03-08 17:09:27', '2025-03-08 17:09:27'),
	(376, 'force_delete_payment', 'web', '2025-03-08 17:09:27', '2025-03-08 17:09:27'),
	(377, 'force_delete_any_payment', 'web', '2025-03-08 17:09:27', '2025-03-08 17:09:27'),
	(378, 'view_prod::discount', 'web', '2025-03-08 17:09:27', '2025-03-08 17:09:27'),
	(379, 'view_any_prod::discount', 'web', '2025-03-08 17:09:27', '2025-03-08 17:09:27'),
	(380, 'create_prod::discount', 'web', '2025-03-08 17:09:27', '2025-03-08 17:09:27'),
	(381, 'update_prod::discount', 'web', '2025-03-08 17:09:27', '2025-03-08 17:09:27'),
	(382, 'restore_prod::discount', 'web', '2025-03-08 17:09:27', '2025-03-08 17:09:27'),
	(383, 'restore_any_prod::discount', 'web', '2025-03-08 17:09:27', '2025-03-08 17:09:27'),
	(384, 'replicate_prod::discount', 'web', '2025-03-08 17:09:27', '2025-03-08 17:09:27'),
	(385, 'reorder_prod::discount', 'web', '2025-03-08 17:09:27', '2025-03-08 17:09:27'),
	(386, 'delete_prod::discount', 'web', '2025-03-08 17:09:27', '2025-03-08 17:09:27'),
	(387, 'delete_any_prod::discount', 'web', '2025-03-08 17:09:27', '2025-03-08 17:09:27'),
	(388, 'force_delete_prod::discount', 'web', '2025-03-08 17:09:27', '2025-03-08 17:09:27'),
	(389, 'force_delete_any_prod::discount', 'web', '2025-03-08 17:09:27', '2025-03-08 17:09:27'),
	(390, 'view_roll', 'web', '2025-03-08 17:09:27', '2025-03-08 17:09:27'),
	(391, 'view_any_roll', 'web', '2025-03-08 17:09:27', '2025-03-08 17:09:27'),
	(392, 'create_roll', 'web', '2025-03-08 17:09:27', '2025-03-08 17:09:27'),
	(393, 'update_roll', 'web', '2025-03-08 17:09:27', '2025-03-08 17:09:27'),
	(394, 'restore_roll', 'web', '2025-03-08 17:09:27', '2025-03-08 17:09:27'),
	(395, 'restore_any_roll', 'web', '2025-03-08 17:09:27', '2025-03-08 17:09:27'),
	(396, 'replicate_roll', 'web', '2025-03-08 17:09:27', '2025-03-08 17:09:27'),
	(397, 'reorder_roll', 'web', '2025-03-08 17:09:27', '2025-03-08 17:09:27'),
	(398, 'delete_roll', 'web', '2025-03-08 17:09:27', '2025-03-08 17:09:27'),
	(399, 'delete_any_roll', 'web', '2025-03-08 17:09:27', '2025-03-08 17:09:27'),
	(400, 'force_delete_roll', 'web', '2025-03-08 17:09:27', '2025-03-08 17:09:27'),
	(401, 'force_delete_any_roll', 'web', '2025-03-08 17:09:27', '2025-03-08 17:09:27'),
	(402, 'view_size::group', 'web', '2025-03-08 17:09:27', '2025-03-08 17:09:27'),
	(403, 'view_any_size::group', 'web', '2025-03-08 17:09:27', '2025-03-08 17:09:27'),
	(404, 'create_size::group', 'web', '2025-03-08 17:09:27', '2025-03-08 17:09:27'),
	(405, 'update_size::group', 'web', '2025-03-08 17:09:27', '2025-03-08 17:09:27'),
	(406, 'restore_size::group', 'web', '2025-03-08 17:09:27', '2025-03-08 17:09:27'),
	(407, 'restore_any_size::group', 'web', '2025-03-08 17:09:27', '2025-03-08 17:09:27'),
	(408, 'replicate_size::group', 'web', '2025-03-08 17:09:27', '2025-03-08 17:09:27'),
	(409, 'reorder_size::group', 'web', '2025-03-08 17:09:27', '2025-03-08 17:09:27'),
	(410, 'delete_size::group', 'web', '2025-03-08 17:09:27', '2025-03-08 17:09:27'),
	(411, 'delete_any_size::group', 'web', '2025-03-08 17:09:27', '2025-03-08 17:09:27'),
	(412, 'force_delete_size::group', 'web', '2025-03-08 17:09:27', '2025-03-08 17:09:27'),
	(413, 'force_delete_any_size::group', 'web', '2025-03-08 17:09:27', '2025-03-08 17:09:27'),
	(414, 'view_roll::prodt', 'web', '2025-03-10 20:30:04', '2025-03-10 20:30:04'),
	(415, 'view_any_roll::prodt', 'web', '2025-03-11 16:56:02', '2025-03-11 16:56:02'),
	(416, 'create_roll::prodt', 'web', '2025-03-11 16:56:02', '2025-03-11 16:56:02'),
	(417, 'update_roll::prodt', 'web', '2025-03-11 16:56:02', '2025-03-11 16:56:02'),
	(418, 'restore_roll::prodt', 'web', '2025-03-11 16:56:02', '2025-03-11 16:56:02'),
	(419, 'restore_any_roll::prodt', 'web', '2025-03-11 16:56:02', '2025-03-11 16:56:02'),
	(420, 'replicate_roll::prodt', 'web', '2025-03-11 16:56:02', '2025-03-11 16:56:02'),
	(421, 'reorder_roll::prodt', 'web', '2025-03-11 16:56:02', '2025-03-11 16:56:02'),
	(422, 'delete_roll::prodt', 'web', '2025-03-11 16:56:02', '2025-03-11 16:56:02'),
	(423, 'delete_any_roll::prodt', 'web', '2025-03-11 16:56:02', '2025-03-11 16:56:02'),
	(424, 'force_delete_roll::prodt', 'web', '2025-03-11 16:56:02', '2025-03-11 16:56:02'),
	(425, 'force_delete_any_roll::prodt', 'web', '2025-03-11 16:56:02', '2025-03-11 16:56:02'),
	(426, 'view_payment::history', 'web', '2025-03-13 19:53:38', '2025-03-13 19:53:38'),
	(427, 'view_any_payment::history', 'web', '2025-03-13 19:53:38', '2025-03-13 19:53:38'),
	(428, 'create_payment::history', 'web', '2025-03-13 19:53:38', '2025-03-13 19:53:38'),
	(429, 'update_payment::history', 'web', '2025-03-13 19:53:38', '2025-03-13 19:53:38'),
	(430, 'restore_payment::history', 'web', '2025-03-13 19:53:38', '2025-03-13 19:53:38'),
	(431, 'restore_any_payment::history', 'web', '2025-03-13 19:53:38', '2025-03-13 19:53:38'),
	(432, 'replicate_payment::history', 'web', '2025-03-13 19:53:38', '2025-03-13 19:53:38'),
	(433, 'reorder_payment::history', 'web', '2025-03-13 19:53:38', '2025-03-13 19:53:38'),
	(434, 'delete_payment::history', 'web', '2025-03-13 19:53:38', '2025-03-13 19:53:38'),
	(435, 'delete_any_payment::history', 'web', '2025-03-13 19:53:38', '2025-03-13 19:53:38'),
	(436, 'force_delete_payment::history', 'web', '2025-03-13 19:53:38', '2025-03-13 19:53:38'),
	(437, 'force_delete_any_payment::history', 'web', '2025-03-13 19:53:38', '2025-03-13 19:53:38'),
	(438, 'view_payment::method', 'web', '2025-03-13 19:53:38', '2025-03-13 19:53:38'),
	(439, 'view_any_payment::method', 'web', '2025-03-13 19:53:38', '2025-03-13 19:53:38'),
	(440, 'create_payment::method', 'web', '2025-03-13 19:53:38', '2025-03-13 19:53:38'),
	(441, 'update_payment::method', 'web', '2025-03-13 19:53:38', '2025-03-13 19:53:38'),
	(442, 'restore_payment::method', 'web', '2025-03-13 19:53:38', '2025-03-13 19:53:38'),
	(443, 'restore_any_payment::method', 'web', '2025-03-13 19:53:38', '2025-03-13 19:53:38'),
	(444, 'replicate_payment::method', 'web', '2025-03-13 19:53:38', '2025-03-13 19:53:38'),
	(445, 'reorder_payment::method', 'web', '2025-03-13 19:53:38', '2025-03-13 19:53:38'),
	(446, 'delete_payment::method', 'web', '2025-03-13 19:53:38', '2025-03-13 19:53:38'),
	(447, 'delete_any_payment::method', 'web', '2025-03-13 19:53:38', '2025-03-13 19:53:38'),
	(448, 'force_delete_payment::method', 'web', '2025-03-13 19:53:38', '2025-03-13 19:53:38'),
	(449, 'force_delete_any_payment::method', 'web', '2025-03-13 19:53:38', '2025-03-13 19:53:38'),
	(450, 'status_production_production', 'web', '2025-03-13 21:51:31', '2025-03-13 21:51:31'),
	(451, 'center_all_production', 'web', '2025-03-13 21:51:31', '2025-03-13 21:51:31'),
	(452, 'ver_todos_production', 'web', '2025-03-13 21:51:31', '2025-03-13 21:51:31');

-- Volcando datos para la tabla abprod1.personal_access_tokens: ~0 rows (aproximadamente)

-- Volcando datos para la tabla abprod1.plannings: ~64 rows (aproximadamente)

-- Volcando datos para la tabla abprod1.prices: ~124 rows (aproximadamente)
INSERT INTO `prices` (`id`, `product_id`, `size_id`, `price`, `created_at`, `updated_at`) VALUES
	(1, 1, 1, 110000, '2025-02-26 15:17:22', '2025-02-26 15:17:22'),
	(2, 2, 1, 110000, '2025-02-26 15:17:22', '2025-02-26 15:17:22'),
	(3, 3, 1, 110000, '2025-02-26 15:17:22', '2025-02-26 15:17:22'),
	(4, 4, 1, 110000, '2025-02-26 15:17:22', '2025-02-26 15:17:22'),
	(5, 5, 1, 110000, '2025-02-26 15:17:22', '2025-02-26 15:17:22'),
	(6, 6, 1, 110000, '2025-02-26 15:17:22', '2025-02-26 15:17:22'),
	(7, 7, 1, 110000, '2025-02-26 15:17:22', '2025-02-26 15:17:22'),
	(8, 8, 1, 110000, '2025-02-26 15:17:22', '2025-02-26 15:17:22'),
	(9, 9, 1, 110000, '2025-02-26 15:17:22', '2025-02-26 15:17:22'),
	(10, 10, 1, 95000, '2025-02-26 15:17:22', '2025-02-26 15:17:22'),
	(11, 11, 1, 95000, '2025-02-26 15:17:22', '2025-02-26 15:17:22'),
	(12, 12, 1, 95000, '2025-02-26 15:17:22', '2025-02-26 15:17:22'),
	(13, 13, 1, 95000, '2025-02-26 15:17:22', '2025-02-26 15:17:22'),
	(14, 14, 1, 95000, '2025-02-26 15:17:22', '2025-02-26 15:17:22'),
	(15, 15, 1, 95000, '2025-02-26 15:17:22', '2025-02-26 15:17:22'),
	(16, 16, 1, 85000, '2025-02-26 15:17:22', '2025-02-26 15:17:22'),
	(17, 17, 1, 85000, '2025-02-26 15:17:22', '2025-02-26 15:17:22'),
	(18, 18, 1, 85000, '2025-02-26 15:17:22', '2025-02-26 15:17:22'),
	(19, 19, 1, 85000, '2025-02-26 15:17:22', '2025-02-26 15:17:22'),
	(20, 20, 1, 85000, '2025-02-26 15:17:22', '2025-02-26 15:17:22'),
	(21, 21, 1, 85000, '2025-02-26 15:17:22', '2025-02-26 15:17:22'),
	(22, 22, 1, 85000, '2025-02-26 15:17:22', '2025-02-26 15:17:22'),
	(23, 23, 1, 85000, '2025-02-26 15:17:22', '2025-02-26 15:17:22'),
	(24, 24, 1, 85000, '2025-02-26 15:17:22', '2025-02-26 15:17:22'),
	(25, 25, 1, 90000, '2025-02-26 15:17:22', '2025-02-26 15:17:22'),
	(26, 26, 1, 75000, '2025-02-26 15:17:22', '2025-02-26 15:17:22'),
	(27, 27, 1, 75000, '2025-02-26 15:17:22', '2025-02-26 15:17:22'),
	(28, 28, 1, 75000, '2025-02-26 15:17:22', '2025-02-26 15:17:22'),
	(29, 29, 1, 75000, '2025-02-26 15:17:22', '2025-02-26 15:17:22'),
	(30, 30, 1, 70000, '2025-02-26 15:17:22', '2025-02-26 15:17:22'),
	(31, 31, 1, 70000, '2025-02-26 15:17:22', '2025-02-26 15:17:22'),
	(32, 32, 1, 70000, '2025-02-26 15:17:22', '2025-02-26 15:17:22'),
	(33, 33, 1, 70000, '2025-02-26 15:17:22', '2025-02-26 15:17:22'),
	(34, 34, 1, 95000, '2025-02-26 15:17:22', '2025-02-26 15:17:22'),
	(35, 35, 1, 95000, '2025-02-26 15:17:22', '2025-02-26 15:17:22'),
	(36, 36, 1, 100000, '2025-02-26 15:17:22', '2025-02-26 15:17:22'),
	(37, 37, 1, 75000, '2025-02-26 15:17:22', '2025-02-26 15:17:22'),
	(38, 38, 1, 95000, '2025-02-26 15:17:22', '2025-02-26 15:17:22'),
	(39, 39, 1, 95000, '2025-02-26 15:17:22', '2025-02-26 15:17:22'),
	(40, 40, 1, 80000, '2025-02-26 15:17:22', '2025-03-10 19:19:04'),
	(41, 41, 1, 0, '2025-02-26 15:17:22', '2025-02-26 15:17:22'),
	(42, 42, 1, 50000, '2025-02-26 15:17:22', '2025-02-26 15:17:22'),
	(43, 43, 1, 50000, '2025-02-26 15:17:22', '2025-02-26 15:17:22'),
	(44, 44, 1, 45000, '2025-02-26 15:17:22', '2025-02-26 15:17:22'),
	(45, 45, 1, 45000, '2025-02-26 15:17:22', '2025-02-26 15:17:22'),
	(46, 46, 1, 45000, '2025-02-26 15:17:22', '2025-02-26 15:17:22'),
	(47, 47, 1, 40000, '2025-02-26 15:17:22', '2025-02-26 15:17:22'),
	(48, 48, 1, 40000, '2025-02-26 15:17:22', '2025-02-26 15:17:22'),
	(49, 49, 1, 40000, '2025-02-26 15:17:22', '2025-02-26 15:17:22'),
	(50, 50, 1, 40000, '2025-02-26 15:17:22', '2025-02-26 15:17:22'),
	(51, 51, 1, 40000, '2025-02-26 15:17:22', '2025-02-26 15:17:22'),
	(52, 52, 1, 40000, '2025-02-26 15:17:22', '2025-02-26 15:17:22'),
	(53, 53, 1, 35000, '2025-02-26 15:17:22', '2025-02-26 15:17:22'),
	(54, 54, 1, 20000, '2025-02-26 15:17:22', '2025-02-26 15:17:22'),
	(55, 55, 1, 30000, '2025-02-26 15:17:22', '2025-02-26 15:17:22'),
	(56, 56, 1, 25000, '2025-02-26 15:17:22', '2025-02-26 15:17:22'),
	(57, 57, 1, 95000, '2025-02-26 15:17:22', '2025-02-26 15:17:22'),
	(58, 58, 1, 95000, '2025-02-26 15:17:22', '2025-02-26 15:17:22'),
	(59, 59, 1, 95000, '2025-02-26 15:17:22', '2025-02-26 15:17:22'),
	(60, 60, 1, 95000, '2025-02-26 15:17:22', '2025-02-26 15:17:22'),
	(61, 61, 1, 110000, '2025-02-26 15:17:22', '2025-02-26 15:17:22'),
	(62, 62, 1, 0, '2025-02-26 15:17:22', '2025-02-26 15:17:22'),
	(63, 63, 1, 0, '2025-02-26 15:17:22', '2025-02-26 15:17:22'),
	(64, 64, 1, 0, '2025-02-26 15:17:22', '2025-02-26 15:17:22'),
	(65, 65, 1, 0, '2025-02-26 15:17:22', '2025-02-26 15:17:22'),
	(66, 66, 1, 20000, '2025-02-26 15:17:22', '2025-02-26 15:17:22'),
	(67, 67, 1, 0, '2025-02-26 15:17:22', '2025-02-26 15:17:22'),
	(68, 68, 1, 60000, '2025-02-26 15:17:22', '2025-02-26 15:17:22'),
	(69, 69, 1, 70000, '2025-02-26 15:17:22', '2025-02-26 15:17:22'),
	(70, 70, 1, 0, '2025-02-26 15:17:22', '2025-02-26 15:17:22'),
	(71, 71, 1, 0, '2025-02-26 15:17:22', '2025-02-26 15:17:22'),
	(78, 78, 1, 50000, '2025-02-26 15:17:22', '2025-02-26 15:17:22'),
	(79, 79, 1, 40000, '2025-02-26 15:17:22', '2025-02-26 15:17:22'),
	(80, 80, 1, 60000, '2025-02-26 15:17:22', '2025-02-26 15:17:22'),
	(81, 81, 1, 0, '2025-02-26 15:17:22', '2025-02-26 15:17:22'),
	(82, 82, 1, 0, '2025-02-26 15:17:22', '2025-02-26 15:17:22'),
	(83, 83, 1, 0, '2025-02-26 15:17:22', '2025-02-26 15:17:22'),
	(84, 84, 1, 0, '2025-02-26 15:17:22', '2025-02-26 15:17:22'),
	(85, 85, 1, 0, '2025-02-26 15:17:22', '2025-02-26 15:17:22'),
	(86, 86, 1, 40000, '2025-02-26 15:17:22', '2025-02-26 15:17:22'),
	(87, 87, 1, 40000, '2025-02-26 15:17:22', '2025-02-26 15:17:22'),
	(88, 88, 1, 50000, '2025-02-26 15:17:22', '2025-02-26 15:17:22'),
	(89, 89, 1, 25000, '2025-02-26 15:17:22', '2025-02-26 15:17:22'),
	(90, 90, 1, 0, '2025-02-26 15:17:22', '2025-02-26 15:17:22'),
	(91, 91, 1, 15000, '2025-02-26 15:17:22', '2025-02-26 15:17:22'),
	(92, 92, 1, 0, '2025-02-26 15:17:22', '2025-02-26 15:17:22'),
	(93, 93, 1, 0, '2025-02-26 15:17:22', '2025-02-26 15:17:22'),
	(94, 94, 1, 30000, '2025-02-26 15:17:22', '2025-02-26 15:17:22'),
	(95, 95, 1, 0, '2025-02-26 15:17:22', '2025-02-26 15:17:22'),
	(96, 96, 1, 0, '2025-02-26 15:17:22', '2025-02-26 15:17:22'),
	(97, 97, 1, 0, '2025-02-26 15:17:22', '2025-02-26 15:17:22'),
	(98, 98, 1, 165000, '2025-02-26 15:17:22', '2025-02-26 15:17:22'),
	(99, 99, 1, 160000, '2025-02-26 15:17:22', '2025-02-26 15:17:22'),
	(100, 100, 1, 140000, '2025-02-26 15:17:22', '2025-02-26 15:17:22'),
	(101, 101, 1, 130000, '2025-02-26 15:17:22', '2025-02-26 15:17:22'),
	(102, 102, 1, 50000, '2025-02-26 15:17:22', '2025-02-26 15:17:22'),
	(103, 103, 1, 130000, '2025-02-26 15:17:22', '2025-02-26 15:17:22'),
	(104, 104, 1, 90000, '2025-02-26 15:17:22', '2025-02-26 15:17:22'),
	(105, 105, 1, 110000, '2025-02-26 15:17:22', '2025-02-26 15:17:22'),
	(106, 106, 1, 100000, '2025-02-26 15:17:22', '2025-02-26 15:17:22'),
	(107, 107, 1, 95000, '2025-02-26 15:17:22', '2025-02-26 15:17:22'),
	(108, 108, 1, 95000, '2025-02-26 15:17:22', '2025-02-26 15:17:22'),
	(109, 109, 1, 95000, '2025-02-26 15:17:22', '2025-02-26 15:17:22'),
	(110, 110, 1, 95000, '2025-02-26 15:17:22', '2025-02-26 15:17:22'),
	(111, 111, 1, 120000, '2025-02-26 15:17:22', '2025-02-26 15:17:22'),
	(112, 112, 1, 120000, '2025-02-26 15:17:22', '2025-02-26 15:17:22'),
	(113, 113, 1, 120000, '2025-02-26 15:17:22', '2025-02-26 15:17:22'),
	(114, 114, 1, 120000, '2025-02-26 15:17:22', '2025-02-26 15:17:22'),
	(115, 115, 1, 120000, '2025-02-26 15:17:22', '2025-02-26 15:17:22'),
	(116, 116, 1, 50000, '2025-02-26 15:17:22', '2025-02-26 15:17:22'),
	(117, 117, 1, 95000, '2025-02-26 15:17:22', '2025-02-26 15:17:22'),
	(118, 118, 1, 50000, '2025-02-26 15:17:22', '2025-02-26 15:17:22'),
	(119, 119, 1, 50000, '2025-02-26 15:17:22', '2025-02-26 15:17:22'),
	(120, 120, 1, 50000, '2025-02-26 15:17:22', '2025-02-26 15:17:22'),
	(121, 121, 1, 50000, '2025-02-26 15:17:22', '2025-02-26 15:17:22'),
	(122, 122, 1, 140000, '2025-02-26 15:17:22', '2025-02-26 15:17:22'),
	(131, 159, 1, 90000, '2025-03-03 17:19:28', '2025-03-03 17:19:28'),
	(132, 165, 1, 10000, '2025-03-05 13:41:26', '2025-03-05 13:41:26'),
	(133, 164, 1, 5000, '2025-03-05 13:42:23', '2025-03-05 13:42:23'),
	(134, 163, 1, 12000, '2025-03-05 13:43:12', '2025-03-05 13:43:12'),
	(135, 162, 1, 10000, '2025-03-05 13:43:58', '2025-03-05 13:43:58'),
	(136, 161, 1, 7000, '2025-03-05 13:46:32', '2025-03-05 13:46:32'),
	(137, 160, 1, 5000, '2025-03-05 13:52:00', '2025-03-05 13:52:00'),
	(138, 166, 1, 30000, '2025-03-05 13:54:50', '2025-03-05 13:54:50');

-- Volcando datos para la tabla abprod1.productiondets: ~0 rows (aproximadamente)

-- Volcando datos para la tabla abprod1.productions: ~8 rows (aproximadamente)

-- Volcando datos para la tabla abprod1.products: ~945 rows (aproximadamente)
INSERT INTO `products` (`id`, `code`, `name`, `imagen`, `imagmolde`, `description`, `is_producible`, `line_id`, `category_id`, `created_at`, `updated_at`, `tags`) VALUES
	(1, 'CAM-E10', 'Camiseta Premium E10', 'product/01JN17F128Q43965F8D4TDXTDA.png', 'productmolde/01JN17T64M67X7KNT89E2EZSXG.jpg', '<p>Caracteristicas&nbsp;</p><ul><li>Combinación de tejido premium</li><li>Escudo bordado</li><li>Full Estampado</li><li>Modelo exclusivo</li><li>Nombre/Número Individual</li><li>Hasta 12 auspicios</li></ul><p>Caracteristicas</p><ul><li>tejido scuares</li><li>espalda fluence</li><li>Cuello redondo</li><li>manga recta</li><li>tira costado microperfado</li></ul><p>Molde:</p><ul><li>N027 molde niña</li><li>N025 molde niño</li><li>N021 molde adulto</li></ul>', 1, 7, 1, '2025-02-26 15:17:22', '2025-03-11 22:03:28', '["scuares", "deportivo", "fluence", "microperforado", "cuello redondo"]'),
	(2, 'CAM-P10', 'Camiseta Premium P10', 'product/01JN45D31MSXYYCE05A6H3K8GA.png', NULL, '<p>Caracteristicas&nbsp;</p><ul><li>Combinación de tejido premium</li><li>Escudo bordado</li><li>Full Estampado</li><li>Modelo exclusivo</li><li>Nombre/Número Individual</li><li>Hasta 12 auspicios</li></ul><p>Tejido tech<br>tira costado en micro</p>', 1, 7, 1, '2025-02-26 15:17:22', '2025-02-27 19:56:26', '["tech"]'),
	(3, 'CAM-PR02', 'Camiseta Premium Pr02', 'product/01JN18KZN2B005B6P5V1D26EW2.png', 'productmolde/01JN15GSZX1QD5P14PS6PFTVD8.jpg', '<p>Caracteristicas de la linea&nbsp;</p><ul><li>Combinación de tejido premium</li><li>Escudo bordado</li><li>Full Estampado</li><li>Modelo exclusivo</li><li>Nombre/Número Individual</li><li>Hasta 12 auspicios</li></ul><p>Caracteristicas</p><ul><li>Tejido Tech</li><li>Cuello premium</li><li>tira costado&nbsp;</li><li>Ruedo grueso</li><li>Detalle en Ribana</li></ul><p>Molde</p><p><br></p>', 1, 7, 1, '2025-02-26 15:17:22', '2025-02-26 16:54:54', NULL),
	(4, 'CAM-PR05', 'Camiseta Premium Pr05', 'product/01JN1H3BRE1RGC2XZX0H9E7HTT.png', 'productmolde/01JN1H3BRQQVN9TX1925N63AV1.jpg', '<p>Caracteristicas&nbsp;</p><ul><li>Combinación de tejido premium</li><li>Escudo bordado</li><li>Full Estampado</li><li>Modelo exclusivo</li><li>Nombre/Número Individual</li><li>Hasta 12 auspicios</li></ul><p><br></p><p>Tejido tech<br>carterón personalizado<br>Tira hombro pro<br>Ruedo grueso<br>corte en espalda alta<br>detalles en Ribana<br><br></p>', 1, 7, 1, '2025-02-26 15:17:22', '2025-02-27 19:57:26', '["tech", "carteron"]'),
	(5, 'CAM-PR03', 'Camiseta Premium Pr03', 'product/01JN45HSSRRTAGDWN83SPZB4DJ.png', NULL, '<p>microfino&nbsp;</p><p>Caracteristicas&nbsp;</p><ul><li>Combinación de tejido premium</li><li>Escudo bordado</li><li>Full Estampado</li><li>Modelo exclusivo</li><li>Nombre/Número Individual</li><li>Hasta 12 auspicios</li></ul><p>Tejido microfino<br>manga ranglan<br>Cuello v escondido<br>Hombro en microperforado<br>Corte fontal en microperforado</p>', 1, 7, 1, '2025-02-26 15:17:22', '2025-02-27 19:59:29', '["microfino", "ranglan", "cuello v", "microperforado"]'),
	(6, 'CAM-PR04', 'Camiseta Premium Pr04', 'product/01JN45MVRHKG0TDSDET6Y3Y3A2.png', NULL, 'microfino <p>Caracteristicas&nbsp;</p><ul><li>Combinación de tejido premium</li><li>Escudo bordado</li><li>Full Estampado</li><li>Modelo exclusivo</li><li>Nombre/Número Individual</li><li>Hasta 12 auspicios</li></ul>', 1, 7, 1, '2025-02-26 15:17:22', '2025-02-27 20:00:41', '["microfino", "microperforado", "cuello redondo"]'),
	(7, 'CAM-PR06', 'Camiseta Premium Pr06', NULL, NULL, 'microfino <p>Caracteristicas&nbsp;</p><ul><li>Combinación de tejido premium</li><li>Escudo bordado</li><li>Full Estampado</li><li>Modelo exclusivo</li><li>Nombre/Número Individual</li><li>Hasta 12 auspicios</li></ul>', 1, 7, 1, '2025-02-26 15:17:22', '2025-02-26 15:17:22', NULL),
	(8, 'CAM-PR07', 'Camiseta Premium Pr07', 'product/01JP0M5R6GC4AA6XMFDK3M1MRP.png', NULL, '<p>tela microfino</p><p>Caracteristicas&nbsp;</p><ul><li>Combinación de tejido premium</li><li>Escudo bordado</li><li>Full Estampado</li><li>Modelo exclusivo</li><li>Nombre/Número Individual</li><li>Hasta 12 auspicios</li></ul>', 1, 7, 1, '2025-02-26 15:17:22', '2025-03-10 21:19:07', '["microfino"]'),
	(9, 'CAM-PR08', 'Camiseta Premium Pr08', NULL, NULL, 'con cuello tipo cerro 2025 tela manchester <p>Caracteristicas&nbsp;</p><ul><li>Combinación de tejido premium</li><li>Escudo bordado</li><li>Full Estampado</li><li>Modelo exclusivo</li><li>Nombre/Número Individual</li><li>Hasta 12 auspicios</li></ul>', 1, 7, 1, '2025-02-26 15:17:22', '2025-02-26 15:17:22', NULL),
	(10, 'CAM-A01', 'Camiseta Profesional A01', 'product/01JP0MJRMSABQW2VAN0P44ZWHP.png', NULL, '<p>Caracteristicas&nbsp;</p><ul><li>Combinación de tejido premium</li><li>Escudo bordado</li><li>Full Estampado</li><li>Modelo exclusivo</li><li>Nombre/Número Individual</li><li>Hasta 12 auspicios</li></ul>', 1, 5, 1, '2025-02-26 15:17:22', '2025-03-10 21:20:25', '["cuello redondo", "manga recta", "dry manchester"]'),
	(11, 'CAM-A02', 'Camiseta Profesional A02', 'product/01JP0N6AXCZN1DTAF5EBDXZ1YE.png', NULL, '<p>tela manchester</p><p>espalda en microperforado</p><p>manga ranglan</p><p>cuello redondo</p>', 1, 5, 1, '2025-02-26 15:17:22', '2025-03-10 22:24:21', '["cuello redondo", "manga ranglan"]'),
	(12, 'CAM-A03', 'Camiseta Profesional A03', 'product/01JP0R9EVVGEKGPT2N1998VDFA.png', NULL, '<p>Cuello v pro</p><p>manga recta</p>', 1, 5, 1, '2025-02-26 15:17:22', '2025-03-10 22:25:14', '["cuello v", "manga recta"]'),
	(13, 'CAM-A04', 'Camiseta Profesional A04', NULL, NULL, '', 1, 5, 1, '2025-02-26 15:17:22', '2025-02-26 15:17:22', NULL),
	(14, 'CAM-A05', 'Camiseta Profesional A05', NULL, NULL, '', 1, 5, 1, '2025-02-26 15:17:22', '2025-02-26 15:17:22', NULL),
	(15, 'CAM-A06', 'Camiseta Profesional A06', NULL, NULL, '', 1, 5, 1, '2025-02-26 15:17:22', '2025-02-26 15:17:22', NULL),
	(16, 'CAM-F01', 'Camiseta Oficial F01', NULL, NULL, '', 1, 4, 1, '2025-02-26 15:17:22', '2025-02-26 15:17:22', NULL),
	(17, 'CAM-F02', 'Camiseta Oficial F02', NULL, NULL, '', 1, 4, 1, '2025-02-26 15:17:22', '2025-02-26 15:17:22', NULL),
	(18, 'CAM-F03', 'Camiseta Oficial F03', NULL, NULL, '', 1, 4, 1, '2025-02-26 15:17:22', '2025-02-26 15:17:22', NULL),
	(19, 'CAM-F04', 'Camiseta Oficial F04', NULL, NULL, '', 1, 4, 1, '2025-02-26 15:17:22', '2025-02-26 15:17:22', NULL),
	(20, 'CAM-F05', 'Camiseta Oficial F05', NULL, NULL, '', 1, 4, 1, '2025-02-26 15:17:22', '2025-02-26 15:17:22', NULL),
	(21, 'CAM-F06', 'Camiseta Oficial F06', NULL, NULL, '', 1, 4, 1, '2025-02-26 15:17:22', '2025-02-26 15:17:22', NULL),
	(22, 'CAM-F07', 'Camiseta Oficial F07', NULL, NULL, '', 1, 4, 1, '2025-02-26 15:17:22', '2025-02-26 15:17:22', NULL),
	(23, 'CAM-F11', 'Camiseta Oficial F08', NULL, NULL, '', 1, 4, 1, '2025-02-26 15:17:22', '2025-02-26 15:17:22', NULL),
	(24, 'CAM-F09', 'Camiseta Oficial F09', NULL, NULL, '', 1, 4, 1, '2025-02-26 15:17:22', '2025-02-26 15:17:22', NULL),
	(25, 'CAM-F10', 'Camiseta Oficial F10', NULL, NULL, '', 1, 4, 1, '2025-02-26 15:17:22', '2025-02-26 15:17:22', NULL),
	(26, 'CAM-S01', 'Camiseta Estandar S01', NULL, NULL, '', 1, 3, 1, '2025-02-26 15:17:22', '2025-02-26 15:17:22', NULL),
	(27, 'CAM-S02', 'Camiseta Estandar S02', NULL, NULL, '', 1, 3, 1, '2025-02-26 15:17:22', '2025-02-26 15:17:22', NULL),
	(28, 'CAM-S03', 'Camiseta Estandar S03', NULL, NULL, '', 1, 3, 1, '2025-02-26 15:17:22', '2025-02-26 15:17:22', NULL),
	(29, 'CAM-S04', 'Camiseta Estandar S04', NULL, NULL, '', 1, 3, 1, '2025-02-26 15:17:22', '2025-02-26 15:17:22', NULL),
	(30, 'CAM-B01', 'Camiseta Basic B01', NULL, NULL, '', 1, 2, 1, '2025-02-26 15:17:22', '2025-02-26 15:17:22', NULL),
	(31, 'CAM-B02', 'Camiseta Basic B02', NULL, NULL, '', 1, 2, 1, '2025-02-26 15:17:22', '2025-02-26 15:17:22', NULL),
	(32, 'CAM-B03', 'Camiseta Basic B03', NULL, NULL, '', 1, 2, 1, '2025-02-26 15:17:22', '2025-02-26 15:17:22', NULL),
	(33, 'CAM-B04', 'Camiseta Basic B04', NULL, NULL, '', 1, 2, 1, '2025-02-26 15:17:22', '2025-02-26 15:17:22', NULL),
	(34, 'CAM-F08', 'Camiseta con cuello polo', NULL, NULL, '', 1, 4, 1, '2025-02-26 15:17:22', '2025-02-26 15:17:22', NULL),
	(35, 'CML-B01', 'Camisola De Entrenamiento Oficial', NULL, NULL, '', 1, 4, 2, '2025-02-26 15:17:22', '2025-02-26 15:17:22', NULL),
	(36, 'CML-PR01', 'Camisilla Premium Pr01', NULL, NULL, '', 1, 7, 2, '2025-02-26 15:17:22', '2025-02-26 15:17:22', NULL),
	(37, 'SHT-A01', 'Short Profesional Sublimado 100%', NULL, NULL, '', 1, 5, 2, '2025-02-26 15:17:22', '2025-02-26 15:17:22', NULL),
	(38, 'CML-E10', 'Camisilla Premium E10', NULL, NULL, '', 1, 7, 2, '2025-02-26 15:17:22', '2025-02-26 15:17:22', NULL),
	(39, 'CML-F01', 'Camisilla Oficial F01', NULL, NULL, '<p>Cuello rendondo</p><p>tira hombre</p><p>Molde</p><p>f01 sin mangas</p>', 1, 4, 2, '2025-02-26 15:17:22', '2025-03-10 19:22:01', '[]'),
	(40, 'CML-S01', 'Camisilla Cuello redondo ', 'product/01JP0DM7CBBX2B50GGGQVT06N9.png', NULL, '<p>Tejido Dry<br>Cuello Redondo<br>logo sublimado</p>', 1, 3, 2, '2025-02-26 15:17:22', '2025-03-10 19:18:52', '[]'),
	(41, 'CML-S10', 'Camisilla de Algodón', NULL, NULL, '', 1, 4, 2, '2025-02-26 15:17:22', '2025-02-26 15:17:22', NULL),
	(42, 'SHT-PR01', 'Short Premium Pr01', NULL, NULL, '', 1, 7, 3, '2025-02-26 15:17:22', '2025-02-26 15:17:22', NULL),
	(43, 'SHT-P10', 'Short Premium P10', NULL, NULL, '', 1, 7, 3, '2025-02-26 15:17:22', '2025-02-26 15:17:22', NULL),
	(44, 'SHT-E10', 'Short Premium E10', NULL, NULL, '', 1, 7, 3, '2025-02-26 15:17:22', '2025-02-26 15:17:22', NULL),
	(45, 'SHT-PR02', 'Short Premium Pr02', NULL, NULL, '', 1, 7, 3, '2025-02-26 15:17:22', '2025-02-26 15:17:22', NULL),
	(46, 'SHT-PR03', 'Short Premium Pr03', NULL, NULL, '', 1, 7, 3, '2025-02-26 15:17:22', '2025-02-26 15:17:22', NULL),
	(47, 'SHT-F01', 'Short Oficial F01', 'product/01JP0FQW0ZQR4DKZJ3Q4VZDTHK.png', NULL, '<p>Tela dry</p><p>Tira short media</p>', 1, 4, 3, '2025-02-26 15:17:22', '2025-03-10 19:55:49', '[]'),
	(48, 'SHT-F02', 'Short Oficial F02', 'product/01JP0FQ785QE1QAF98WKBYRZNV.png', NULL, '<p>Tela dry</p><p>Tira short completa</p>', 1, 4, 3, '2025-02-26 15:17:22', '2025-03-10 19:55:28', '[]'),
	(49, 'SHT-F03', 'Short Oficial F03', 'product/01JP0FSENC9QJEKXMZKJ4FJFQ1.png', NULL, '<p>Tela dry</p><p>tera costado fino</p><p><br></p>', 1, 4, 3, '2025-02-26 15:17:22', '2025-03-10 19:56:41', '[]'),
	(50, 'SHT-F04', 'Short Oficial F04', 'product/01JP0FTKJWKQ6H45WH5FM9FFG8.png', NULL, '<p>tira ruedo</p>', 1, 4, 3, '2025-02-26 15:17:22', '2025-03-10 19:57:19', '[]'),
	(51, 'SHT-F05', 'Short Oficial F05', 'product/01JP0FVGWBXD09KF1HG3F5RBDB.png', NULL, '<p>Tela dry</p>', 1, 4, 3, '2025-02-26 15:17:22', '2025-03-10 19:57:49', '[]'),
	(52, 'SHT-F06', 'Short Oficial F06', 'product/01JP0FWGYVXABEH6XFMGGNEN2Z.png', NULL, '<p>tela dry</p>', 1, 4, 3, '2025-02-26 15:17:22', '2025-03-10 19:58:22', '[]'),
	(53, 'SHT-S01', 'Short Estandar', 'product/01JP0FE08VFRM7MZA2XMHJST8W.png', NULL, '<p>Son sin detalle con abertura al costado</p>', 1, 3, 3, '2025-02-26 15:17:22', '2025-03-10 19:50:26', '[]'),
	(54, 'MD-S01', 'Media Italy', NULL, NULL, '<p>Tejido 100% poliester<br>Marca: Italy</p>', 0, 3, 4, '2025-02-26 15:17:22', '2025-03-10 20:00:56', '[]'),
	(55, 'MD-PR01', 'Media Kanxa profesional', 'product/01JP0G383PP2GQTENQHGN9896F.png', NULL, '<p>Marca: Kanxa profesional<br>Media profesional<br>Pie de algodón</p>', 0, 7, 4, '2025-02-26 15:17:22', '2025-03-10 20:02:19', '[]'),
	(56, 'MD-F01', 'Media Zebin poliester', NULL, NULL, '<p>MARCA:ZEBIN<br>TEJIDO POLIESTER</p>', 0, 4, 4, '2025-02-26 15:17:22', '2025-03-10 20:06:30', '[]'),
	(57, 'CAMLG-F01', 'Camiseta Manga Larga Oficial F01', NULL, NULL, '', 1, 4, 5, '2025-02-26 15:17:22', '2025-02-26 15:17:22', NULL),
	(58, 'CAMLG-F02', 'Camiseta Manga Larga Oficial F02', NULL, NULL, '', 1, 4, 5, '2025-02-26 15:17:22', '2025-02-26 15:17:22', NULL),
	(59, 'CAMLG-F03', 'Camiseta Manga Larga Oficial F03', NULL, NULL, '', 1, 4, 5, '2025-02-26 15:17:22', '2025-02-26 15:17:22', NULL),
	(60, 'CAMLG-F04', 'Camiseta Manga Larga Oficial F04', NULL, NULL, '', 1, 4, 5, '2025-02-26 15:17:22', '2025-02-26 15:17:22', NULL),
	(61, 'CAMLG-F10', 'Camiseta mangas largas con cierre', NULL, NULL, '', 1, 4, 5, '2025-02-26 15:17:22', '2025-02-26 15:17:22', NULL),
	(62, 'CAMLG-A10', 'Camiseta mangas largas con cierre Uv', NULL, NULL, 'tela uv', 1, 5, 5, '2025-02-26 15:17:22', '2025-02-26 15:17:22', NULL),
	(63, 'CAMLG-F11', 'Camiseta Manga Larga con Capucha', NULL, NULL, 'tela dry fit 1', 1, 4, 5, '2025-02-26 15:17:22', '2025-02-26 15:17:22', NULL),
	(64, 'CAMLG-A11', 'Camiseta Manga Larga con Capucha Uv', NULL, NULL, 'tela uv', 1, 5, 5, '2025-02-26 15:17:22', '2025-02-26 19:26:37', NULL),
	(65, 'CAMLG-A12', 'Camiseta mangas largas tipo pesca capucha mas cuellera', NULL, NULL, '', 1, 7, 5, '2025-02-26 15:17:22', '2025-02-26 15:17:22', NULL),
	(66, 'BTN-F01', 'Mochilita de Tela Personalizada', NULL, NULL, '', 1, 4, 6, '2025-02-26 15:17:22', '2025-02-26 15:17:22', NULL),
	(67, 'BLU-B01', 'Blusa ALEGRA Basico', NULL, NULL, 'tela de color + un parche bordado', 1, 2, 7, '2025-02-26 15:17:22', '2025-02-26 15:17:22', NULL),
	(68, 'BLU-S01', 'Blusa ALEGRA ESTANDAR', NULL, NULL, 'frente sublimado', 1, 3, 7, '2025-02-26 15:17:22', '2025-02-26 15:17:22', NULL),
	(69, 'BLU-F01', 'Blusa ALEGRA TODO SUBLIMADO', NULL, NULL, 'Totalmente sublimado', 1, 4, 7, '2025-02-26 15:17:22', '2025-02-26 15:17:22', NULL),
	(70, 'CMS-B01', 'Camisa Manga Corta', NULL, NULL, '', 1, 4, 8, '2025-02-26 15:17:22', '2025-02-26 15:17:22', NULL),
	(71, 'CMS-B02', 'Camisa Manga Larga', NULL, NULL, '', 1, 4, 8, '2025-02-26 15:17:22', '2025-02-26 15:17:22', NULL),
	(78, 'BDR-01', 'bandera dry m2', NULL, NULL, '', 1, 4, 12, '2025-02-26 15:17:22', '2025-02-26 15:17:22', NULL),
	(79, 'BDR-02', 'bandera diolen m2', NULL, NULL, '', 1, 4, 12, '2025-02-26 15:17:22', '2025-02-26 15:17:22', NULL),
	(80, 'BDR-03', 'Backpodium', NULL, NULL, 'tiene estructura de hierro', 1, 4, 12, '2025-02-26 15:17:22', '2025-02-26 15:17:22', NULL),
	(81, 'BMD-01', 'Bata médica', NULL, NULL, 's', 1, 4, 14, '2025-02-26 15:17:22', '2025-02-26 15:17:22', NULL),
	(82, 'BDR-04', 'Bandera diolen estandar', NULL, NULL, '1.30m x0.7m', 1, 4, 12, '2025-02-26 15:17:22', '2025-02-26 19:24:26', NULL),
	(83, 'KPS-01', 'kepis bordado', NULL, NULL, '<p>kepis + un parche o bordado</p>', 1, 4, 18, '2025-02-26 15:17:22', '2025-02-26 19:29:02', NULL),
	(84, 'KPS-02', 'kepis sublimable', NULL, NULL, '<p>kepis con red</p>', 1, 4, 18, '2025-02-26 15:17:22', '2025-02-26 19:29:39', NULL),
	(85, 'BDY-01', 'BODY', NULL, NULL, '', 1, 4, 17, '2025-02-26 15:17:22', '2025-02-26 15:17:22', NULL),
	(86, 'AC-02', 'Botinera con cierre', NULL, NULL, '', 0, 4, 18, '2025-02-26 15:17:22', '2025-02-26 15:17:22', NULL),
	(87, 'AC-03', 'Neceser', NULL, NULL, '', 0, 4, 18, '2025-02-26 15:17:22', '2025-02-26 15:17:22', NULL),
	(88, 'AC-04', 'Bolson', NULL, NULL, '', 0, 4, 18, '2025-02-26 15:17:22', '2025-02-26 15:17:22', NULL),
	(89, 'AC-05', 'Cuellera', NULL, NULL, '', 1, 4, 18, '2025-02-26 15:17:22', '2025-02-26 15:17:22', NULL),
	(90, 'AC-06', 'brazalete estandar', NULL, NULL, '', 1, 4, 18, '2025-02-26 15:17:22', '2025-02-26 15:17:22', NULL),
	(91, 'AC-07', 'brazalete premium', NULL, NULL, 'con cierre magnetico y personalizado', 1, 4, 18, '2025-02-26 15:17:22', '2025-02-26 15:17:22', NULL),
	(92, 'AC-08', 'Banda', NULL, NULL, 'banda para reina o rey', 1, 4, 18, '2025-02-26 15:17:22', '2025-02-26 15:17:22', NULL),
	(93, 'AC-09', 'Bincha', NULL, NULL, '', 1, 4, 18, '2025-02-26 15:17:22', '2025-02-26 15:17:22', NULL),
	(94, 'AC-10', 'Boina', NULL, NULL, '', 1, 4, 18, '2025-02-26 15:17:22', '2025-02-26 15:17:22', NULL),
	(95, 'AC-11', 'Bolsón Utilero', NULL, NULL, '', 1, 4, 18, '2025-02-26 15:17:22', '2025-02-26 15:17:22', NULL),
	(96, 'AC-12', 'Delantal sublimado', NULL, NULL, '', 1, 4, 18, '2025-02-26 15:17:22', '2025-02-26 15:17:22', NULL),
	(97, 'AC-13', 'Delantal  bordado', NULL, NULL, '', 1, 4, 18, '2025-02-26 15:17:22', '2025-02-26 15:17:22', NULL),
	(98, 'CMP-01', 'Campera con Capucha', NULL, NULL, '', 1, 4, 19, '2025-02-26 15:17:22', '2025-02-26 15:17:22', NULL),
	(99, 'CMP-02', 'Campera Impermeable', NULL, NULL, '', 1, 4, 19, '2025-02-26 15:17:22', '2025-02-26 15:17:22', NULL),
	(100, 'CMP-03', 'Campera Rompeviento', NULL, NULL, '', 1, 4, 19, '2025-02-26 15:17:22', '2025-02-26 15:17:22', NULL),
	(101, 'CNG-01', 'Canguro', NULL, NULL, '', 1, 4, 20, '2025-02-26 15:17:22', '2025-02-26 15:17:22', NULL),
	(102, 'CHL-01', 'Chaleco', NULL, NULL, 'tela sarga con 4 bolsillos', 1, 4, 21, '2025-02-26 15:17:22', '2025-02-26 15:17:22', NULL),
	(103, 'CHQ-01', 'Chaqueta', NULL, NULL, 'tela shell ', 1, 4, 22, '2025-02-26 15:17:22', '2025-02-26 15:17:22', NULL),
	(104, 'CHM-01', 'Chomba', NULL, NULL, 'tela sarga', 1, 4, 23, '2025-02-26 15:17:22', '2025-02-26 15:17:22', NULL),
	(105, 'CIC-F01', 'Ciclista manga larga ', NULL, NULL, '', 1, 4, 24, '2025-02-26 15:17:22', '2025-02-26 15:17:22', NULL),
	(106, 'CIC-F02', 'Ciclista manga corta', NULL, NULL, '', 1, 4, 24, '2025-02-26 15:17:22', '2025-02-26 15:17:22', NULL),
	(107, 'TM01', 'Termica Manga Corta', NULL, NULL, '', 1, 4, 25, '2025-02-26 15:17:22', '2025-02-26 15:17:22', NULL),
	(108, 'TM02', 'Termica Manga Larga', NULL, NULL, '', 1, 4, 25, '2025-02-26 15:17:22', '2025-02-26 15:17:22', NULL),
	(109, 'TM03', 'Calza Corta termica', NULL, NULL, '', 1, 4, 25, '2025-02-26 15:17:22', '2025-02-26 15:17:22', NULL),
	(110, 'TM04', 'Calza Larga termica', NULL, NULL, '', 1, 4, 25, '2025-02-26 15:17:22', '2025-02-26 15:17:22', NULL),
	(111, 'SC-F01', 'Campera deportiva Oficial', NULL, NULL, '', 1, 4, 26, '2025-02-26 15:17:22', '2025-02-26 15:17:22', NULL),
	(112, 'SC-S01', 'Campera deportiva Estandar', NULL, NULL, '', 1, 2, 26, '2025-02-26 15:17:22', '2025-02-26 15:17:22', NULL),
	(113, 'SC-B01', 'Campera deportiva Basic', NULL, NULL, '', 1, 2, 26, '2025-02-26 15:17:22', '2025-02-26 15:17:22', NULL),
	(114, 'SC-C01', 'Campera deportiva escolar', NULL, NULL, '', 1, 1, 26, '2025-02-26 15:17:22', '2025-02-26 15:17:22', NULL),
	(115, 'SC-PR01', 'Campera deportiva Premium', NULL, NULL, '', 1, 7, 26, '2025-02-26 15:17:22', '2025-02-26 15:17:22', NULL),
	(116, 'PTN-PR01', 'Buzo Pantalon Premium', NULL, NULL, 'acetato elastizado', 1, 7, 26, '2025-02-26 15:17:22', '2025-02-26 15:17:22', NULL),
	(117, 'PTN-A05', 'Pantalon Acolchado Oficial', NULL, NULL, 'acetato elastizado', 1, 5, 27, '2025-02-26 15:17:22', '2025-02-26 15:17:22', NULL),
	(118, 'PTN-F01', 'Jogin Tira Sublimada', NULL, NULL, 'acetato pesado', 1, 4, 27, '2025-02-26 15:17:22', '2025-02-26 15:17:22', NULL),
	(119, 'PTN-S01', 'Jogin Tira Simple', NULL, NULL, 'acetato pesado', 1, 2, 27, '2025-02-26 15:17:22', '2025-02-26 15:17:22', NULL),
	(120, 'PTN-B01', 'Buzo Pantalon', NULL, NULL, 'Pv', 1, 2, 27, '2025-02-26 15:17:22', '2025-02-26 15:17:22', NULL),
	(121, 'PTN-C01', 'Buzo Pantalon', NULL, NULL, 'Pv', 1, 1, 27, '2025-02-26 15:17:22', '2025-02-26 15:17:22', NULL),
	(122, 'PTN-F02', 'Pantalon de trabajo cargo', NULL, NULL, 'tela sarga con bolsillo en los costados', 1, 4, 27, '2025-02-26 15:17:22', '2025-02-26 15:17:22', NULL),
	(123, 'CAM-PR09', 'Camiseta Premium Pr09', NULL, NULL, 'replica de olimpia2025', 1, 7, 1, '2025-02-26 15:17:22', '2025-02-26 15:17:22', NULL),
	(126, 'CAM-E11', 'Camiseta Premium E11', '', '', '<p>Caracteristicas&nbsp;</p><ul><li>Combinación de tejido premium</li><li>Escudo bordado</li><li>Full Estampado</li><li>Modelo exclusivo</li><li>Nombre/Número Individual</li><li>Hasta 12 auspicios</li></ul><p>Caracteristicas</p><ul><li>tejido scuares</li><li>espalda fluence</li><li>Cuello V pro</li><li>manga recta</li><li>tira costado microperfado</li></ul><p>Molde:</p><ul><li>N027 molde niña</li><li>N025 molde niño</li><li>N021 molde adulto</li></ul>', 1, 7, 1, '2025-02-27 17:53:06', '2025-02-27 17:53:06', '["scuares", "deportivo", "fluence", "microperforado", "cuello v pro"]'),
	(158, 'CML-F03', 'Camisilla OFicial f03', NULL, NULL, '<p>camisilla</p><p>cuello v</p><p>tela dry</p>', 1, 4, 2, '2025-03-03 17:17:03', '2025-03-03 17:17:03', '[]'),
	(159, 'CML-A03', 'Camisilla Profesiona A03', NULL, NULL, '<p>TELA manchester</p><p>CUELLO V</p>', 1, 5, 2, '2025-03-03 17:19:10', '2025-03-10 19:47:51', '[]'),
	(160, 'srv-01', 'Servicio de bordado ', NULL, NULL, '<p>Incluye un bordado tamaño pequeño</p>', 1, 4, 29, '2025-03-05 13:32:18', '2025-03-05 13:52:02', '["servicio", "bordado", "adicional"]'),
	(161, 'srv-02', 'Servicio de serigrafia', NULL, NULL, '<p>incluye una serigrafia</p>', 1, 4, 29, '2025-03-05 13:33:26', '2025-03-05 13:46:35', '["servicio", "serigrafia"]'),
	(162, 'srv-03', 'Servicio de bordado full', NULL, NULL, '<p>incluye un bordado tamaño grande</p>', 1, 4, 29, '2025-03-05 13:34:24', '2025-03-05 13:44:00', '["servicio", "bordado"]'),
	(163, 'srv-04', 'Servicio de serigrafia full', NULL, NULL, '<p>incluye una serigrafia en colores</p>', 1, 4, 29, '2025-03-05 13:35:29', '2025-03-05 13:35:29', '["servicio", "serigrafia"]'),
	(164, 'srv-05', 'Servicio de vinilo', NULL, NULL, '<p>incluye un vinilo pequeño nombre o numero</p>', 1, 4, 29, '2025-03-05 13:39:37', '2025-03-05 13:42:31', '["vinilo", "servicio"]'),
	(165, 'srv-06', 'Servicio de vinilo full', NULL, NULL, '<p>incluye un vinilo de 25x25</p>', 1, 4, 29, '2025-03-05 13:40:43', '2025-03-05 13:55:26', '[]'),
	(166, 'Env-01', 'Envio de paquetes', NULL, NULL, '<p>precio estandar de envio</p>', 0, 4, 29, '2025-03-05 13:54:25', '2025-03-05 13:54:53', '[]'),
	(167, 'RP1-ITC01', 'Remera Polo Recta Modelo Neru solo un color tela pike ingles tech', NULL, NULL, '<p>Remera Polo&nbsp;</p><p>Manga Recta</p><p>Modelo Neru</p><p>solo un color</p><p>tela: pike ingles tech</p>', 1, 1, 10, '2025-03-10 14:29:24', '2025-03-10 19:13:09', '[]'),
	(168, 'RP1-ITC02', 'Remera Polo Recta Modelo Neru Con Vivo solo un color tela pike ingles tech', NULL, NULL, 'Remera Polo Recta Modelo Neru Con Vivo solo un color tela pike ingles tech', 1, 1, 10, '2025-03-10 14:29:24', '2025-03-10 14:29:28', NULL),
	(169, 'RP1-ITC03', 'Remera Polo Recta Modelo Clasico Tejido solo un color tela pike ingles tech', NULL, NULL, 'Remera Polo Recta Modelo Clasico Tejido solo un color tela pike ingles tech', 1, 1, 10, '2025-03-10 14:29:24', '2025-03-10 14:29:28', NULL),
	(170, 'RP1-ITC04', 'Remera Polo Recta Modelo Clasico Entretelado solo un color tela pike ingles tech', NULL, NULL, 'Remera Polo Recta Modelo Clasico Entretelado solo un color tela pike ingles tech', 1, 1, 10, '2025-03-10 14:29:24', '2025-03-10 14:29:28', NULL),
	(171, 'RP1-ITC05', 'Remera Polo Recta Modelo Tejido Y Carterita  solo un color tela pike ingles tech', NULL, NULL, 'Remera Polo Recta Modelo Tejido Y Carterita  solo un color tela pike ingles tech', 1, 1, 10, '2025-03-10 14:29:24', '2025-03-10 14:29:28', NULL),
	(172, 'RP1-ITC06', 'Remera Polo Recta Modelo Entretelado Y Carterita  solo un color tela pike ingles tech', NULL, NULL, 'Remera Polo Recta Modelo Entretelado Y Carterita  solo un color tela pike ingles tech', 1, 1, 10, '2025-03-10 14:29:24', '2025-03-10 14:29:28', NULL),
	(173, 'RP1-ITC07', 'Remera Polo Recta Modelo Tejido Mas V solo un color tela pike ingles tech', NULL, NULL, 'Remera Polo Recta Modelo Tejido Mas V solo un color tela pike ingles tech', 1, 1, 10, '2025-03-10 14:29:24', '2025-03-10 14:29:28', NULL),
	(174, 'RP1-ITC08', 'Remera Polo Recta Modelo Entretelado Mas V solo un color tela pike ingles tech', NULL, NULL, 'Remera Polo Recta Modelo Entretelado Mas V solo un color tela pike ingles tech', 1, 1, 10, '2025-03-10 14:29:24', '2025-03-10 14:29:28', NULL),
	(175, 'RP1-ITC09', 'Remera Polo Recta Modelo Entretelado Y Cartera 20Cm solo un color tela pike ingles tech', NULL, NULL, 'Remera Polo Recta Modelo Entretelado Y Cartera 20Cm solo un color tela pike ingles tech', 1, 1, 10, '2025-03-10 14:29:24', '2025-03-10 14:29:28', NULL),
	(176, 'RP1-ITC10', 'Remera Polo Recta Modelo Tejido Y Cartera 20Cm solo un color tela pike ingles tech', NULL, NULL, 'Remera Polo Recta Modelo Tejido Y Cartera 20Cm solo un color tela pike ingles tech', 1, 1, 10, '2025-03-10 14:29:24', '2025-03-10 14:29:28', NULL),
	(177, 'RP1-ITB01', 'Remera Polo Recta Modelo Neru combinacion  tela pike ingles tech', NULL, NULL, 'Remera Polo Recta Modelo Neru combinacion  tela pike ingles tech', 1, 2, 10, '2025-03-10 14:29:24', '2025-03-10 14:29:28', NULL),
	(178, 'RP1-ITB02', 'Remera Polo Recta Modelo Neru Con Vivo combinacion  tela pike ingles tech', NULL, NULL, 'Remera Polo Recta Modelo Neru Con Vivo combinacion  tela pike ingles tech', 1, 2, 10, '2025-03-10 14:29:24', '2025-03-10 14:29:28', NULL),
	(179, 'RP1-ITB03', 'Remera Polo Recta Modelo Clasico Tejido combinacion  tela pike ingles tech', NULL, NULL, 'Remera Polo Recta Modelo Clasico Tejido combinacion  tela pike ingles tech', 1, 2, 10, '2025-03-10 14:29:24', '2025-03-10 14:29:28', NULL),
	(180, 'RP1-ITB04', 'Remera Polo Recta Modelo Clasico Entretelado combinacion  tela pike ingles tech', NULL, NULL, 'Remera Polo Recta Modelo Clasico Entretelado combinacion  tela pike ingles tech', 1, 2, 10, '2025-03-10 14:29:24', '2025-03-10 14:29:28', NULL),
	(181, 'RP1-ITB05', 'Remera Polo Recta Modelo Tejido Y Carterita  combinacion  tela pike ingles tech', NULL, NULL, 'Remera Polo Recta Modelo Tejido Y Carterita  combinacion  tela pike ingles tech', 1, 2, 10, '2025-03-10 14:29:24', '2025-03-10 14:29:28', NULL),
	(182, 'RP1-ITB06', 'Remera Polo Recta Modelo Entretelado Y Carterita  combinacion  tela pike ingles tech', NULL, NULL, 'Remera Polo Recta Modelo Entretelado Y Carterita  combinacion  tela pike ingles tech', 1, 2, 10, '2025-03-10 14:29:24', '2025-03-10 14:29:28', NULL),
	(183, 'RP1-ITB07', 'Remera Polo Recta Modelo Tejido Mas V combinacion  tela pike ingles tech', NULL, NULL, 'Remera Polo Recta Modelo Tejido Mas V combinacion  tela pike ingles tech', 1, 2, 10, '2025-03-10 14:29:24', '2025-03-10 14:29:28', NULL),
	(184, 'RP1-ITB08', 'Remera Polo Recta Modelo Entretelado Mas V combinacion  tela pike ingles tech', NULL, NULL, 'Remera Polo Recta Modelo Entretelado Mas V combinacion  tela pike ingles tech', 1, 2, 10, '2025-03-10 14:29:24', '2025-03-10 14:29:28', NULL),
	(185, 'RP1-ITB09', 'Remera Polo Recta Modelo Entretelado Y Cartera 20Cm combinacion  tela pike ingles tech', NULL, NULL, 'Remera Polo Recta Modelo Entretelado Y Cartera 20Cm combinacion  tela pike ingles tech', 1, 2, 10, '2025-03-10 14:29:24', '2025-03-10 14:29:28', NULL),
	(186, 'RP1-ITB10', 'Remera Polo Recta Modelo Tejido Y Cartera 20Cm combinacion  tela pike ingles tech', NULL, NULL, 'Remera Polo Recta Modelo Tejido Y Cartera 20Cm combinacion  tela pike ingles tech', 1, 2, 10, '2025-03-10 14:29:24', '2025-03-10 14:29:28', NULL),
	(187, 'RP1-ITS01', 'Remera Polo Recta Modelo Neru det sublimados tela pike ingles tech', NULL, NULL, 'Remera Polo Recta Modelo Neru det sublimados tela pike ingles tech', 1, 3, 10, '2025-03-10 14:29:24', '2025-03-10 14:29:28', NULL),
	(188, 'RP1-ITS02', 'Remera Polo Recta Modelo Neru Con Vivo det sublimados tela pike ingles tech', NULL, NULL, 'Remera Polo Recta Modelo Neru Con Vivo det sublimados tela pike ingles tech', 1, 3, 10, '2025-03-10 14:29:24', '2025-03-10 14:29:28', NULL),
	(189, 'RP1-ITS03', 'Remera Polo Recta Modelo Clasico Tejido det sublimados tela pike ingles tech', NULL, NULL, 'Remera Polo Recta Modelo Clasico Tejido det sublimados tela pike ingles tech', 1, 3, 10, '2025-03-10 14:29:24', '2025-03-10 14:29:28', NULL),
	(190, 'RP1-ITS04', 'Remera Polo Recta Modelo Clasico Entretelado det sublimados tela pike ingles tech', NULL, NULL, 'Remera Polo Recta Modelo Clasico Entretelado det sublimados tela pike ingles tech', 1, 3, 10, '2025-03-10 14:29:24', '2025-03-10 14:29:28', NULL),
	(191, 'RP1-ITS05', 'Remera Polo Recta Modelo Tejido Y Carterita  det sublimados tela pike ingles tech', NULL, NULL, 'Remera Polo Recta Modelo Tejido Y Carterita  det sublimados tela pike ingles tech', 1, 3, 10, '2025-03-10 14:29:24', '2025-03-10 14:29:28', NULL),
	(192, 'RP1-ITS06', 'Remera Polo Recta Modelo Entretelado Y Carterita  det sublimados tela pike ingles tech', NULL, NULL, 'Remera Polo Recta Modelo Entretelado Y Carterita  det sublimados tela pike ingles tech', 1, 3, 10, '2025-03-10 14:29:24', '2025-03-10 14:29:28', NULL),
	(193, 'RP1-ITS07', 'Remera Polo Recta Modelo Tejido Mas V det sublimados tela pike ingles tech', NULL, NULL, 'Remera Polo Recta Modelo Tejido Mas V det sublimados tela pike ingles tech', 1, 3, 10, '2025-03-10 14:29:24', '2025-03-10 14:29:28', NULL),
	(194, 'RP1-ITS08', 'Remera Polo Recta Modelo Entretelado Mas V det sublimados tela pike ingles tech', NULL, NULL, 'Remera Polo Recta Modelo Entretelado Mas V det sublimados tela pike ingles tech', 1, 3, 10, '2025-03-10 14:29:24', '2025-03-10 14:29:28', NULL),
	(195, 'RP1-ITS09', 'Remera Polo Recta Modelo Entretelado Y Cartera 20Cm det sublimados tela pike ingles tech', NULL, NULL, 'Remera Polo Recta Modelo Entretelado Y Cartera 20Cm det sublimados tela pike ingles tech', 1, 3, 10, '2025-03-10 14:29:24', '2025-03-10 14:29:28', NULL),
	(196, 'RP1-ITS10', 'Remera Polo Recta Modelo Tejido Y Cartera 20Cm det sublimados tela pike ingles tech', NULL, NULL, 'Remera Polo Recta Modelo Tejido Y Cartera 20Cm det sublimados tela pike ingles tech', 1, 3, 10, '2025-03-10 14:29:24', '2025-03-10 14:29:28', NULL),
	(197, 'RP1-INC01', 'Remera Polo Recta Modelo Neru solo un color tela pike ingles', NULL, NULL, 'Remera Polo Recta Modelo Neru solo un color tela pike ingles', 1, 1, 10, '2025-03-10 14:29:24', '2025-03-10 14:29:28', NULL),
	(198, 'RP1-INC02', 'Remera Polo Recta Modelo Neru Con Vivo solo un color tela pike ingles', NULL, NULL, 'Remera Polo Recta Modelo Neru Con Vivo solo un color tela pike ingles', 1, 1, 10, '2025-03-10 14:29:24', '2025-03-10 14:29:28', NULL),
	(199, 'RP1-INC03', 'Remera Polo Recta Modelo Clasico Tejido solo un color tela pike ingles', NULL, NULL, 'Remera Polo Recta Modelo Clasico Tejido solo un color tela pike ingles', 1, 1, 10, '2025-03-10 14:29:24', '2025-03-10 14:29:28', NULL),
	(200, 'RP1-INC04', 'Remera Polo Recta Modelo Clasico Entretelado solo un color tela pike ingles', NULL, NULL, 'Remera Polo Recta Modelo Clasico Entretelado solo un color tela pike ingles', 1, 1, 10, '2025-03-10 14:29:24', '2025-03-10 14:29:28', NULL),
	(201, 'RP1-INC05', 'Remera Polo Recta Modelo Tejido Y Carterita  solo un color tela pike ingles', NULL, NULL, 'Remera Polo Recta Modelo Tejido Y Carterita  solo un color tela pike ingles', 1, 1, 10, '2025-03-10 14:29:24', '2025-03-10 14:29:28', NULL),
	(202, 'RP1-INC06', 'Remera Polo Recta Modelo Entretelado Y Carterita  solo un color tela pike ingles', NULL, NULL, 'Remera Polo Recta Modelo Entretelado Y Carterita  solo un color tela pike ingles', 1, 1, 10, '2025-03-10 14:29:24', '2025-03-10 14:29:28', NULL),
	(203, 'RP1-INC07', 'Remera Polo Recta Modelo Tejido Mas V solo un color tela pike ingles', NULL, NULL, 'Remera Polo Recta Modelo Tejido Mas V solo un color tela pike ingles', 1, 1, 10, '2025-03-10 14:29:24', '2025-03-10 14:29:28', NULL),
	(204, 'RP1-INC08', 'Remera Polo Recta Modelo Entretelado Mas V solo un color tela pike ingles', NULL, NULL, 'Remera Polo Recta Modelo Entretelado Mas V solo un color tela pike ingles', 1, 1, 10, '2025-03-10 14:29:24', '2025-03-10 14:29:28', NULL),
	(205, 'RP1-INC09', 'Remera Polo Recta Modelo Entretelado Y Cartera 20Cm solo un color tela pike ingles', NULL, NULL, 'Remera Polo Recta Modelo Entretelado Y Cartera 20Cm solo un color tela pike ingles', 1, 1, 10, '2025-03-10 14:29:24', '2025-03-10 14:29:28', NULL),
	(206, 'RP1-INC10', 'Remera Polo Recta Modelo Tejido Y Cartera 20Cm solo un color tela pike ingles', NULL, NULL, 'Remera Polo Recta Modelo Tejido Y Cartera 20Cm solo un color tela pike ingles', 1, 1, 10, '2025-03-10 14:29:24', '2025-03-10 14:29:28', NULL),
	(207, 'RP1-INB01', 'Remera Polo Recta Modelo Neru combinacion  tela pike ingles', NULL, NULL, 'Remera Polo Recta Modelo Neru combinacion  tela pike ingles', 1, 2, 10, '2025-03-10 14:29:24', '2025-03-10 14:29:28', NULL),
	(208, 'RP1-INB02', 'Remera Polo Recta Modelo Neru Con Vivo combinacion  tela pike ingles', NULL, NULL, 'Remera Polo Recta Modelo Neru Con Vivo combinacion  tela pike ingles', 1, 2, 10, '2025-03-10 14:29:24', '2025-03-10 14:29:28', NULL),
	(209, 'RP1-INB03', 'Remera Polo Recta Modelo Clasico Tejido combinacion  tela pike ingles', NULL, NULL, 'Remera Polo Recta Modelo Clasico Tejido combinacion  tela pike ingles', 1, 2, 10, '2025-03-10 14:29:24', '2025-03-10 14:29:28', NULL),
	(210, 'RP1-INB04', 'Remera Polo Recta Modelo Clasico Entretelado combinacion  tela pike ingles', NULL, NULL, 'Remera Polo Recta Modelo Clasico Entretelado combinacion  tela pike ingles', 1, 2, 10, '2025-03-10 14:29:24', '2025-03-10 14:29:28', NULL),
	(211, 'RP1-INB05', 'Remera Polo Recta Modelo Tejido Y Carterita  combinacion  tela pike ingles', NULL, NULL, 'Remera Polo Recta Modelo Tejido Y Carterita  combinacion  tela pike ingles', 1, 2, 10, '2025-03-10 14:29:24', '2025-03-10 14:29:28', NULL),
	(212, 'RP1-INB06', 'Remera Polo Recta Modelo Entretelado Y Carterita  combinacion  tela pike ingles', NULL, NULL, 'Remera Polo Recta Modelo Entretelado Y Carterita  combinacion  tela pike ingles', 1, 2, 10, '2025-03-10 14:29:24', '2025-03-10 14:29:28', NULL),
	(213, 'RP1-INB07', 'Remera Polo Recta Modelo Tejido Mas V combinacion  tela pike ingles', NULL, NULL, 'Remera Polo Recta Modelo Tejido Mas V combinacion  tela pike ingles', 1, 2, 10, '2025-03-10 14:29:24', '2025-03-10 14:29:28', NULL),
	(214, 'RP1-INB08', 'Remera Polo Recta Modelo Entretelado Mas V combinacion  tela pike ingles', NULL, NULL, 'Remera Polo Recta Modelo Entretelado Mas V combinacion  tela pike ingles', 1, 2, 10, '2025-03-10 14:29:24', '2025-03-10 14:29:28', NULL),
	(215, 'RP1-INB09', 'Remera Polo Recta Modelo Entretelado Y Cartera 20Cm combinacion  tela pike ingles', NULL, NULL, 'Remera Polo Recta Modelo Entretelado Y Cartera 20Cm combinacion  tela pike ingles', 1, 2, 10, '2025-03-10 14:29:24', '2025-03-10 14:29:28', NULL),
	(216, 'RP1-INB10', 'Remera Polo Recta Modelo Tejido Y Cartera 20Cm combinacion  tela pike ingles', NULL, NULL, 'Remera Polo Recta Modelo Tejido Y Cartera 20Cm combinacion  tela pike ingles', 1, 2, 10, '2025-03-10 14:29:24', '2025-03-10 14:29:28', NULL),
	(217, 'RP1-INS01', 'Remera Polo Recta Modelo Neru det sublimados tela pike ingles', NULL, NULL, 'Remera Polo Recta Modelo Neru det sublimados tela pike ingles', 1, 3, 10, '2025-03-10 14:29:24', '2025-03-10 14:29:28', NULL),
	(218, 'RP1-INS02', 'Remera Polo Recta Modelo Neru Con Vivo det sublimados tela pike ingles', NULL, NULL, 'Remera Polo Recta Modelo Neru Con Vivo det sublimados tela pike ingles', 1, 3, 10, '2025-03-10 14:29:24', '2025-03-10 14:29:28', NULL),
	(219, 'RP1-INS03', 'Remera Polo Recta Modelo Clasico Tejido det sublimados tela pike ingles', NULL, NULL, 'Remera Polo Recta Modelo Clasico Tejido det sublimados tela pike ingles', 1, 3, 10, '2025-03-10 14:29:24', '2025-03-10 14:29:28', NULL),
	(220, 'RP1-INS04', 'Remera Polo Recta Modelo Clasico Entretelado det sublimados tela pike ingles', NULL, NULL, 'Remera Polo Recta Modelo Clasico Entretelado det sublimados tela pike ingles', 1, 3, 10, '2025-03-10 14:29:24', '2025-03-10 14:29:28', NULL),
	(221, 'RP1-INS05', 'Remera Polo Recta Modelo Tejido Y Carterita  det sublimados tela pike ingles', NULL, NULL, 'Remera Polo Recta Modelo Tejido Y Carterita  det sublimados tela pike ingles', 1, 3, 10, '2025-03-10 14:29:24', '2025-03-10 14:29:28', NULL),
	(222, 'RP1-INS06', 'Remera Polo Recta Modelo Entretelado Y Carterita  det sublimados tela pike ingles', NULL, NULL, 'Remera Polo Recta Modelo Entretelado Y Carterita  det sublimados tela pike ingles', 1, 3, 10, '2025-03-10 14:29:24', '2025-03-10 14:29:28', NULL),
	(223, 'RP1-INS07', 'Remera Polo Recta Modelo Tejido Mas V det sublimados tela pike ingles', NULL, NULL, 'Remera Polo Recta Modelo Tejido Mas V det sublimados tela pike ingles', 1, 3, 10, '2025-03-10 14:29:24', '2025-03-10 14:29:28', NULL),
	(224, 'RP1-INS08', 'Remera Polo Recta Modelo Entretelado Mas V det sublimados tela pike ingles', NULL, NULL, 'Remera Polo Recta Modelo Entretelado Mas V det sublimados tela pike ingles', 1, 3, 10, '2025-03-10 14:29:24', '2025-03-10 14:29:28', NULL),
	(225, 'RP1-INS09', 'Remera Polo Recta Modelo Entretelado Y Cartera 20Cm det sublimados tela pike ingles', NULL, NULL, 'Remera Polo Recta Modelo Entretelado Y Cartera 20Cm det sublimados tela pike ingles', 1, 3, 10, '2025-03-10 14:29:24', '2025-03-10 14:29:28', NULL),
	(226, 'RP1-INS10', 'Remera Polo Recta Modelo Tejido Y Cartera 20Cm det sublimados tela pike ingles', NULL, NULL, 'Remera Polo Recta Modelo Tejido Y Cartera 20Cm det sublimados tela pike ingles', 1, 3, 10, '2025-03-10 14:29:24', '2025-03-10 14:29:28', NULL),
	(227, 'RP1-ALC01', 'Remera Polo Recta Modelo Neru solo un color tela alegra', NULL, NULL, 'Remera Polo Recta Modelo Neru solo un color tela alegra', 1, 1, 10, '2025-03-10 14:29:24', '2025-03-10 14:29:28', NULL),
	(228, 'RP1-ALC02', 'Remera Polo Recta Modelo Neru Con Vivo solo un color tela alegra', NULL, NULL, 'Remera Polo Recta Modelo Neru Con Vivo solo un color tela alegra', 1, 1, 10, '2025-03-10 14:29:24', '2025-03-10 14:29:28', NULL),
	(229, 'RP1-ALC03', 'Remera Polo Recta Modelo Clasico Tejido solo un color tela alegra', NULL, NULL, 'Remera Polo Recta Modelo Clasico Tejido solo un color tela alegra', 1, 1, 10, '2025-03-10 14:29:24', '2025-03-10 14:29:28', NULL),
	(230, 'RP1-ALC04', 'Remera Polo Recta Modelo Clasico Entretelado solo un color tela alegra', NULL, NULL, 'Remera Polo Recta Modelo Clasico Entretelado solo un color tela alegra', 1, 1, 10, '2025-03-10 14:29:24', '2025-03-10 14:29:28', NULL),
	(231, 'RP1-ALC05', 'Remera Polo Recta Modelo Tejido Y Carterita  solo un color tela alegra', NULL, NULL, 'Remera Polo Recta Modelo Tejido Y Carterita  solo un color tela alegra', 1, 1, 10, '2025-03-10 14:29:24', '2025-03-10 14:29:28', NULL),
	(232, 'RP1-ALC06', 'Remera Polo Recta Modelo Entretelado Y Carterita  solo un color tela alegra', NULL, NULL, 'Remera Polo Recta Modelo Entretelado Y Carterita  solo un color tela alegra', 1, 1, 10, '2025-03-10 14:29:24', '2025-03-10 14:29:28', NULL),
	(233, 'RP1-ALC07', 'Remera Polo Recta Modelo Tejido Mas V solo un color tela alegra', NULL, NULL, 'Remera Polo Recta Modelo Tejido Mas V solo un color tela alegra', 1, 1, 10, '2025-03-10 14:29:24', '2025-03-10 14:29:28', NULL),
	(234, 'RP1-ALC08', 'Remera Polo Recta Modelo Entretelado Mas V solo un color tela alegra', NULL, NULL, 'Remera Polo Recta Modelo Entretelado Mas V solo un color tela alegra', 1, 1, 10, '2025-03-10 14:29:24', '2025-03-10 14:29:28', NULL),
	(235, 'RP1-ALC09', 'Remera Polo Recta Modelo Entretelado Y Cartera 20Cm solo un color tela alegra', NULL, NULL, 'Remera Polo Recta Modelo Entretelado Y Cartera 20Cm solo un color tela alegra', 1, 1, 10, '2025-03-10 14:29:24', '2025-03-10 14:29:28', NULL),
	(236, 'RP1-ALC10', 'Remera Polo Recta Modelo Tejido Y Cartera 20Cm solo un color tela alegra', NULL, NULL, 'Remera Polo Recta Modelo Tejido Y Cartera 20Cm solo un color tela alegra', 1, 1, 10, '2025-03-10 14:29:24', '2025-03-10 14:29:28', NULL),
	(237, 'RP1-ALB01', 'Remera Polo Recta Modelo Neru combinacion  tela alegra', NULL, NULL, 'Remera Polo Recta Modelo Neru combinacion  tela alegra', 1, 2, 10, '2025-03-10 14:29:24', '2025-03-10 14:29:28', NULL),
	(238, 'RP1-ALB02', 'Remera Polo Recta Modelo Neru Con Vivo combinacion  tela alegra', NULL, NULL, 'Remera Polo Recta Modelo Neru Con Vivo combinacion  tela alegra', 1, 2, 10, '2025-03-10 14:29:24', '2025-03-10 14:29:28', NULL),
	(239, 'RP1-ALB03', 'Remera Polo Recta Modelo Clasico Tejido combinacion  tela alegra', NULL, NULL, 'Remera Polo Recta Modelo Clasico Tejido combinacion  tela alegra', 1, 2, 10, '2025-03-10 14:29:24', '2025-03-10 14:29:28', NULL),
	(240, 'RP1-ALB04', 'Remera Polo Recta Modelo Clasico Entretelado combinacion  tela alegra', NULL, NULL, 'Remera Polo Recta Modelo Clasico Entretelado combinacion  tela alegra', 1, 2, 10, '2025-03-10 14:29:24', '2025-03-10 14:29:28', NULL),
	(241, 'RP1-ALB05', 'Remera Polo Recta Modelo Tejido Y Carterita  combinacion  tela alegra', NULL, NULL, 'Remera Polo Recta Modelo Tejido Y Carterita  combinacion  tela alegra', 1, 2, 10, '2025-03-10 14:29:24', '2025-03-10 14:29:28', NULL),
	(242, 'RP1-ALB06', 'Remera Polo Recta Modelo Entretelado Y Carterita  combinacion  tela alegra', NULL, NULL, 'Remera Polo Recta Modelo Entretelado Y Carterita  combinacion  tela alegra', 1, 2, 10, '2025-03-10 14:29:24', '2025-03-10 14:29:28', NULL),
	(243, 'RP1-ALB07', 'Remera Polo Recta Modelo Tejido Mas V combinacion  tela alegra', NULL, NULL, 'Remera Polo Recta Modelo Tejido Mas V combinacion  tela alegra', 1, 2, 10, '2025-03-10 14:29:24', '2025-03-10 14:29:28', NULL),
	(244, 'RP1-ALB08', 'Remera Polo Recta Modelo Entretelado Mas V combinacion  tela alegra', NULL, NULL, 'Remera Polo Recta Modelo Entretelado Mas V combinacion  tela alegra', 1, 2, 10, '2025-03-10 14:29:24', '2025-03-10 14:29:28', NULL),
	(245, 'RP1-ALB09', 'Remera Polo Recta Modelo Entretelado Y Cartera 20Cm combinacion  tela alegra', NULL, NULL, 'Remera Polo Recta Modelo Entretelado Y Cartera 20Cm combinacion  tela alegra', 1, 2, 10, '2025-03-10 14:29:24', '2025-03-10 14:29:28', NULL),
	(246, 'RP1-ALB10', 'Remera Polo Recta Modelo Tejido Y Cartera 20Cm combinacion  tela alegra', NULL, NULL, 'Remera Polo Recta Modelo Tejido Y Cartera 20Cm combinacion  tela alegra', 1, 2, 10, '2025-03-10 14:29:24', '2025-03-10 14:29:28', NULL),
	(247, 'RP1-ALS01', 'Remera Polo Recta Modelo Neru det sublimados tela alegra', NULL, NULL, 'Remera Polo Recta Modelo Neru det sublimados tela alegra', 1, 3, 10, '2025-03-10 14:29:24', '2025-03-10 14:29:28', NULL),
	(248, 'RP1-ALS02', 'Remera Polo Recta Modelo Neru Con Vivo det sublimados tela alegra', NULL, NULL, 'Remera Polo Recta Modelo Neru Con Vivo det sublimados tela alegra', 1, 3, 10, '2025-03-10 14:29:24', '2025-03-10 14:29:28', NULL),
	(249, 'RP1-ALS03', 'Remera Polo Recta Modelo Clasico Tejido det sublimados tela alegra', NULL, NULL, 'Remera Polo Recta Modelo Clasico Tejido det sublimados tela alegra', 1, 3, 10, '2025-03-10 14:29:24', '2025-03-10 14:29:28', NULL),
	(250, 'RP1-ALS04', 'Remera Polo Recta Modelo Clasico Entretelado det sublimados tela alegra', NULL, NULL, 'Remera Polo Recta Modelo Clasico Entretelado det sublimados tela alegra', 1, 3, 10, '2025-03-10 14:29:24', '2025-03-10 14:29:28', NULL),
	(251, 'RP1-ALS05', 'Remera Polo Recta Modelo Tejido Y Carterita  det sublimados tela alegra', NULL, NULL, 'Remera Polo Recta Modelo Tejido Y Carterita  det sublimados tela alegra', 1, 3, 10, '2025-03-10 14:29:24', '2025-03-10 14:29:28', NULL),
	(252, 'RP1-ALS06', 'Remera Polo Recta Modelo Entretelado Y Carterita  det sublimados tela alegra', NULL, NULL, 'Remera Polo Recta Modelo Entretelado Y Carterita  det sublimados tela alegra', 1, 3, 10, '2025-03-10 14:29:24', '2025-03-10 14:29:28', NULL),
	(253, 'RP1-ALS07', 'Remera Polo Recta Modelo Tejido Mas V det sublimados tela alegra', NULL, NULL, 'Remera Polo Recta Modelo Tejido Mas V det sublimados tela alegra', 1, 3, 10, '2025-03-10 14:29:24', '2025-03-10 14:29:28', NULL),
	(254, 'RP1-ALS08', 'Remera Polo Recta Modelo Entretelado Mas V det sublimados tela alegra', NULL, NULL, 'Remera Polo Recta Modelo Entretelado Mas V det sublimados tela alegra', 1, 3, 10, '2025-03-10 14:29:24', '2025-03-10 14:29:28', NULL),
	(255, 'RP1-ALS09', 'Remera Polo Recta Modelo Entretelado Y Cartera 20Cm det sublimados tela alegra', NULL, NULL, 'Remera Polo Recta Modelo Entretelado Y Cartera 20Cm det sublimados tela alegra', 1, 3, 10, '2025-03-10 14:29:24', '2025-03-10 14:29:28', NULL),
	(256, 'RP1-ALS10', 'Remera Polo Recta Modelo Tejido Y Cartera 20Cm det sublimados tela alegra', NULL, NULL, 'Remera Polo Recta Modelo Tejido Y Cartera 20Cm det sublimados tela alegra', 1, 3, 10, '2025-03-10 14:29:24', '2025-03-10 14:29:28', NULL),
	(257, 'RP1-VCC01', 'Remera Polo Recta Modelo Neru solo un color tela pike vicuña', NULL, NULL, 'Remera Polo Recta Modelo Neru solo un color tela pike vicuña', 1, 1, 10, '2025-03-10 14:29:24', '2025-03-10 14:29:28', NULL),
	(258, 'RP1-VCC02', 'Remera Polo Recta Modelo Neru Con Vivo solo un color tela pike vicuña', NULL, NULL, 'Remera Polo Recta Modelo Neru Con Vivo solo un color tela pike vicuña', 1, 1, 10, '2025-03-10 14:29:24', '2025-03-10 14:29:28', NULL),
	(259, 'RP1-VCC03', 'Remera Polo Recta Modelo Clasico Tejido solo un color tela pike vicuña', NULL, NULL, 'Remera Polo Recta Modelo Clasico Tejido solo un color tela pike vicuña', 1, 1, 10, '2025-03-10 14:29:24', '2025-03-10 14:29:28', NULL),
	(260, 'RP1-VCC04', 'Remera Polo Recta Modelo Clasico Entretelado solo un color tela pike vicuña', NULL, NULL, 'Remera Polo Recta Modelo Clasico Entretelado solo un color tela pike vicuña', 1, 1, 10, '2025-03-10 14:29:24', '2025-03-10 14:29:28', NULL),
	(261, 'RP1-VCC05', 'Remera Polo Recta Modelo Tejido Y Carterita  solo un color tela pike vicuña', NULL, NULL, 'Remera Polo Recta Modelo Tejido Y Carterita  solo un color tela pike vicuña', 1, 1, 10, '2025-03-10 14:29:24', '2025-03-10 14:29:28', NULL),
	(262, 'RP1-VCC06', 'Remera Polo Recta Modelo Entretelado Y Carterita  solo un color tela pike vicuña', NULL, NULL, 'Remera Polo Recta Modelo Entretelado Y Carterita  solo un color tela pike vicuña', 1, 1, 10, '2025-03-10 14:29:24', '2025-03-10 14:29:28', NULL),
	(263, 'RP1-VCC07', 'Remera Polo Recta Modelo Tejido Mas V solo un color tela pike vicuña', NULL, NULL, 'Remera Polo Recta Modelo Tejido Mas V solo un color tela pike vicuña', 1, 1, 10, '2025-03-10 14:29:24', '2025-03-10 14:29:28', NULL),
	(264, 'RP1-VCC08', 'Remera Polo Recta Modelo Entretelado Mas V solo un color tela pike vicuña', NULL, NULL, 'Remera Polo Recta Modelo Entretelado Mas V solo un color tela pike vicuña', 1, 1, 10, '2025-03-10 14:29:24', '2025-03-10 14:29:28', NULL),
	(265, 'RP1-VCC09', 'Remera Polo Recta Modelo Entretelado Y Cartera 20Cm solo un color tela pike vicuña', NULL, NULL, 'Remera Polo Recta Modelo Entretelado Y Cartera 20Cm solo un color tela pike vicuña', 1, 1, 10, '2025-03-10 14:29:24', '2025-03-10 14:29:28', NULL),
	(266, 'RP1-VCC10', 'Remera Polo Recta Modelo Tejido Y Cartera 20Cm solo un color tela pike vicuña', NULL, NULL, 'Remera Polo Recta Modelo Tejido Y Cartera 20Cm solo un color tela pike vicuña', 1, 1, 10, '2025-03-10 14:29:24', '2025-03-10 14:29:28', NULL),
	(267, 'RP1-VCB01', 'Remera Polo Recta Modelo Neru combinacion  tela pike vicuña', NULL, NULL, 'Remera Polo Recta Modelo Neru combinacion  tela pike vicuña', 1, 2, 10, '2025-03-10 14:29:24', '2025-03-10 14:29:28', NULL),
	(268, 'RP1-VCB02', 'Remera Polo Recta Modelo Neru Con Vivo combinacion  tela pike vicuña', NULL, NULL, 'Remera Polo Recta Modelo Neru Con Vivo combinacion  tela pike vicuña', 1, 2, 10, '2025-03-10 14:29:24', '2025-03-10 14:29:28', NULL),
	(269, 'RP1-VCB03', 'Remera Polo Recta Modelo Clasico Tejido combinacion  tela pike vicuña', NULL, NULL, 'Remera Polo Recta Modelo Clasico Tejido combinacion  tela pike vicuña', 1, 2, 10, '2025-03-10 14:29:24', '2025-03-10 14:29:28', NULL),
	(270, 'RP1-VCB04', 'Remera Polo Recta Modelo Clasico Entretelado combinacion  tela pike vicuña', NULL, NULL, 'Remera Polo Recta Modelo Clasico Entretelado combinacion  tela pike vicuña', 1, 2, 10, '2025-03-10 14:29:24', '2025-03-10 14:29:28', NULL),
	(271, 'RP1-VCB05', 'Remera Polo Recta Modelo Tejido Y Carterita  combinacion  tela pike vicuña', NULL, NULL, 'Remera Polo Recta Modelo Tejido Y Carterita  combinacion  tela pike vicuña', 1, 2, 10, '2025-03-10 14:29:24', '2025-03-10 14:29:28', NULL),
	(272, 'RP1-VCB06', 'Remera Polo Recta Modelo Entretelado Y Carterita  combinacion  tela pike vicuña', NULL, NULL, 'Remera Polo Recta Modelo Entretelado Y Carterita  combinacion  tela pike vicuña', 1, 2, 10, '2025-03-10 14:29:24', '2025-03-10 14:29:28', NULL),
	(273, 'RP1-VCB07', 'Remera Polo Recta Modelo Tejido Mas V combinacion  tela pike vicuña', NULL, NULL, 'Remera Polo Recta Modelo Tejido Mas V combinacion  tela pike vicuña', 1, 2, 10, '2025-03-10 14:29:24', '2025-03-10 14:29:28', NULL),
	(274, 'RP1-VCB08', 'Remera Polo Recta Modelo Entretelado Mas V combinacion  tela pike vicuña', NULL, NULL, 'Remera Polo Recta Modelo Entretelado Mas V combinacion  tela pike vicuña', 1, 2, 10, '2025-03-10 14:29:24', '2025-03-10 14:29:28', NULL),
	(275, 'RP1-VCB09', 'Remera Polo Recta Modelo Entretelado Y Cartera 20Cm combinacion  tela pike vicuña', NULL, NULL, 'Remera Polo Recta Modelo Entretelado Y Cartera 20Cm combinacion  tela pike vicuña', 1, 2, 10, '2025-03-10 14:29:24', '2025-03-10 14:29:28', NULL),
	(276, 'RP1-VCB10', 'Remera Polo Recta Modelo Tejido Y Cartera 20Cm combinacion  tela pike vicuña', NULL, NULL, 'Remera Polo Recta Modelo Tejido Y Cartera 20Cm combinacion  tela pike vicuña', 1, 2, 10, '2025-03-10 14:29:24', '2025-03-10 14:29:28', NULL),
	(277, 'RP1-VCS01', 'Remera Polo Recta Modelo Neru det sublimados tela pike vicuña', NULL, NULL, 'Remera Polo Recta Modelo Neru det sublimados tela pike vicuña', 1, 3, 10, '2025-03-10 14:29:24', '2025-03-10 14:29:28', NULL),
	(278, 'RP1-VCS02', 'Remera Polo Recta Modelo Neru Con Vivo det sublimados tela pike vicuña', NULL, NULL, 'Remera Polo Recta Modelo Neru Con Vivo det sublimados tela pike vicuña', 1, 3, 10, '2025-03-10 14:29:24', '2025-03-10 14:29:28', NULL),
	(279, 'RP1-VCS03', 'Remera Polo Recta Modelo Clasico Tejido det sublimados tela pike vicuña', NULL, NULL, 'Remera Polo Recta Modelo Clasico Tejido det sublimados tela pike vicuña', 1, 3, 10, '2025-03-10 14:29:24', '2025-03-10 14:29:28', NULL),
	(280, 'RP1-VCS04', 'Remera Polo Recta Modelo Clasico Entretelado det sublimados tela pike vicuña', NULL, NULL, 'Remera Polo Recta Modelo Clasico Entretelado det sublimados tela pike vicuña', 1, 3, 10, '2025-03-10 14:29:24', '2025-03-10 14:29:28', NULL),
	(281, 'RP1-VCS05', 'Remera Polo Recta Modelo Tejido Y Carterita  det sublimados tela pike vicuña', NULL, NULL, 'Remera Polo Recta Modelo Tejido Y Carterita  det sublimados tela pike vicuña', 1, 3, 10, '2025-03-10 14:29:24', '2025-03-10 14:29:28', NULL),
	(282, 'RP1-VCS06', 'Remera Polo Recta Modelo Entretelado Y Carterita  det sublimados tela pike vicuña', NULL, NULL, 'Remera Polo Recta Modelo Entretelado Y Carterita  det sublimados tela pike vicuña', 1, 3, 10, '2025-03-10 14:29:24', '2025-03-10 14:29:28', NULL),
	(283, 'RP1-VCS07', 'Remera Polo Recta Modelo Tejido Mas V det sublimados tela pike vicuña', NULL, NULL, 'Remera Polo Recta Modelo Tejido Mas V det sublimados tela pike vicuña', 1, 3, 10, '2025-03-10 14:29:24', '2025-03-10 14:29:28', NULL),
	(284, 'RP1-VCS08', 'Remera Polo Recta Modelo Entretelado Mas V det sublimados tela pike vicuña', NULL, NULL, 'Remera Polo Recta Modelo Entretelado Mas V det sublimados tela pike vicuña', 1, 3, 10, '2025-03-10 14:29:24', '2025-03-10 14:29:28', NULL),
	(285, 'RP1-VCS09', 'Remera Polo Recta Modelo Entretelado Y Cartera 20Cm det sublimados tela pike vicuña', NULL, NULL, 'Remera Polo Recta Modelo Entretelado Y Cartera 20Cm det sublimados tela pike vicuña', 1, 3, 10, '2025-03-10 14:29:24', '2025-03-10 14:29:28', NULL),
	(286, 'RP1-VCS10', 'Remera Polo Recta Modelo Tejido Y Cartera 20Cm det sublimados tela pike vicuña', NULL, NULL, 'Remera Polo Recta Modelo Tejido Y Cartera 20Cm det sublimados tela pike vicuña', 1, 3, 10, '2025-03-10 14:29:24', '2025-03-10 14:29:28', NULL),
	(287, 'RP1-PVC01', 'Remera Polo Recta Modelo Neru solo un color tela pike PV', NULL, NULL, 'Remera Polo Recta Modelo Neru solo un color tela pike PV', 1, 1, 10, '2025-03-10 14:29:24', '2025-03-10 14:29:28', NULL),
	(288, 'RP1-PVC02', 'Remera Polo Recta Modelo Neru Con Vivo solo un color tela pike PV', NULL, NULL, 'Remera Polo Recta Modelo Neru Con Vivo solo un color tela pike PV', 1, 1, 10, '2025-03-10 14:29:24', '2025-03-10 14:29:28', NULL),
	(289, 'RP1-PVC03', 'Remera Polo Recta Modelo Clasico Tejido solo un color tela pike PV', NULL, NULL, 'Remera Polo Recta Modelo Clasico Tejido solo un color tela pike PV', 1, 1, 10, '2025-03-10 14:29:24', '2025-03-10 14:29:28', NULL),
	(290, 'RP1-PVC04', 'Remera Polo Recta Modelo Clasico Entretelado solo un color tela pike PV', NULL, NULL, 'Remera Polo Recta Modelo Clasico Entretelado solo un color tela pike PV', 1, 1, 10, '2025-03-10 14:29:24', '2025-03-10 14:29:28', NULL),
	(291, 'RP1-PVC05', 'Remera Polo Recta Modelo Tejido Y Carterita  solo un color tela pike PV', NULL, NULL, 'Remera Polo Recta Modelo Tejido Y Carterita  solo un color tela pike PV', 1, 1, 10, '2025-03-10 14:29:24', '2025-03-10 14:29:28', NULL),
	(292, 'RP1-PVC06', 'Remera Polo Recta Modelo Entretelado Y Carterita  solo un color tela pike PV', NULL, NULL, 'Remera Polo Recta Modelo Entretelado Y Carterita  solo un color tela pike PV', 1, 1, 10, '2025-03-10 14:29:24', '2025-03-10 14:29:28', NULL),
	(293, 'RP1-PVC07', 'Remera Polo Recta Modelo Tejido Mas V solo un color tela pike PV', NULL, NULL, 'Remera Polo Recta Modelo Tejido Mas V solo un color tela pike PV', 1, 1, 10, '2025-03-10 14:29:24', '2025-03-10 14:29:28', NULL),
	(294, 'RP1-PVC08', 'Remera Polo Recta Modelo Entretelado Mas V solo un color tela pike PV', NULL, NULL, 'Remera Polo Recta Modelo Entretelado Mas V solo un color tela pike PV', 1, 1, 10, '2025-03-10 14:29:24', '2025-03-10 14:29:28', NULL),
	(295, 'RP1-PVC09', 'Remera Polo Recta Modelo Entretelado Y Cartera 20Cm solo un color tela pike PV', NULL, NULL, 'Remera Polo Recta Modelo Entretelado Y Cartera 20Cm solo un color tela pike PV', 1, 1, 10, '2025-03-10 14:29:24', '2025-03-10 14:29:28', NULL),
	(296, 'RP1-PVC10', 'Remera Polo Recta Modelo Tejido Y Cartera 20Cm solo un color tela pike PV', NULL, NULL, 'Remera Polo Recta Modelo Tejido Y Cartera 20Cm solo un color tela pike PV', 1, 1, 10, '2025-03-10 14:29:24', '2025-03-10 14:29:28', NULL),
	(297, 'RP1-PVB01', 'Remera Polo Recta Modelo Neru combinacion  tela pike PV', NULL, NULL, 'Remera Polo Recta Modelo Neru combinacion  tela pike PV', 1, 2, 10, '2025-03-10 14:29:24', '2025-03-10 14:29:28', NULL),
	(298, 'RP1-PVB02', 'Remera Polo Recta Modelo Neru Con Vivo combinacion  tela pike PV', NULL, NULL, 'Remera Polo Recta Modelo Neru Con Vivo combinacion  tela pike PV', 1, 2, 10, '2025-03-10 14:29:24', '2025-03-10 14:29:28', NULL),
	(299, 'RP1-PVB03', 'Remera Polo Recta Modelo Clasico Tejido combinacion  tela pike PV', NULL, NULL, 'Remera Polo Recta Modelo Clasico Tejido combinacion  tela pike PV', 1, 2, 10, '2025-03-10 14:29:24', '2025-03-10 14:29:28', NULL),
	(300, 'RP1-PVB04', 'Remera Polo Recta Modelo Clasico Entretelado combinacion  tela pike PV', NULL, NULL, 'Remera Polo Recta Modelo Clasico Entretelado combinacion  tela pike PV', 1, 2, 10, '2025-03-10 14:29:24', '2025-03-10 14:29:28', NULL),
	(301, 'RP1-PVB05', 'Remera Polo Recta Modelo Tejido Y Carterita  combinacion  tela pike PV', NULL, NULL, 'Remera Polo Recta Modelo Tejido Y Carterita  combinacion  tela pike PV', 1, 2, 10, '2025-03-10 14:29:24', '2025-03-10 14:29:28', NULL),
	(302, 'RP1-PVB06', 'Remera Polo Recta Modelo Entretelado Y Carterita  combinacion  tela pike PV', NULL, NULL, 'Remera Polo Recta Modelo Entretelado Y Carterita  combinacion  tela pike PV', 1, 2, 10, '2025-03-10 14:29:24', '2025-03-10 14:29:28', NULL),
	(303, 'RP1-PVB07', 'Remera Polo Recta Modelo Tejido Mas V combinacion  tela pike PV', NULL, NULL, 'Remera Polo Recta Modelo Tejido Mas V combinacion  tela pike PV', 1, 2, 10, '2025-03-10 14:29:24', '2025-03-10 14:29:28', NULL),
	(304, 'RP1-PVB08', 'Remera Polo Recta Modelo Entretelado Mas V combinacion  tela pike PV', NULL, NULL, 'Remera Polo Recta Modelo Entretelado Mas V combinacion  tela pike PV', 1, 2, 10, '2025-03-10 14:29:24', '2025-03-10 14:29:28', NULL),
	(305, 'RP1-PVB09', 'Remera Polo Recta Modelo Entretelado Y Cartera 20Cm combinacion  tela pike PV', NULL, NULL, 'Remera Polo Recta Modelo Entretelado Y Cartera 20Cm combinacion  tela pike PV', 1, 2, 10, '2025-03-10 14:29:24', '2025-03-10 14:29:28', NULL),
	(306, 'RP1-PVB10', 'Remera Polo Recta Modelo Tejido Y Cartera 20Cm combinacion  tela pike PV', NULL, NULL, 'Remera Polo Recta Modelo Tejido Y Cartera 20Cm combinacion  tela pike PV', 1, 2, 10, '2025-03-10 14:29:24', '2025-03-10 14:29:28', NULL),
	(307, 'RP1-PVS01', 'Remera Polo Recta Modelo Neru det sublimados tela pike PV', NULL, NULL, 'Remera Polo Recta Modelo Neru det sublimados tela pike PV', 1, 3, 10, '2025-03-10 14:29:24', '2025-03-10 14:29:28', NULL),
	(308, 'RP1-PVS02', 'Remera Polo Recta Modelo Neru Con Vivo det sublimados tela pike PV', NULL, NULL, 'Remera Polo Recta Modelo Neru Con Vivo det sublimados tela pike PV', 1, 3, 10, '2025-03-10 14:29:24', '2025-03-10 14:29:28', NULL),
	(309, 'RP1-PVS03', 'Remera Polo Recta Modelo Clasico Tejido det sublimados tela pike PV', NULL, NULL, 'Remera Polo Recta Modelo Clasico Tejido det sublimados tela pike PV', 1, 3, 10, '2025-03-10 14:29:24', '2025-03-10 14:29:28', NULL),
	(310, 'RP1-PVS04', 'Remera Polo Recta Modelo Clasico Entretelado det sublimados tela pike PV', NULL, NULL, 'Remera Polo Recta Modelo Clasico Entretelado det sublimados tela pike PV', 1, 3, 10, '2025-03-10 14:29:24', '2025-03-10 14:29:28', NULL),
	(311, 'RP1-PVS05', 'Remera Polo Recta Modelo Tejido Y Carterita  det sublimados tela pike PV', NULL, NULL, 'Remera Polo Recta Modelo Tejido Y Carterita  det sublimados tela pike PV', 1, 3, 10, '2025-03-10 14:29:24', '2025-03-10 14:29:28', NULL),
	(312, 'RP1-PVS06', 'Remera Polo Recta Modelo Entretelado Y Carterita  det sublimados tela pike PV', NULL, NULL, 'Remera Polo Recta Modelo Entretelado Y Carterita  det sublimados tela pike PV', 1, 3, 10, '2025-03-10 14:29:24', '2025-03-10 14:29:28', NULL),
	(313, 'RP1-PVS07', 'Remera Polo Recta Modelo Tejido Mas V det sublimados tela pike PV', NULL, NULL, 'Remera Polo Recta Modelo Tejido Mas V det sublimados tela pike PV', 1, 3, 10, '2025-03-10 14:29:24', '2025-03-10 14:29:28', NULL),
	(314, 'RP1-PVS08', 'Remera Polo Recta Modelo Entretelado Mas V det sublimados tela pike PV', NULL, NULL, 'Remera Polo Recta Modelo Entretelado Mas V det sublimados tela pike PV', 1, 3, 10, '2025-03-10 14:29:24', '2025-03-10 14:29:28', NULL),
	(315, 'RP1-PVS09', 'Remera Polo Recta Modelo Entretelado Y Cartera 20Cm det sublimados tela pike PV', NULL, NULL, 'Remera Polo Recta Modelo Entretelado Y Cartera 20Cm det sublimados tela pike PV', 1, 3, 10, '2025-03-10 14:29:24', '2025-03-10 14:29:28', NULL),
	(316, 'RP1-PVS10', 'Remera Polo Recta Modelo Tejido Y Cartera 20Cm det sublimados tela pike PV', NULL, NULL, 'Remera Polo Recta Modelo Tejido Y Cartera 20Cm det sublimados tela pike PV', 1, 3, 10, '2025-03-10 14:29:24', '2025-03-10 14:29:28', NULL),
	(317, 'RP1-APC01', 'Remera Polo Recta Modelo Neru solo un color tela algodon premium', NULL, NULL, 'Remera Polo Recta Modelo Neru solo un color tela algodon premium', 1, 1, 10, '2025-03-10 14:29:24', '2025-03-10 14:29:28', NULL),
	(318, 'RP1-APC02', 'Remera Polo Recta Modelo Neru Con Vivo solo un color tela algodon premium', NULL, NULL, 'Remera Polo Recta Modelo Neru Con Vivo solo un color tela algodon premium', 1, 1, 10, '2025-03-10 14:29:24', '2025-03-10 14:29:28', NULL),
	(319, 'RP1-APC03', 'Remera Polo Recta Modelo Clasico Tejido solo un color tela algodon premium', NULL, NULL, 'Remera Polo Recta Modelo Clasico Tejido solo un color tela algodon premium', 1, 1, 10, '2025-03-10 14:29:24', '2025-03-10 14:29:28', NULL),
	(320, 'RP1-APC04', 'Remera Polo Recta Modelo Clasico Entretelado solo un color tela algodon premium', NULL, NULL, 'Remera Polo Recta Modelo Clasico Entretelado solo un color tela algodon premium', 1, 1, 10, '2025-03-10 14:29:24', '2025-03-10 14:29:28', NULL),
	(321, 'RP1-APC05', 'Remera Polo Recta Modelo Tejido Y Carterita  solo un color tela algodon premium', NULL, NULL, 'Remera Polo Recta Modelo Tejido Y Carterita  solo un color tela algodon premium', 1, 1, 10, '2025-03-10 14:29:24', '2025-03-10 14:29:28', NULL),
	(322, 'RP1-APC06', 'Remera Polo Recta Modelo Entretelado Y Carterita  solo un color tela algodon premium', NULL, NULL, 'Remera Polo Recta Modelo Entretelado Y Carterita  solo un color tela algodon premium', 1, 1, 10, '2025-03-10 14:29:24', '2025-03-10 14:29:28', NULL),
	(323, 'RP1-APC07', 'Remera Polo Recta Modelo Tejido Mas V solo un color tela algodon premium', NULL, NULL, 'Remera Polo Recta Modelo Tejido Mas V solo un color tela algodon premium', 1, 1, 10, '2025-03-10 14:29:24', '2025-03-10 14:29:28', NULL),
	(324, 'RP1-APC08', 'Remera Polo Recta Modelo Entretelado Mas V solo un color tela algodon premium', NULL, NULL, 'Remera Polo Recta Modelo Entretelado Mas V solo un color tela algodon premium', 1, 1, 10, '2025-03-10 14:29:24', '2025-03-10 14:29:28', NULL),
	(325, 'RP1-APC09', 'Remera Polo Recta Modelo Entretelado Y Cartera 20Cm solo un color tela algodon premium', NULL, NULL, 'Remera Polo Recta Modelo Entretelado Y Cartera 20Cm solo un color tela algodon premium', 1, 1, 10, '2025-03-10 14:29:24', '2025-03-10 14:29:28', NULL),
	(326, 'RP1-APC10', 'Remera Polo Recta Modelo Tejido Y Cartera 20Cm solo un color tela algodon premium', NULL, NULL, 'Remera Polo Recta Modelo Tejido Y Cartera 20Cm solo un color tela algodon premium', 1, 1, 10, '2025-03-10 14:29:24', '2025-03-10 14:29:28', NULL),
	(327, 'RP1-APB01', 'Remera Polo Recta Modelo Neru combinacion  tela algodon premium', NULL, NULL, 'Remera Polo Recta Modelo Neru combinacion  tela algodon premium', 1, 2, 10, '2025-03-10 14:29:24', '2025-03-10 14:29:28', NULL),
	(328, 'RP1-APB02', 'Remera Polo Recta Modelo Neru Con Vivo combinacion  tela algodon premium', NULL, NULL, 'Remera Polo Recta Modelo Neru Con Vivo combinacion  tela algodon premium', 1, 2, 10, '2025-03-10 14:29:24', '2025-03-10 14:29:28', NULL),
	(329, 'RP1-APB03', 'Remera Polo Recta Modelo Clasico Tejido combinacion  tela algodon premium', NULL, NULL, 'Remera Polo Recta Modelo Clasico Tejido combinacion  tela algodon premium', 1, 2, 10, '2025-03-10 14:29:24', '2025-03-10 14:29:28', NULL),
	(330, 'RP1-APB04', 'Remera Polo Recta Modelo Clasico Entretelado combinacion  tela algodon premium', NULL, NULL, 'Remera Polo Recta Modelo Clasico Entretelado combinacion  tela algodon premium', 1, 2, 10, '2025-03-10 14:29:24', '2025-03-10 14:29:28', NULL),
	(331, 'RP1-APB05', 'Remera Polo Recta Modelo Tejido Y Carterita  combinacion  tela algodon premium', NULL, NULL, 'Remera Polo Recta Modelo Tejido Y Carterita  combinacion  tela algodon premium', 1, 2, 10, '2025-03-10 14:29:24', '2025-03-10 14:29:28', NULL),
	(332, 'RP1-APB06', 'Remera Polo Recta Modelo Entretelado Y Carterita  combinacion  tela algodon premium', NULL, NULL, 'Remera Polo Recta Modelo Entretelado Y Carterita  combinacion  tela algodon premium', 1, 2, 10, '2025-03-10 14:29:24', '2025-03-10 14:29:28', NULL),
	(333, 'RP1-APB07', 'Remera Polo Recta Modelo Tejido Mas V combinacion  tela algodon premium', NULL, NULL, 'Remera Polo Recta Modelo Tejido Mas V combinacion  tela algodon premium', 1, 2, 10, '2025-03-10 14:29:24', '2025-03-10 14:29:28', NULL),
	(334, 'RP1-APB08', 'Remera Polo Recta Modelo Entretelado Mas V combinacion  tela algodon premium', NULL, NULL, 'Remera Polo Recta Modelo Entretelado Mas V combinacion  tela algodon premium', 1, 2, 10, '2025-03-10 14:29:24', '2025-03-10 14:29:28', NULL),
	(335, 'RP1-APB09', 'Remera Polo Recta Modelo Entretelado Y Cartera 20Cm combinacion  tela algodon premium', NULL, NULL, 'Remera Polo Recta Modelo Entretelado Y Cartera 20Cm combinacion  tela algodon premium', 1, 2, 10, '2025-03-10 14:29:24', '2025-03-10 14:29:28', NULL),
	(336, 'RP1-APB10', 'Remera Polo Recta Modelo Tejido Y Cartera 20Cm combinacion  tela algodon premium', NULL, NULL, 'Remera Polo Recta Modelo Tejido Y Cartera 20Cm combinacion  tela algodon premium', 1, 2, 10, '2025-03-10 14:29:24', '2025-03-10 14:29:28', NULL),
	(337, 'RP1-APS01', 'Remera Polo Recta Modelo Neru det sublimados tela algodon premium', NULL, NULL, 'Remera Polo Recta Modelo Neru det sublimados tela algodon premium', 1, 3, 10, '2025-03-10 14:29:24', '2025-03-10 14:29:28', NULL),
	(338, 'RP1-APS02', 'Remera Polo Recta Modelo Neru Con Vivo det sublimados tela algodon premium', NULL, NULL, 'Remera Polo Recta Modelo Neru Con Vivo det sublimados tela algodon premium', 1, 3, 10, '2025-03-10 14:29:24', '2025-03-10 14:29:28', NULL),
	(339, 'RP1-APS03', 'Remera Polo Recta Modelo Clasico Tejido det sublimados tela algodon premium', NULL, NULL, 'Remera Polo Recta Modelo Clasico Tejido det sublimados tela algodon premium', 1, 3, 10, '2025-03-10 14:29:24', '2025-03-10 14:29:28', NULL),
	(340, 'RP1-APS04', 'Remera Polo Recta Modelo Clasico Entretelado det sublimados tela algodon premium', NULL, NULL, 'Remera Polo Recta Modelo Clasico Entretelado det sublimados tela algodon premium', 1, 3, 10, '2025-03-10 14:29:24', '2025-03-10 14:29:28', NULL),
	(341, 'RP1-APS05', 'Remera Polo Recta Modelo Tejido Y Carterita  det sublimados tela algodon premium', NULL, NULL, 'Remera Polo Recta Modelo Tejido Y Carterita  det sublimados tela algodon premium', 1, 3, 10, '2025-03-10 14:29:24', '2025-03-10 14:29:28', NULL),
	(342, 'RP1-APS06', 'Remera Polo Recta Modelo Entretelado Y Carterita  det sublimados tela algodon premium', NULL, NULL, 'Remera Polo Recta Modelo Entretelado Y Carterita  det sublimados tela algodon premium', 1, 3, 10, '2025-03-10 14:29:24', '2025-03-10 14:29:28', NULL),
	(343, 'RP1-APS07', 'Remera Polo Recta Modelo Tejido Mas V det sublimados tela algodon premium', NULL, NULL, 'Remera Polo Recta Modelo Tejido Mas V det sublimados tela algodon premium', 1, 3, 10, '2025-03-10 14:29:24', '2025-03-10 14:29:28', NULL),
	(344, 'RP1-APS08', 'Remera Polo Recta Modelo Entretelado Mas V det sublimados tela algodon premium', NULL, NULL, 'Remera Polo Recta Modelo Entretelado Mas V det sublimados tela algodon premium', 1, 3, 10, '2025-03-10 14:29:24', '2025-03-10 14:29:28', NULL),
	(345, 'RP1-APS09', 'Remera Polo Recta Modelo Entretelado Y Cartera 20Cm det sublimados tela algodon premium', NULL, NULL, 'Remera Polo Recta Modelo Entretelado Y Cartera 20Cm det sublimados tela algodon premium', 1, 3, 10, '2025-03-10 14:29:24', '2025-03-10 14:29:28', NULL),
	(346, 'RP1-APS10', 'Remera Polo Recta Modelo Tejido Y Cartera 20Cm det sublimados tela algodon premium', NULL, NULL, 'Remera Polo Recta Modelo Tejido Y Cartera 20Cm det sublimados tela algodon premium', 1, 3, 10, '2025-03-10 14:29:24', '2025-03-10 14:29:28', NULL),
	(347, 'RP1-ACC01', 'Remera Polo Recta Modelo Neru solo un color tela algodon cardado', NULL, NULL, 'Remera Polo Recta Modelo Neru solo un color tela algodon cardado', 1, 1, 10, '2025-03-10 14:29:24', '2025-03-10 14:29:28', NULL),
	(348, 'RP1-ACC02', 'Remera Polo Recta Modelo Neru Con Vivo solo un color tela algodon cardado', NULL, NULL, 'Remera Polo Recta Modelo Neru Con Vivo solo un color tela algodon cardado', 1, 1, 10, '2025-03-10 14:29:24', '2025-03-10 14:29:28', NULL),
	(349, 'RP1-ACC03', 'Remera Polo Recta Modelo Clasico Tejido solo un color tela algodon cardado', NULL, NULL, 'Remera Polo Recta Modelo Clasico Tejido solo un color tela algodon cardado', 1, 1, 10, '2025-03-10 14:29:24', '2025-03-10 14:29:28', NULL),
	(350, 'RP1-ACC04', 'Remera Polo Recta Modelo Clasico Entretelado solo un color tela algodon cardado', NULL, NULL, 'Remera Polo Recta Modelo Clasico Entretelado solo un color tela algodon cardado', 1, 1, 10, '2025-03-10 14:29:24', '2025-03-10 14:29:28', NULL),
	(351, 'RP1-ACC05', 'Remera Polo Recta Modelo Tejido Y Carterita  solo un color tela algodon cardado', NULL, NULL, 'Remera Polo Recta Modelo Tejido Y Carterita  solo un color tela algodon cardado', 1, 1, 10, '2025-03-10 14:29:24', '2025-03-10 14:29:28', NULL),
	(352, 'RP1-ACC06', 'Remera Polo Recta Modelo Entretelado Y Carterita  solo un color tela algodon cardado', NULL, NULL, 'Remera Polo Recta Modelo Entretelado Y Carterita  solo un color tela algodon cardado', 1, 1, 10, '2025-03-10 14:29:24', '2025-03-10 14:29:28', NULL),
	(353, 'RP1-ACC07', 'Remera Polo Recta Modelo Tejido Mas V solo un color tela algodon cardado', NULL, NULL, 'Remera Polo Recta Modelo Tejido Mas V solo un color tela algodon cardado', 1, 1, 10, '2025-03-10 14:29:24', '2025-03-10 14:29:28', NULL),
	(354, 'RP1-ACC08', 'Remera Polo Recta Modelo Entretelado Mas V solo un color tela algodon cardado', NULL, NULL, 'Remera Polo Recta Modelo Entretelado Mas V solo un color tela algodon cardado', 1, 1, 10, '2025-03-10 14:29:24', '2025-03-10 14:29:28', NULL),
	(355, 'RP1-ACC09', 'Remera Polo Recta Modelo Entretelado Y Cartera 20Cm solo un color tela algodon cardado', NULL, NULL, 'Remera Polo Recta Modelo Entretelado Y Cartera 20Cm solo un color tela algodon cardado', 1, 1, 10, '2025-03-10 14:29:24', '2025-03-10 14:29:28', NULL),
	(356, 'RP1-ACC10', 'Remera Polo Recta Modelo Tejido Y Cartera 20Cm solo un color tela algodon cardado', NULL, NULL, 'Remera Polo Recta Modelo Tejido Y Cartera 20Cm solo un color tela algodon cardado', 1, 1, 10, '2025-03-10 14:29:24', '2025-03-10 14:29:28', NULL),
	(357, 'RP1-ACB01', 'Remera Polo Recta Modelo Neru combinacion  tela algodon cardado', NULL, NULL, 'Remera Polo Recta Modelo Neru combinacion  tela algodon cardado', 1, 2, 10, '2025-03-10 14:29:24', '2025-03-10 14:29:28', NULL),
	(358, 'RP1-ACB02', 'Remera Polo Recta Modelo Neru Con Vivo combinacion  tela algodon cardado', NULL, NULL, 'Remera Polo Recta Modelo Neru Con Vivo combinacion  tela algodon cardado', 1, 2, 10, '2025-03-10 14:29:24', '2025-03-10 14:29:28', NULL),
	(359, 'RP1-ACB03', 'Remera Polo Recta Modelo Clasico Tejido combinacion  tela algodon cardado', NULL, NULL, 'Remera Polo Recta Modelo Clasico Tejido combinacion  tela algodon cardado', 1, 2, 10, '2025-03-10 14:29:24', '2025-03-10 14:29:28', NULL),
	(360, 'RP1-ACB04', 'Remera Polo Recta Modelo Clasico Entretelado combinacion  tela algodon cardado', NULL, NULL, 'Remera Polo Recta Modelo Clasico Entretelado combinacion  tela algodon cardado', 1, 2, 10, '2025-03-10 14:29:24', '2025-03-10 14:29:28', NULL),
	(361, 'RP1-ACB05', 'Remera Polo Recta Modelo Tejido Y Carterita  combinacion  tela algodon cardado', NULL, NULL, 'Remera Polo Recta Modelo Tejido Y Carterita  combinacion  tela algodon cardado', 1, 2, 10, '2025-03-10 14:29:24', '2025-03-10 14:29:28', NULL),
	(362, 'RP1-ACB06', 'Remera Polo Recta Modelo Entretelado Y Carterita  combinacion  tela algodon cardado', NULL, NULL, 'Remera Polo Recta Modelo Entretelado Y Carterita  combinacion  tela algodon cardado', 1, 2, 10, '2025-03-10 14:29:24', '2025-03-10 14:29:28', NULL),
	(363, 'RP1-ACB07', 'Remera Polo Recta Modelo Tejido Mas V combinacion  tela algodon cardado', NULL, NULL, 'Remera Polo Recta Modelo Tejido Mas V combinacion  tela algodon cardado', 1, 2, 10, '2025-03-10 14:29:24', '2025-03-10 14:29:28', NULL),
	(364, 'RP1-ACB08', 'Remera Polo Recta Modelo Entretelado Mas V combinacion  tela algodon cardado', NULL, NULL, 'Remera Polo Recta Modelo Entretelado Mas V combinacion  tela algodon cardado', 1, 2, 10, '2025-03-10 14:29:24', '2025-03-10 14:29:28', NULL),
	(365, 'RP1-ACB09', 'Remera Polo Recta Modelo Entretelado Y Cartera 20Cm combinacion  tela algodon cardado', NULL, NULL, 'Remera Polo Recta Modelo Entretelado Y Cartera 20Cm combinacion  tela algodon cardado', 1, 2, 10, '2025-03-10 14:29:24', '2025-03-10 14:29:28', NULL),
	(366, 'RP1-ACB10', 'Remera Polo Recta Modelo Tejido Y Cartera 20Cm combinacion  tela algodon cardado', NULL, NULL, 'Remera Polo Recta Modelo Tejido Y Cartera 20Cm combinacion  tela algodon cardado', 1, 2, 10, '2025-03-10 14:29:24', '2025-03-10 14:29:28', NULL),
	(367, 'RP1-ACS01', 'Remera Polo Recta Modelo Neru det sublimados tela algodon cardado', NULL, NULL, 'Remera Polo Recta Modelo Neru det sublimados tela algodon cardado', 1, 3, 10, '2025-03-10 14:29:24', '2025-03-10 14:29:28', NULL),
	(368, 'RP1-ACS02', 'Remera Polo Recta Modelo Neru Con Vivo det sublimados tela algodon cardado', NULL, NULL, 'Remera Polo Recta Modelo Neru Con Vivo det sublimados tela algodon cardado', 1, 3, 10, '2025-03-10 14:29:24', '2025-03-10 14:29:28', NULL),
	(369, 'RP1-ACS03', 'Remera Polo Recta Modelo Clasico Tejido det sublimados tela algodon cardado', NULL, NULL, 'Remera Polo Recta Modelo Clasico Tejido det sublimados tela algodon cardado', 1, 3, 10, '2025-03-10 14:29:24', '2025-03-10 14:29:28', NULL),
	(370, 'RP1-ACS04', 'Remera Polo Recta Modelo Clasico Entretelado det sublimados tela algodon cardado', NULL, NULL, 'Remera Polo Recta Modelo Clasico Entretelado det sublimados tela algodon cardado', 1, 3, 10, '2025-03-10 14:29:24', '2025-03-10 14:29:28', NULL),
	(371, 'RP1-ACS05', 'Remera Polo Recta Modelo Tejido Y Carterita  det sublimados tela algodon cardado', NULL, NULL, 'Remera Polo Recta Modelo Tejido Y Carterita  det sublimados tela algodon cardado', 1, 3, 10, '2025-03-10 14:29:24', '2025-03-10 14:29:28', NULL),
	(372, 'RP1-ACS06', 'Remera Polo Recta Modelo Entretelado Y Carterita  det sublimados tela algodon cardado', NULL, NULL, 'Remera Polo Recta Modelo Entretelado Y Carterita  det sublimados tela algodon cardado', 1, 3, 10, '2025-03-10 14:29:24', '2025-03-10 14:29:28', NULL),
	(373, 'RP1-ACS07', 'Remera Polo Recta Modelo Tejido Mas V det sublimados tela algodon cardado', NULL, NULL, 'Remera Polo Recta Modelo Tejido Mas V det sublimados tela algodon cardado', 1, 3, 10, '2025-03-10 14:29:24', '2025-03-10 14:29:28', NULL),
	(374, 'RP1-ACS08', 'Remera Polo Recta Modelo Entretelado Mas V det sublimados tela algodon cardado', NULL, NULL, 'Remera Polo Recta Modelo Entretelado Mas V det sublimados tela algodon cardado', 1, 3, 10, '2025-03-10 14:29:24', '2025-03-10 14:29:28', NULL),
	(375, 'RP1-ACS09', 'Remera Polo Recta Modelo Entretelado Y Cartera 20Cm det sublimados tela algodon cardado', NULL, NULL, 'Remera Polo Recta Modelo Entretelado Y Cartera 20Cm det sublimados tela algodon cardado', 1, 3, 10, '2025-03-10 14:29:24', '2025-03-10 14:29:28', NULL),
	(376, 'RP1-ACS10', 'Remera Polo Recta Modelo Tejido Y Cartera 20Cm det sublimados tela algodon cardado', NULL, NULL, 'Remera Polo Recta Modelo Tejido Y Cartera 20Cm det sublimados tela algodon cardado', 1, 3, 10, '2025-03-10 14:29:24', '2025-03-10 14:29:28', NULL),
	(377, 'RP1-EVC01', 'Remera Polo Recta Modelo Neru solo un color tela Elizabeth viscosa', NULL, NULL, 'Remera Polo Recta Modelo Neru solo un color tela Elizabeth viscosa', 1, 1, 10, '2025-03-10 14:29:24', '2025-03-10 14:29:28', NULL),
	(378, 'RP1-EVC02', 'Remera Polo Recta Modelo Neru Con Vivo solo un color tela Elizabeth viscosa', NULL, NULL, 'Remera Polo Recta Modelo Neru Con Vivo solo un color tela Elizabeth viscosa', 1, 1, 10, '2025-03-10 14:29:24', '2025-03-10 14:29:28', NULL),
	(379, 'RP1-EVC03', 'Remera Polo Recta Modelo Clasico Tejido solo un color tela Elizabeth viscosa', NULL, NULL, 'Remera Polo Recta Modelo Clasico Tejido solo un color tela Elizabeth viscosa', 1, 1, 10, '2025-03-10 14:29:24', '2025-03-10 14:29:28', NULL),
	(380, 'RP1-EVC04', 'Remera Polo Recta Modelo Clasico Entretelado solo un color tela Elizabeth viscosa', NULL, NULL, 'Remera Polo Recta Modelo Clasico Entretelado solo un color tela Elizabeth viscosa', 1, 1, 10, '2025-03-10 14:29:24', '2025-03-10 14:29:28', NULL),
	(381, 'RP1-EVC05', 'Remera Polo Recta Modelo Tejido Y Carterita  solo un color tela Elizabeth viscosa', NULL, NULL, 'Remera Polo Recta Modelo Tejido Y Carterita  solo un color tela Elizabeth viscosa', 1, 1, 10, '2025-03-10 14:29:24', '2025-03-10 14:29:28', NULL),
	(382, 'RP1-EVC06', 'Remera Polo Recta Modelo Entretelado Y Carterita  solo un color tela Elizabeth viscosa', NULL, NULL, 'Remera Polo Recta Modelo Entretelado Y Carterita  solo un color tela Elizabeth viscosa', 1, 1, 10, '2025-03-10 14:29:24', '2025-03-10 14:29:28', NULL),
	(383, 'RP1-EVC07', 'Remera Polo Recta Modelo Tejido Mas V solo un color tela Elizabeth viscosa', NULL, NULL, 'Remera Polo Recta Modelo Tejido Mas V solo un color tela Elizabeth viscosa', 1, 1, 10, '2025-03-10 14:29:24', '2025-03-10 14:29:28', NULL),
	(384, 'RP1-EVC08', 'Remera Polo Recta Modelo Entretelado Mas V solo un color tela Elizabeth viscosa', NULL, NULL, 'Remera Polo Recta Modelo Entretelado Mas V solo un color tela Elizabeth viscosa', 1, 1, 10, '2025-03-10 14:29:24', '2025-03-10 14:29:28', NULL),
	(385, 'RP1-EVC09', 'Remera Polo Recta Modelo Entretelado Y Cartera 20Cm solo un color tela Elizabeth viscosa', NULL, NULL, 'Remera Polo Recta Modelo Entretelado Y Cartera 20Cm solo un color tela Elizabeth viscosa', 1, 1, 10, '2025-03-10 14:29:24', '2025-03-10 14:29:28', NULL),
	(386, 'RP1-EVC10', 'Remera Polo Recta Modelo Tejido Y Cartera 20Cm solo un color tela Elizabeth viscosa', NULL, NULL, 'Remera Polo Recta Modelo Tejido Y Cartera 20Cm solo un color tela Elizabeth viscosa', 1, 1, 10, '2025-03-10 14:29:24', '2025-03-10 14:29:28', NULL),
	(387, 'RP1-EVB01', 'Remera Polo Recta Modelo Neru combinacion  tela Elizabeth viscosa', NULL, NULL, 'Remera Polo Recta Modelo Neru combinacion  tela Elizabeth viscosa', 1, 2, 10, '2025-03-10 14:29:24', '2025-03-10 14:29:28', NULL),
	(388, 'RP1-EVB02', 'Remera Polo Recta Modelo Neru Con Vivo combinacion  tela Elizabeth viscosa', NULL, NULL, 'Remera Polo Recta Modelo Neru Con Vivo combinacion  tela Elizabeth viscosa', 1, 2, 10, '2025-03-10 14:29:24', '2025-03-10 14:29:28', NULL),
	(389, 'RP1-EVB03', 'Remera Polo Recta Modelo Clasico Tejido combinacion  tela Elizabeth viscosa', NULL, NULL, 'Remera Polo Recta Modelo Clasico Tejido combinacion  tela Elizabeth viscosa', 1, 2, 10, '2025-03-10 14:29:24', '2025-03-10 14:29:28', NULL),
	(390, 'RP1-EVB04', 'Remera Polo Recta Modelo Clasico Entretelado combinacion  tela Elizabeth viscosa', NULL, NULL, 'Remera Polo Recta Modelo Clasico Entretelado combinacion  tela Elizabeth viscosa', 1, 2, 10, '2025-03-10 14:29:24', '2025-03-10 14:29:28', NULL),
	(391, 'RP1-EVB05', 'Remera Polo Recta Modelo Tejido Y Carterita  combinacion  tela Elizabeth viscosa', NULL, NULL, 'Remera Polo Recta Modelo Tejido Y Carterita  combinacion  tela Elizabeth viscosa', 1, 2, 10, '2025-03-10 14:29:24', '2025-03-10 14:29:28', NULL),
	(392, 'RP1-EVB06', 'Remera Polo Recta Modelo Entretelado Y Carterita  combinacion  tela Elizabeth viscosa', NULL, NULL, 'Remera Polo Recta Modelo Entretelado Y Carterita  combinacion  tela Elizabeth viscosa', 1, 2, 10, '2025-03-10 14:29:24', '2025-03-10 14:29:28', NULL),
	(393, 'RP1-EVB07', 'Remera Polo Recta Modelo Tejido Mas V combinacion  tela Elizabeth viscosa', NULL, NULL, 'Remera Polo Recta Modelo Tejido Mas V combinacion  tela Elizabeth viscosa', 1, 2, 10, '2025-03-10 14:29:24', '2025-03-10 14:29:28', NULL),
	(394, 'RP1-EVB08', 'Remera Polo Recta Modelo Entretelado Mas V combinacion  tela Elizabeth viscosa', NULL, NULL, 'Remera Polo Recta Modelo Entretelado Mas V combinacion  tela Elizabeth viscosa', 1, 2, 10, '2025-03-10 14:29:24', '2025-03-10 14:29:28', NULL),
	(395, 'RP1-EVB09', 'Remera Polo Recta Modelo Entretelado Y Cartera 20Cm combinacion  tela Elizabeth viscosa', NULL, NULL, 'Remera Polo Recta Modelo Entretelado Y Cartera 20Cm combinacion  tela Elizabeth viscosa', 1, 2, 10, '2025-03-10 14:29:24', '2025-03-10 14:29:28', NULL),
	(396, 'RP1-EVB10', 'Remera Polo Recta Modelo Tejido Y Cartera 20Cm combinacion  tela Elizabeth viscosa', NULL, NULL, 'Remera Polo Recta Modelo Tejido Y Cartera 20Cm combinacion  tela Elizabeth viscosa', 1, 2, 10, '2025-03-10 14:29:24', '2025-03-10 14:29:28', NULL),
	(397, 'RP1-EVS01', 'Remera Polo Recta Modelo Neru det sublimados tela Elizabeth viscosa', NULL, NULL, 'Remera Polo Recta Modelo Neru det sublimados tela Elizabeth viscosa', 1, 3, 10, '2025-03-10 14:29:24', '2025-03-10 14:29:28', NULL),
	(398, 'RP1-EVS02', 'Remera Polo Recta Modelo Neru Con Vivo det sublimados tela Elizabeth viscosa', NULL, NULL, 'Remera Polo Recta Modelo Neru Con Vivo det sublimados tela Elizabeth viscosa', 1, 3, 10, '2025-03-10 14:29:24', '2025-03-10 14:29:28', NULL),
	(399, 'RP1-EVS03', 'Remera Polo Recta Modelo Clasico Tejido det sublimados tela Elizabeth viscosa', NULL, NULL, 'Remera Polo Recta Modelo Clasico Tejido det sublimados tela Elizabeth viscosa', 1, 3, 10, '2025-03-10 14:29:24', '2025-03-10 14:29:28', NULL),
	(400, 'RP1-EVS04', 'Remera Polo Recta Modelo Clasico Entretelado det sublimados tela Elizabeth viscosa', NULL, NULL, 'Remera Polo Recta Modelo Clasico Entretelado det sublimados tela Elizabeth viscosa', 1, 3, 10, '2025-03-10 14:29:24', '2025-03-10 14:29:28', NULL),
	(401, 'RP1-EVS05', 'Remera Polo Recta Modelo Tejido Y Carterita  det sublimados tela Elizabeth viscosa', NULL, NULL, 'Remera Polo Recta Modelo Tejido Y Carterita  det sublimados tela Elizabeth viscosa', 1, 3, 10, '2025-03-10 14:29:24', '2025-03-10 14:29:28', NULL),
	(402, 'RP1-EVS06', 'Remera Polo Recta Modelo Entretelado Y Carterita  det sublimados tela Elizabeth viscosa', NULL, NULL, 'Remera Polo Recta Modelo Entretelado Y Carterita  det sublimados tela Elizabeth viscosa', 1, 3, 10, '2025-03-10 14:29:24', '2025-03-10 14:29:28', NULL),
	(403, 'RP1-EVS07', 'Remera Polo Recta Modelo Tejido Mas V det sublimados tela Elizabeth viscosa', NULL, NULL, 'Remera Polo Recta Modelo Tejido Mas V det sublimados tela Elizabeth viscosa', 1, 3, 10, '2025-03-10 14:29:24', '2025-03-10 14:29:28', NULL),
	(404, 'RP1-EVS08', 'Remera Polo Recta Modelo Entretelado Mas V det sublimados tela Elizabeth viscosa', NULL, NULL, 'Remera Polo Recta Modelo Entretelado Mas V det sublimados tela Elizabeth viscosa', 1, 3, 10, '2025-03-10 14:29:24', '2025-03-10 14:29:28', NULL),
	(405, 'RP1-EVS09', 'Remera Polo Recta Modelo Entretelado Y Cartera 20Cm det sublimados tela Elizabeth viscosa', NULL, NULL, 'Remera Polo Recta Modelo Entretelado Y Cartera 20Cm det sublimados tela Elizabeth viscosa', 1, 3, 10, '2025-03-10 14:29:24', '2025-03-10 14:29:28', NULL),
	(406, 'RP1-EVS10', 'Remera Polo Recta Modelo Tejido Y Cartera 20Cm det sublimados tela Elizabeth viscosa', NULL, NULL, 'Remera Polo Recta Modelo Tejido Y Cartera 20Cm det sublimados tela Elizabeth viscosa', 1, 3, 10, '2025-03-10 14:29:24', '2025-03-10 14:29:28', NULL),
	(407, 'RP1-EPC01', 'Remera Polo Recta Modelo Neru solo un color tela Elizabeth POLIESTER', NULL, NULL, 'Remera Polo Recta Modelo Neru solo un color tela Elizabeth POLIESTER', 1, 1, 10, '2025-03-10 14:29:24', '2025-03-10 14:29:28', NULL),
	(408, 'RP1-EPC02', 'Remera Polo Recta Modelo Neru Con Vivo solo un color tela Elizabeth POLIESTER', NULL, NULL, 'Remera Polo Recta Modelo Neru Con Vivo solo un color tela Elizabeth POLIESTER', 1, 1, 10, '2025-03-10 14:29:24', '2025-03-10 14:29:28', NULL),
	(409, 'RP1-EPC03', 'Remera Polo Recta Modelo Clasico Tejido solo un color tela Elizabeth POLIESTER', NULL, NULL, 'Remera Polo Recta Modelo Clasico Tejido solo un color tela Elizabeth POLIESTER', 1, 1, 10, '2025-03-10 14:29:24', '2025-03-10 14:29:28', NULL),
	(410, 'RP1-EPC04', 'Remera Polo Recta Modelo Clasico Entretelado solo un color tela Elizabeth POLIESTER', NULL, NULL, 'Remera Polo Recta Modelo Clasico Entretelado solo un color tela Elizabeth POLIESTER', 1, 1, 10, '2025-03-10 14:29:24', '2025-03-10 14:29:28', NULL),
	(411, 'RP1-EPC05', 'Remera Polo Recta Modelo Tejido Y Carterita  solo un color tela Elizabeth POLIESTER', NULL, NULL, 'Remera Polo Recta Modelo Tejido Y Carterita  solo un color tela Elizabeth POLIESTER', 1, 1, 10, '2025-03-10 14:29:24', '2025-03-10 14:29:28', NULL),
	(412, 'RP1-EPC06', 'Remera Polo Recta Modelo Entretelado Y Carterita  solo un color tela Elizabeth POLIESTER', NULL, NULL, 'Remera Polo Recta Modelo Entretelado Y Carterita  solo un color tela Elizabeth POLIESTER', 1, 1, 10, '2025-03-10 14:29:24', '2025-03-10 14:29:28', NULL),
	(413, 'RP1-EPC07', 'Remera Polo Recta Modelo Tejido Mas V solo un color tela Elizabeth POLIESTER', NULL, NULL, 'Remera Polo Recta Modelo Tejido Mas V solo un color tela Elizabeth POLIESTER', 1, 1, 10, '2025-03-10 14:29:24', '2025-03-10 14:29:28', NULL),
	(414, 'RP1-EPC08', 'Remera Polo Recta Modelo Entretelado Mas V solo un color tela Elizabeth POLIESTER', NULL, NULL, 'Remera Polo Recta Modelo Entretelado Mas V solo un color tela Elizabeth POLIESTER', 1, 1, 10, '2025-03-10 14:29:24', '2025-03-10 14:29:28', NULL),
	(415, 'RP1-EPC09', 'Remera Polo Recta Modelo Entretelado Y Cartera 20Cm solo un color tela Elizabeth POLIESTER', NULL, NULL, 'Remera Polo Recta Modelo Entretelado Y Cartera 20Cm solo un color tela Elizabeth POLIESTER', 1, 1, 10, '2025-03-10 14:29:24', '2025-03-10 14:29:28', NULL),
	(416, 'RP1-EPC10', 'Remera Polo Recta Modelo Tejido Y Cartera 20Cm solo un color tela Elizabeth POLIESTER', NULL, NULL, 'Remera Polo Recta Modelo Tejido Y Cartera 20Cm solo un color tela Elizabeth POLIESTER', 1, 1, 10, '2025-03-10 14:29:24', '2025-03-10 14:29:28', NULL),
	(417, 'RP1-EPB01', 'Remera Polo Recta Modelo Neru combinacion  tela Elizabeth POLIESTER', NULL, NULL, 'Remera Polo Recta Modelo Neru combinacion  tela Elizabeth POLIESTER', 1, 2, 10, '2025-03-10 14:29:24', '2025-03-10 14:29:28', NULL),
	(418, 'RP1-EPB02', 'Remera Polo Recta Modelo Neru Con Vivo combinacion  tela Elizabeth POLIESTER', NULL, NULL, 'Remera Polo Recta Modelo Neru Con Vivo combinacion  tela Elizabeth POLIESTER', 1, 2, 10, '2025-03-10 14:29:24', '2025-03-10 14:29:28', NULL),
	(419, 'RP1-EPB03', 'Remera Polo Recta Modelo Clasico Tejido combinacion  tela Elizabeth POLIESTER', NULL, NULL, 'Remera Polo Recta Modelo Clasico Tejido combinacion  tela Elizabeth POLIESTER', 1, 2, 10, '2025-03-10 14:29:24', '2025-03-10 14:29:28', NULL),
	(420, 'RP1-EPB04', 'Remera Polo Recta Modelo Clasico Entretelado combinacion  tela Elizabeth POLIESTER', NULL, NULL, 'Remera Polo Recta Modelo Clasico Entretelado combinacion  tela Elizabeth POLIESTER', 1, 2, 10, '2025-03-10 14:29:24', '2025-03-10 14:29:28', NULL),
	(421, 'RP1-EPB05', 'Remera Polo Recta Modelo Tejido Y Carterita  combinacion  tela Elizabeth POLIESTER', NULL, NULL, 'Remera Polo Recta Modelo Tejido Y Carterita  combinacion  tela Elizabeth POLIESTER', 1, 2, 10, '2025-03-10 14:29:24', '2025-03-10 14:29:28', NULL),
	(422, 'RP1-EPB06', 'Remera Polo Recta Modelo Entretelado Y Carterita  combinacion  tela Elizabeth POLIESTER', NULL, NULL, 'Remera Polo Recta Modelo Entretelado Y Carterita  combinacion  tela Elizabeth POLIESTER', 1, 2, 10, '2025-03-10 14:29:24', '2025-03-10 14:29:28', NULL),
	(423, 'RP1-EPB07', 'Remera Polo Recta Modelo Tejido Mas V combinacion  tela Elizabeth POLIESTER', NULL, NULL, 'Remera Polo Recta Modelo Tejido Mas V combinacion  tela Elizabeth POLIESTER', 1, 2, 10, '2025-03-10 14:29:24', '2025-03-10 14:29:28', NULL),
	(424, 'RP1-EPB08', 'Remera Polo Recta Modelo Entretelado Mas V combinacion  tela Elizabeth POLIESTER', NULL, NULL, 'Remera Polo Recta Modelo Entretelado Mas V combinacion  tela Elizabeth POLIESTER', 1, 2, 10, '2025-03-10 14:29:24', '2025-03-10 14:29:28', NULL),
	(425, 'RP1-EPB09', 'Remera Polo Recta Modelo Entretelado Y Cartera 20Cm combinacion  tela Elizabeth POLIESTER', NULL, NULL, 'Remera Polo Recta Modelo Entretelado Y Cartera 20Cm combinacion  tela Elizabeth POLIESTER', 1, 2, 10, '2025-03-10 14:29:24', '2025-03-10 14:29:28', NULL),
	(426, 'RP1-EPB10', 'Remera Polo Recta Modelo Tejido Y Cartera 20Cm combinacion  tela Elizabeth POLIESTER', NULL, NULL, 'Remera Polo Recta Modelo Tejido Y Cartera 20Cm combinacion  tela Elizabeth POLIESTER', 1, 2, 10, '2025-03-10 14:29:24', '2025-03-10 14:29:28', NULL),
	(427, 'RP1-EPS01', 'Remera Polo Recta Modelo Neru det sublimados tela Elizabeth POLIESTER', NULL, NULL, 'Remera Polo Recta Modelo Neru det sublimados tela Elizabeth POLIESTER', 1, 3, 10, '2025-03-10 14:29:24', '2025-03-10 14:29:28', NULL),
	(428, 'RP1-EPS02', 'Remera Polo Recta Modelo Neru Con Vivo det sublimados tela Elizabeth POLIESTER', NULL, NULL, 'Remera Polo Recta Modelo Neru Con Vivo det sublimados tela Elizabeth POLIESTER', 1, 3, 10, '2025-03-10 14:29:24', '2025-03-10 14:29:28', NULL),
	(429, 'RP1-EPS03', 'Remera Polo Recta Modelo Clasico Tejido det sublimados tela Elizabeth POLIESTER', NULL, NULL, 'Remera Polo Recta Modelo Clasico Tejido det sublimados tela Elizabeth POLIESTER', 1, 3, 10, '2025-03-10 14:29:24', '2025-03-10 14:29:28', NULL),
	(430, 'RP1-EPS04', 'Remera Polo Recta Modelo Clasico Entretelado det sublimados tela Elizabeth POLIESTER', NULL, NULL, 'Remera Polo Recta Modelo Clasico Entretelado det sublimados tela Elizabeth POLIESTER', 1, 3, 10, '2025-03-10 14:29:24', '2025-03-10 14:29:28', NULL),
	(431, 'RP1-EPS05', 'Remera Polo Recta Modelo Tejido Y Carterita  det sublimados tela Elizabeth POLIESTER', NULL, NULL, 'Remera Polo Recta Modelo Tejido Y Carterita  det sublimados tela Elizabeth POLIESTER', 1, 3, 10, '2025-03-10 14:29:24', '2025-03-10 14:29:28', NULL),
	(432, 'RP1-EPS06', 'Remera Polo Recta Modelo Entretelado Y Carterita  det sublimados tela Elizabeth POLIESTER', NULL, NULL, 'Remera Polo Recta Modelo Entretelado Y Carterita  det sublimados tela Elizabeth POLIESTER', 1, 3, 10, '2025-03-10 14:29:24', '2025-03-10 14:29:28', NULL),
	(433, 'RP1-EPS07', 'Remera Polo Recta Modelo Tejido Mas V det sublimados tela Elizabeth POLIESTER', NULL, NULL, 'Remera Polo Recta Modelo Tejido Mas V det sublimados tela Elizabeth POLIESTER', 1, 3, 10, '2025-03-10 14:29:24', '2025-03-10 14:29:28', NULL),
	(434, 'RP1-EPS08', 'Remera Polo Recta Modelo Entretelado Mas V det sublimados tela Elizabeth POLIESTER', NULL, NULL, 'Remera Polo Recta Modelo Entretelado Mas V det sublimados tela Elizabeth POLIESTER', 1, 3, 10, '2025-03-10 14:29:24', '2025-03-10 14:29:28', NULL),
	(435, 'RP1-EPS09', 'Remera Polo Recta Modelo Entretelado Y Cartera 20Cm det sublimados tela Elizabeth POLIESTER', NULL, NULL, 'Remera Polo Recta Modelo Entretelado Y Cartera 20Cm det sublimados tela Elizabeth POLIESTER', 1, 3, 10, '2025-03-10 14:29:24', '2025-03-10 14:29:28', NULL),
	(436, 'RP1-EPS10', 'Remera Polo Recta Modelo Tejido Y Cartera 20Cm det sublimados tela Elizabeth POLIESTER', NULL, NULL, 'Remera Polo Recta Modelo Tejido Y Cartera 20Cm det sublimados tela Elizabeth POLIESTER', 1, 3, 10, '2025-03-10 14:29:24', '2025-03-10 14:29:28', NULL),
	(437, 'RJ-ITC01', 'Remera Polo Japonesa Modelo Neru solo un color tela pike ingles tech', NULL, NULL, 'Remera Polo Japonesa Modelo Neru solo un color tela pike ingles tech', 1, 1, 10, '2025-03-10 14:29:24', '2025-03-10 14:29:28', NULL),
	(438, 'RJ-ITC02', 'Remera Polo Japonesa Modelo Neru Con Vivo solo un color tela pike ingles tech', NULL, NULL, 'Remera Polo Japonesa Modelo Neru Con Vivo solo un color tela pike ingles tech', 1, 1, 10, '2025-03-10 14:29:24', '2025-03-10 14:29:28', NULL),
	(439, 'RJ-ITC03', 'Remera Polo Japonesa Modelo Clasico Tejido solo un color tela pike ingles tech', NULL, NULL, 'Remera Polo Japonesa Modelo Clasico Tejido solo un color tela pike ingles tech', 1, 1, 10, '2025-03-10 14:29:24', '2025-03-10 14:29:28', NULL),
	(440, 'RJ-ITC04', 'Remera Polo Japonesa Modelo Clasico Entretelado solo un color tela pike ingles tech', NULL, NULL, 'Remera Polo Japonesa Modelo Clasico Entretelado solo un color tela pike ingles tech', 1, 1, 10, '2025-03-10 14:29:24', '2025-03-10 14:29:28', NULL),
	(441, 'RJ-ITC05', 'Remera Polo Japonesa Modelo Tejido Y Carterita  solo un color tela pike ingles tech', NULL, NULL, 'Remera Polo Japonesa Modelo Tejido Y Carterita  solo un color tela pike ingles tech', 1, 1, 10, '2025-03-10 14:29:24', '2025-03-10 14:29:28', NULL),
	(442, 'RJ-ITC06', 'Remera Polo Japonesa Modelo Entretelado Y Carterita  solo un color tela pike ingles tech', NULL, NULL, 'Remera Polo Japonesa Modelo Entretelado Y Carterita  solo un color tela pike ingles tech', 1, 1, 10, '2025-03-10 14:29:24', '2025-03-10 14:29:28', NULL),
	(443, 'RJ-ITC07', 'Remera Polo Japonesa Modelo Tejido Mas V solo un color tela pike ingles tech', NULL, NULL, 'Remera Polo Japonesa Modelo Tejido Mas V solo un color tela pike ingles tech', 1, 1, 10, '2025-03-10 14:29:24', '2025-03-10 14:29:28', NULL),
	(444, 'RJ-ITC08', 'Remera Polo Japonesa Modelo Entretelado Mas V solo un color tela pike ingles tech', NULL, NULL, 'Remera Polo Japonesa Modelo Entretelado Mas V solo un color tela pike ingles tech', 1, 1, 10, '2025-03-10 14:29:24', '2025-03-10 14:29:28', NULL),
	(445, 'RJ-ITC09', 'Remera Polo Japonesa Modelo Entretelado Y Cartera 20Cm solo un color tela pike ingles tech', NULL, NULL, 'Remera Polo Japonesa Modelo Entretelado Y Cartera 20Cm solo un color tela pike ingles tech', 1, 1, 10, '2025-03-10 14:29:24', '2025-03-10 14:29:28', NULL),
	(446, 'RJ-ITC10', 'Remera Polo Japonesa Modelo Tejido Y Cartera 20Cm solo un color tela pike ingles tech', NULL, NULL, 'Remera Polo Japonesa Modelo Tejido Y Cartera 20Cm solo un color tela pike ingles tech', 1, 1, 10, '2025-03-10 14:29:24', '2025-03-10 14:29:28', NULL),
	(447, 'RJ-ITB01', 'Remera Polo Japonesa Modelo Neru combinacion  tela pike ingles tech', NULL, NULL, 'Remera Polo Japonesa Modelo Neru combinacion  tela pike ingles tech', 1, 2, 10, '2025-03-10 14:29:24', '2025-03-10 14:29:28', NULL),
	(448, 'RJ-ITB02', 'Remera Polo Japonesa Modelo Neru Con Vivo combinacion  tela pike ingles tech', NULL, NULL, 'Remera Polo Japonesa Modelo Neru Con Vivo combinacion  tela pike ingles tech', 1, 2, 10, '2025-03-10 14:29:24', '2025-03-10 14:29:28', NULL),
	(449, 'RJ-ITB03', 'Remera Polo Japonesa Modelo Clasico Tejido combinacion  tela pike ingles tech', NULL, NULL, 'Remera Polo Japonesa Modelo Clasico Tejido combinacion  tela pike ingles tech', 1, 2, 10, '2025-03-10 14:29:24', '2025-03-10 14:29:28', NULL),
	(450, 'RJ-ITB04', 'Remera Polo Japonesa Modelo Clasico Entretelado combinacion  tela pike ingles tech', NULL, NULL, 'Remera Polo Japonesa Modelo Clasico Entretelado combinacion  tela pike ingles tech', 1, 2, 10, '2025-03-10 14:29:24', '2025-03-10 14:29:28', NULL),
	(451, 'RJ-ITB05', 'Remera Polo Japonesa Modelo Tejido Y Carterita  combinacion  tela pike ingles tech', NULL, NULL, 'Remera Polo Japonesa Modelo Tejido Y Carterita  combinacion  tela pike ingles tech', 1, 2, 10, '2025-03-10 14:29:24', '2025-03-10 14:29:28', NULL),
	(452, 'RJ-ITB06', 'Remera Polo Japonesa Modelo Entretelado Y Carterita  combinacion  tela pike ingles tech', NULL, NULL, 'Remera Polo Japonesa Modelo Entretelado Y Carterita  combinacion  tela pike ingles tech', 1, 2, 10, '2025-03-10 14:29:24', '2025-03-10 14:29:28', NULL),
	(453, 'RJ-ITB07', 'Remera Polo Japonesa Modelo Tejido Mas V combinacion  tela pike ingles tech', NULL, NULL, 'Remera Polo Japonesa Modelo Tejido Mas V combinacion  tela pike ingles tech', 1, 2, 10, '2025-03-10 14:29:24', '2025-03-10 14:29:28', NULL),
	(454, 'RJ-ITB08', 'Remera Polo Japonesa Modelo Entretelado Mas V combinacion  tela pike ingles tech', NULL, NULL, 'Remera Polo Japonesa Modelo Entretelado Mas V combinacion  tela pike ingles tech', 1, 2, 10, '2025-03-10 14:29:24', '2025-03-10 14:29:28', NULL),
	(455, 'RJ-ITB09', 'Remera Polo Japonesa Modelo Entretelado Y Cartera 20Cm combinacion  tela pike ingles tech', NULL, NULL, 'Remera Polo Japonesa Modelo Entretelado Y Cartera 20Cm combinacion  tela pike ingles tech', 1, 2, 10, '2025-03-10 14:29:24', '2025-03-10 14:29:28', NULL),
	(456, 'RJ-ITB10', 'Remera Polo Japonesa Modelo Tejido Y Cartera 20Cm combinacion  tela pike ingles tech', NULL, NULL, 'Remera Polo Japonesa Modelo Tejido Y Cartera 20Cm combinacion  tela pike ingles tech', 1, 2, 10, '2025-03-10 14:29:24', '2025-03-10 14:29:28', NULL),
	(457, 'RJ-ITS01', 'Remera Polo Japonesa Modelo Neru det sublimados tela pike ingles tech', NULL, NULL, 'Remera Polo Japonesa Modelo Neru det sublimados tela pike ingles tech', 1, 3, 10, '2025-03-10 14:29:24', '2025-03-10 14:29:28', NULL),
	(458, 'RJ-ITS02', 'Remera Polo Japonesa Modelo Neru Con Vivo det sublimados tela pike ingles tech', NULL, NULL, 'Remera Polo Japonesa Modelo Neru Con Vivo det sublimados tela pike ingles tech', 1, 3, 10, '2025-03-10 14:29:24', '2025-03-10 14:29:28', NULL),
	(459, 'RJ-ITS03', 'Remera Polo Japonesa Modelo Clasico Tejido det sublimados tela pike ingles tech', NULL, NULL, 'Remera Polo Japonesa Modelo Clasico Tejido det sublimados tela pike ingles tech', 1, 3, 10, '2025-03-10 14:29:24', '2025-03-10 14:29:28', NULL),
	(460, 'RJ-ITS04', 'Remera Polo Japonesa Modelo Clasico Entretelado det sublimados tela pike ingles tech', NULL, NULL, 'Remera Polo Japonesa Modelo Clasico Entretelado det sublimados tela pike ingles tech', 1, 3, 10, '2025-03-10 14:29:24', '2025-03-10 14:29:28', NULL),
	(461, 'RJ-ITS05', 'Remera Polo Japonesa Modelo Tejido Y Carterita  det sublimados tela pike ingles tech', NULL, NULL, 'Remera Polo Japonesa Modelo Tejido Y Carterita  det sublimados tela pike ingles tech', 1, 3, 10, '2025-03-10 14:29:24', '2025-03-10 14:29:28', NULL),
	(462, 'RJ-ITS06', 'Remera Polo Japonesa Modelo Entretelado Y Carterita  det sublimados tela pike ingles tech', NULL, NULL, 'Remera Polo Japonesa Modelo Entretelado Y Carterita  det sublimados tela pike ingles tech', 1, 3, 10, '2025-03-10 14:29:24', '2025-03-10 14:29:28', NULL),
	(463, 'RJ-ITS07', 'Remera Polo Japonesa Modelo Tejido Mas V det sublimados tela pike ingles tech', NULL, NULL, 'Remera Polo Japonesa Modelo Tejido Mas V det sublimados tela pike ingles tech', 1, 3, 10, '2025-03-10 14:29:24', '2025-03-10 14:29:28', NULL),
	(464, 'RJ-ITS08', 'Remera Polo Japonesa Modelo Entretelado Mas V det sublimados tela pike ingles tech', NULL, NULL, 'Remera Polo Japonesa Modelo Entretelado Mas V det sublimados tela pike ingles tech', 1, 3, 10, '2025-03-10 14:29:24', '2025-03-10 14:29:28', NULL),
	(465, 'RJ-ITS09', 'Remera Polo Japonesa Modelo Entretelado Y Cartera 20Cm det sublimados tela pike ingles tech', NULL, NULL, 'Remera Polo Japonesa Modelo Entretelado Y Cartera 20Cm det sublimados tela pike ingles tech', 1, 3, 10, '2025-03-10 14:29:24', '2025-03-10 14:29:28', NULL),
	(466, 'RJ-ITS10', 'Remera Polo Japonesa Modelo Tejido Y Cartera 20Cm det sublimados tela pike ingles tech', NULL, NULL, 'Remera Polo Japonesa Modelo Tejido Y Cartera 20Cm det sublimados tela pike ingles tech', 1, 3, 10, '2025-03-10 14:29:24', '2025-03-10 14:29:28', NULL),
	(467, 'RJ-INC01', 'Remera Polo Japonesa Modelo Neru solo un color tela pike ingles', NULL, NULL, 'Remera Polo Japonesa Modelo Neru solo un color tela pike ingles', 1, 1, 10, '2025-03-10 14:29:24', '2025-03-10 14:29:28', NULL),
	(468, 'RJ-INC02', 'Remera Polo Japonesa Modelo Neru Con Vivo solo un color tela pike ingles', NULL, NULL, 'Remera Polo Japonesa Modelo Neru Con Vivo solo un color tela pike ingles', 1, 1, 10, '2025-03-10 14:29:24', '2025-03-10 14:29:28', NULL),
	(469, 'RJ-INC03', 'Remera Polo Japonesa Modelo Clasico Tejido solo un color tela pike ingles', NULL, NULL, 'Remera Polo Japonesa Modelo Clasico Tejido solo un color tela pike ingles', 1, 1, 10, '2025-03-10 14:29:24', '2025-03-10 14:29:28', NULL),
	(470, 'RJ-INC04', 'Remera Polo Japonesa Modelo Clasico Entretelado solo un color tela pike ingles', NULL, NULL, 'Remera Polo Japonesa Modelo Clasico Entretelado solo un color tela pike ingles', 1, 1, 10, '2025-03-10 14:29:24', '2025-03-10 14:29:28', NULL),
	(471, 'RJ-INC05', 'Remera Polo Japonesa Modelo Tejido Y Carterita  solo un color tela pike ingles', NULL, NULL, 'Remera Polo Japonesa Modelo Tejido Y Carterita  solo un color tela pike ingles', 1, 1, 10, '2025-03-10 14:29:24', '2025-03-10 14:29:28', NULL),
	(472, 'RJ-INC06', 'Remera Polo Japonesa Modelo Entretelado Y Carterita  solo un color tela pike ingles', NULL, NULL, 'Remera Polo Japonesa Modelo Entretelado Y Carterita  solo un color tela pike ingles', 1, 1, 10, '2025-03-10 14:29:24', '2025-03-10 14:29:28', NULL),
	(473, 'RJ-INC07', 'Remera Polo Japonesa Modelo Tejido Mas V solo un color tela pike ingles', NULL, NULL, 'Remera Polo Japonesa Modelo Tejido Mas V solo un color tela pike ingles', 1, 1, 10, '2025-03-10 14:29:24', '2025-03-10 14:29:28', NULL),
	(474, 'RJ-INC08', 'Remera Polo Japonesa Modelo Entretelado Mas V solo un color tela pike ingles', NULL, NULL, 'Remera Polo Japonesa Modelo Entretelado Mas V solo un color tela pike ingles', 1, 1, 10, '2025-03-10 14:29:24', '2025-03-10 14:29:28', NULL),
	(475, 'RJ-INC09', 'Remera Polo Japonesa Modelo Entretelado Y Cartera 20Cm solo un color tela pike ingles', NULL, NULL, 'Remera Polo Japonesa Modelo Entretelado Y Cartera 20Cm solo un color tela pike ingles', 1, 1, 10, '2025-03-10 14:29:24', '2025-03-10 14:29:28', NULL),
	(476, 'RJ-INC10', 'Remera Polo Japonesa Modelo Tejido Y Cartera 20Cm solo un color tela pike ingles', NULL, NULL, 'Remera Polo Japonesa Modelo Tejido Y Cartera 20Cm solo un color tela pike ingles', 1, 1, 10, '2025-03-10 14:29:24', '2025-03-10 14:29:28', NULL),
	(477, 'RJ-INB01', 'Remera Polo Japonesa Modelo Neru combinacion  tela pike ingles', NULL, NULL, 'Remera Polo Japonesa Modelo Neru combinacion  tela pike ingles', 1, 2, 10, '2025-03-10 14:29:24', '2025-03-10 14:29:28', NULL),
	(478, 'RJ-INB02', 'Remera Polo Japonesa Modelo Neru Con Vivo combinacion  tela pike ingles', NULL, NULL, 'Remera Polo Japonesa Modelo Neru Con Vivo combinacion  tela pike ingles', 1, 2, 10, '2025-03-10 14:29:24', '2025-03-10 14:29:28', NULL),
	(479, 'RJ-INB03', 'Remera Polo Japonesa Modelo Clasico Tejido combinacion  tela pike ingles', NULL, NULL, 'Remera Polo Japonesa Modelo Clasico Tejido combinacion  tela pike ingles', 1, 2, 10, '2025-03-10 14:29:24', '2025-03-10 14:29:28', NULL),
	(480, 'RJ-INB04', 'Remera Polo Japonesa Modelo Clasico Entretelado combinacion  tela pike ingles', NULL, NULL, 'Remera Polo Japonesa Modelo Clasico Entretelado combinacion  tela pike ingles', 1, 2, 10, '2025-03-10 14:29:24', '2025-03-10 14:29:28', NULL),
	(481, 'RJ-INB05', 'Remera Polo Japonesa Modelo Tejido Y Carterita  combinacion  tela pike ingles', NULL, NULL, 'Remera Polo Japonesa Modelo Tejido Y Carterita  combinacion  tela pike ingles', 1, 2, 10, '2025-03-10 14:29:24', '2025-03-10 14:29:28', NULL),
	(482, 'RJ-INB06', 'Remera Polo Japonesa Modelo Entretelado Y Carterita  combinacion  tela pike ingles', NULL, NULL, 'Remera Polo Japonesa Modelo Entretelado Y Carterita  combinacion  tela pike ingles', 1, 2, 10, '2025-03-10 14:29:24', '2025-03-10 14:29:28', NULL),
	(483, 'RJ-INB07', 'Remera Polo Japonesa Modelo Tejido Mas V combinacion  tela pike ingles', NULL, NULL, 'Remera Polo Japonesa Modelo Tejido Mas V combinacion  tela pike ingles', 1, 2, 10, '2025-03-10 14:29:24', '2025-03-10 14:29:28', NULL),
	(484, 'RJ-INB08', 'Remera Polo Japonesa Modelo Entretelado Mas V combinacion  tela pike ingles', NULL, NULL, 'Remera Polo Japonesa Modelo Entretelado Mas V combinacion  tela pike ingles', 1, 2, 10, '2025-03-10 14:29:24', '2025-03-10 14:29:28', NULL),
	(485, 'RJ-INB09', 'Remera Polo Japonesa Modelo Entretelado Y Cartera 20Cm combinacion  tela pike ingles', NULL, NULL, 'Remera Polo Japonesa Modelo Entretelado Y Cartera 20Cm combinacion  tela pike ingles', 1, 2, 10, '2025-03-10 14:29:24', '2025-03-10 14:29:28', NULL),
	(486, 'RJ-INB10', 'Remera Polo Japonesa Modelo Tejido Y Cartera 20Cm combinacion  tela pike ingles', NULL, NULL, 'Remera Polo Japonesa Modelo Tejido Y Cartera 20Cm combinacion  tela pike ingles', 1, 2, 10, '2025-03-10 14:29:24', '2025-03-10 14:29:28', NULL),
	(487, 'RJ-INS01', 'Remera Polo Japonesa Modelo Neru det sublimados tela pike ingles', NULL, NULL, 'Remera Polo Japonesa Modelo Neru det sublimados tela pike ingles', 1, 3, 10, '2025-03-10 14:29:24', '2025-03-10 14:29:28', NULL),
	(488, 'RJ-INS02', 'Remera Polo Japonesa Modelo Neru Con Vivo det sublimados tela pike ingles', NULL, NULL, 'Remera Polo Japonesa Modelo Neru Con Vivo det sublimados tela pike ingles', 1, 3, 10, '2025-03-10 14:29:24', '2025-03-10 14:29:28', NULL),
	(489, 'RJ-INS03', 'Remera Polo Japonesa Modelo Clasico Tejido det sublimados tela pike ingles', NULL, NULL, 'Remera Polo Japonesa Modelo Clasico Tejido det sublimados tela pike ingles', 1, 3, 10, '2025-03-10 14:29:24', '2025-03-10 14:29:28', NULL),
	(490, 'RJ-INS04', 'Remera Polo Japonesa Modelo Clasico Entretelado det sublimados tela pike ingles', NULL, NULL, 'Remera Polo Japonesa Modelo Clasico Entretelado det sublimados tela pike ingles', 1, 3, 10, '2025-03-10 14:29:24', '2025-03-10 14:29:28', NULL),
	(491, 'RJ-INS05', 'Remera Polo Japonesa Modelo Tejido Y Carterita  det sublimados tela pike ingles', NULL, NULL, 'Remera Polo Japonesa Modelo Tejido Y Carterita  det sublimados tela pike ingles', 1, 3, 10, '2025-03-10 14:29:24', '2025-03-10 14:29:28', NULL),
	(492, 'RJ-INS06', 'Remera Polo Japonesa Modelo Entretelado Y Carterita  det sublimados tela pike ingles', NULL, NULL, 'Remera Polo Japonesa Modelo Entretelado Y Carterita  det sublimados tela pike ingles', 1, 3, 10, '2025-03-10 14:29:24', '2025-03-10 14:29:28', NULL),
	(493, 'RJ-INS07', 'Remera Polo Japonesa Modelo Tejido Mas V det sublimados tela pike ingles', NULL, NULL, 'Remera Polo Japonesa Modelo Tejido Mas V det sublimados tela pike ingles', 1, 3, 10, '2025-03-10 14:29:24', '2025-03-10 14:29:28', NULL),
	(494, 'RJ-INS08', 'Remera Polo Japonesa Modelo Entretelado Mas V det sublimados tela pike ingles', NULL, NULL, 'Remera Polo Japonesa Modelo Entretelado Mas V det sublimados tela pike ingles', 1, 3, 10, '2025-03-10 14:29:24', '2025-03-10 14:29:28', NULL),
	(495, 'RJ-INS09', 'Remera Polo Japonesa Modelo Entretelado Y Cartera 20Cm det sublimados tela pike ingles', NULL, NULL, 'Remera Polo Japonesa Modelo Entretelado Y Cartera 20Cm det sublimados tela pike ingles', 1, 3, 10, '2025-03-10 14:29:24', '2025-03-10 14:29:28', NULL),
	(496, 'RJ-INS10', 'Remera Polo Japonesa Modelo Tejido Y Cartera 20Cm det sublimados tela pike ingles', NULL, NULL, 'Remera Polo Japonesa Modelo Tejido Y Cartera 20Cm det sublimados tela pike ingles', 1, 3, 10, '2025-03-10 14:29:24', '2025-03-10 14:29:28', NULL),
	(497, 'RJ-ALC01', 'Remera Polo Japonesa Modelo Neru solo un color tela alegra', NULL, NULL, 'Remera Polo Japonesa Modelo Neru solo un color tela alegra', 1, 1, 10, '2025-03-10 14:29:24', '2025-03-10 14:29:28', NULL),
	(498, 'RJ-ALC02', 'Remera Polo Japonesa Modelo Neru Con Vivo solo un color tela alegra', NULL, NULL, 'Remera Polo Japonesa Modelo Neru Con Vivo solo un color tela alegra', 1, 1, 10, '2025-03-10 14:29:24', '2025-03-10 14:29:28', NULL),
	(499, 'RJ-ALC03', 'Remera Polo Japonesa Modelo Clasico Tejido solo un color tela alegra', NULL, NULL, 'Remera Polo Japonesa Modelo Clasico Tejido solo un color tela alegra', 1, 1, 10, '2025-03-10 14:29:24', '2025-03-10 14:29:28', NULL),
	(500, 'RJ-ALC04', 'Remera Polo Japonesa Modelo Clasico Entretelado solo un color tela alegra', NULL, NULL, 'Remera Polo Japonesa Modelo Clasico Entretelado solo un color tela alegra', 1, 1, 10, '2025-03-10 14:29:24', '2025-03-10 14:29:28', NULL),
	(501, 'RJ-ALC05', 'Remera Polo Japonesa Modelo Tejido Y Carterita  solo un color tela alegra', NULL, NULL, 'Remera Polo Japonesa Modelo Tejido Y Carterita  solo un color tela alegra', 1, 1, 10, '2025-03-10 14:29:24', '2025-03-10 14:29:28', NULL),
	(502, 'RJ-ALC06', 'Remera Polo Japonesa Modelo Entretelado Y Carterita  solo un color tela alegra', NULL, NULL, 'Remera Polo Japonesa Modelo Entretelado Y Carterita  solo un color tela alegra', 1, 1, 10, '2025-03-10 14:29:24', '2025-03-10 14:29:28', NULL),
	(503, 'RJ-ALC07', 'Remera Polo Japonesa Modelo Tejido Mas V solo un color tela alegra', NULL, NULL, 'Remera Polo Japonesa Modelo Tejido Mas V solo un color tela alegra', 1, 1, 10, '2025-03-10 14:29:24', '2025-03-10 14:29:28', NULL),
	(504, 'RJ-ALC08', 'Remera Polo Japonesa Modelo Entretelado Mas V solo un color tela alegra', NULL, NULL, 'Remera Polo Japonesa Modelo Entretelado Mas V solo un color tela alegra', 1, 1, 10, '2025-03-10 14:29:24', '2025-03-10 14:29:28', NULL),
	(505, 'RJ-ALC09', 'Remera Polo Japonesa Modelo Entretelado Y Cartera 20Cm solo un color tela alegra', NULL, NULL, 'Remera Polo Japonesa Modelo Entretelado Y Cartera 20Cm solo un color tela alegra', 1, 1, 10, '2025-03-10 14:29:24', '2025-03-10 14:29:28', NULL),
	(506, 'RJ-ALC10', 'Remera Polo Japonesa Modelo Tejido Y Cartera 20Cm solo un color tela alegra', NULL, NULL, 'Remera Polo Japonesa Modelo Tejido Y Cartera 20Cm solo un color tela alegra', 1, 1, 10, '2025-03-10 14:29:24', '2025-03-10 14:29:28', NULL),
	(507, 'RJ-ALB01', 'Remera Polo Japonesa Modelo Neru combinacion  tela alegra', NULL, NULL, 'Remera Polo Japonesa Modelo Neru combinacion  tela alegra', 1, 2, 10, '2025-03-10 14:29:24', '2025-03-10 14:29:28', NULL),
	(508, 'RJ-ALB02', 'Remera Polo Japonesa Modelo Neru Con Vivo combinacion  tela alegra', NULL, NULL, 'Remera Polo Japonesa Modelo Neru Con Vivo combinacion  tela alegra', 1, 2, 10, '2025-03-10 14:29:24', '2025-03-10 14:29:28', NULL),
	(509, 'RJ-ALB03', 'Remera Polo Japonesa Modelo Clasico Tejido combinacion  tela alegra', NULL, NULL, 'Remera Polo Japonesa Modelo Clasico Tejido combinacion  tela alegra', 1, 2, 10, '2025-03-10 14:29:24', '2025-03-10 14:29:28', NULL),
	(510, 'RJ-ALB04', 'Remera Polo Japonesa Modelo Clasico Entretelado combinacion  tela alegra', NULL, NULL, 'Remera Polo Japonesa Modelo Clasico Entretelado combinacion  tela alegra', 1, 2, 10, '2025-03-10 14:29:24', '2025-03-10 14:29:28', NULL),
	(511, 'RJ-ALB05', 'Remera Polo Japonesa Modelo Tejido Y Carterita  combinacion  tela alegra', NULL, NULL, 'Remera Polo Japonesa Modelo Tejido Y Carterita  combinacion  tela alegra', 1, 2, 10, '2025-03-10 14:29:24', '2025-03-10 14:29:28', NULL),
	(512, 'RJ-ALB06', 'Remera Polo Japonesa Modelo Entretelado Y Carterita  combinacion  tela alegra', NULL, NULL, 'Remera Polo Japonesa Modelo Entretelado Y Carterita  combinacion  tela alegra', 1, 2, 10, '2025-03-10 14:29:24', '2025-03-10 14:29:28', NULL),
	(513, 'RJ-ALB07', 'Remera Polo Japonesa Modelo Tejido Mas V combinacion  tela alegra', NULL, NULL, 'Remera Polo Japonesa Modelo Tejido Mas V combinacion  tela alegra', 1, 2, 10, '2025-03-10 14:29:24', '2025-03-10 14:29:28', NULL),
	(514, 'RJ-ALB08', 'Remera Polo Japonesa Modelo Entretelado Mas V combinacion  tela alegra', NULL, NULL, 'Remera Polo Japonesa Modelo Entretelado Mas V combinacion  tela alegra', 1, 2, 10, '2025-03-10 14:29:24', '2025-03-10 14:29:28', NULL),
	(515, 'RJ-ALB09', 'Remera Polo Japonesa Modelo Entretelado Y Cartera 20Cm combinacion  tela alegra', NULL, NULL, 'Remera Polo Japonesa Modelo Entretelado Y Cartera 20Cm combinacion  tela alegra', 1, 2, 10, '2025-03-10 14:29:24', '2025-03-10 14:29:28', NULL),
	(516, 'RJ-ALB10', 'Remera Polo Japonesa Modelo Tejido Y Cartera 20Cm combinacion  tela alegra', NULL, NULL, 'Remera Polo Japonesa Modelo Tejido Y Cartera 20Cm combinacion  tela alegra', 1, 2, 10, '2025-03-10 14:29:24', '2025-03-10 14:29:28', NULL),
	(517, 'RJ-ALS01', 'Remera Polo Japonesa Modelo Neru det sublimados tela alegra', NULL, NULL, 'Remera Polo Japonesa Modelo Neru det sublimados tela alegra', 1, 3, 10, '2025-03-10 14:29:24', '2025-03-10 14:29:28', NULL),
	(518, 'RJ-ALS02', 'Remera Polo Japonesa Modelo Neru Con Vivo det sublimados tela alegra', NULL, NULL, 'Remera Polo Japonesa Modelo Neru Con Vivo det sublimados tela alegra', 1, 3, 10, '2025-03-10 14:29:24', '2025-03-10 14:29:28', NULL),
	(519, 'RJ-ALS03', 'Remera Polo Japonesa Modelo Clasico Tejido det sublimados tela alegra', NULL, NULL, 'Remera Polo Japonesa Modelo Clasico Tejido det sublimados tela alegra', 1, 3, 10, '2025-03-10 14:29:24', '2025-03-10 14:29:28', NULL),
	(520, 'RJ-ALS04', 'Remera Polo Japonesa Modelo Clasico Entretelado det sublimados tela alegra', NULL, NULL, 'Remera Polo Japonesa Modelo Clasico Entretelado det sublimados tela alegra', 1, 3, 10, '2025-03-10 14:29:24', '2025-03-10 14:29:28', NULL),
	(521, 'RJ-ALS05', 'Remera Polo Japonesa Modelo Tejido Y Carterita  det sublimados tela alegra', NULL, NULL, 'Remera Polo Japonesa Modelo Tejido Y Carterita  det sublimados tela alegra', 1, 3, 10, '2025-03-10 14:29:24', '2025-03-10 14:29:28', NULL),
	(522, 'RJ-ALS06', 'Remera Polo Japonesa Modelo Entretelado Y Carterita  det sublimados tela alegra', NULL, NULL, 'Remera Polo Japonesa Modelo Entretelado Y Carterita  det sublimados tela alegra', 1, 3, 10, '2025-03-10 14:29:24', '2025-03-10 14:29:28', NULL),
	(523, 'RJ-ALS07', 'Remera Polo Japonesa Modelo Tejido Mas V det sublimados tela alegra', NULL, NULL, 'Remera Polo Japonesa Modelo Tejido Mas V det sublimados tela alegra', 1, 3, 10, '2025-03-10 14:29:24', '2025-03-10 14:29:28', NULL),
	(524, 'RJ-ALS08', 'Remera Polo Japonesa Modelo Entretelado Mas V det sublimados tela alegra', NULL, NULL, 'Remera Polo Japonesa Modelo Entretelado Mas V det sublimados tela alegra', 1, 3, 10, '2025-03-10 14:29:24', '2025-03-10 14:29:28', NULL),
	(525, 'RJ-ALS09', 'Remera Polo Japonesa Modelo Entretelado Y Cartera 20Cm det sublimados tela alegra', NULL, NULL, 'Remera Polo Japonesa Modelo Entretelado Y Cartera 20Cm det sublimados tela alegra', 1, 3, 10, '2025-03-10 14:29:24', '2025-03-10 14:29:28', NULL),
	(526, 'RJ-ALS10', 'Remera Polo Japonesa Modelo Tejido Y Cartera 20Cm det sublimados tela alegra', NULL, NULL, 'Remera Polo Japonesa Modelo Tejido Y Cartera 20Cm det sublimados tela alegra', 1, 3, 10, '2025-03-10 14:29:24', '2025-03-10 14:29:28', NULL),
	(527, 'RJ-VCC01', 'Remera Polo Japonesa Modelo Neru solo un color tela pike vicuña', NULL, NULL, 'Remera Polo Japonesa Modelo Neru solo un color tela pike vicuña', 1, 1, 10, '2025-03-10 14:29:24', '2025-03-10 14:29:28', NULL),
	(528, 'RJ-VCC02', 'Remera Polo Japonesa Modelo Neru Con Vivo solo un color tela pike vicuña', NULL, NULL, 'Remera Polo Japonesa Modelo Neru Con Vivo solo un color tela pike vicuña', 1, 1, 10, '2025-03-10 14:29:24', '2025-03-10 14:29:28', NULL),
	(529, 'RJ-VCC03', 'Remera Polo Japonesa Modelo Clasico Tejido solo un color tela pike vicuña', NULL, NULL, 'Remera Polo Japonesa Modelo Clasico Tejido solo un color tela pike vicuña', 1, 1, 10, '2025-03-10 14:29:24', '2025-03-10 14:29:28', NULL),
	(530, 'RJ-VCC04', 'Remera Polo Japonesa Modelo Clasico Entretelado solo un color tela pike vicuña', NULL, NULL, 'Remera Polo Japonesa Modelo Clasico Entretelado solo un color tela pike vicuña', 1, 1, 10, '2025-03-10 14:29:24', '2025-03-10 14:29:28', NULL),
	(531, 'RJ-VCC05', 'Remera Polo Japonesa Modelo Tejido Y Carterita  solo un color tela pike vicuña', NULL, NULL, 'Remera Polo Japonesa Modelo Tejido Y Carterita  solo un color tela pike vicuña', 1, 1, 10, '2025-03-10 14:29:24', '2025-03-10 14:29:28', NULL),
	(532, 'RJ-VCC06', 'Remera Polo Japonesa Modelo Entretelado Y Carterita  solo un color tela pike vicuña', NULL, NULL, 'Remera Polo Japonesa Modelo Entretelado Y Carterita  solo un color tela pike vicuña', 1, 1, 10, '2025-03-10 14:29:24', '2025-03-10 14:29:28', NULL),
	(533, 'RJ-VCC07', 'Remera Polo Japonesa Modelo Tejido Mas V solo un color tela pike vicuña', NULL, NULL, 'Remera Polo Japonesa Modelo Tejido Mas V solo un color tela pike vicuña', 1, 1, 10, '2025-03-10 14:29:24', '2025-03-10 14:29:28', NULL),
	(534, 'RJ-VCC08', 'Remera Polo Japonesa Modelo Entretelado Mas V solo un color tela pike vicuña', NULL, NULL, 'Remera Polo Japonesa Modelo Entretelado Mas V solo un color tela pike vicuña', 1, 1, 10, '2025-03-10 14:29:24', '2025-03-10 14:29:28', NULL),
	(535, 'RJ-VCC09', 'Remera Polo Japonesa Modelo Entretelado Y Cartera 20Cm solo un color tela pike vicuña', NULL, NULL, 'Remera Polo Japonesa Modelo Entretelado Y Cartera 20Cm solo un color tela pike vicuña', 1, 1, 10, '2025-03-10 14:29:24', '2025-03-10 14:29:28', NULL),
	(536, 'RJ-VCC10', 'Remera Polo Japonesa Modelo Tejido Y Cartera 20Cm solo un color tela pike vicuña', NULL, NULL, 'Remera Polo Japonesa Modelo Tejido Y Cartera 20Cm solo un color tela pike vicuña', 1, 1, 10, '2025-03-10 14:29:24', '2025-03-10 14:29:28', NULL),
	(537, 'RJ-VCB01', 'Remera Polo Japonesa Modelo Neru combinacion  tela pike vicuña', NULL, NULL, 'Remera Polo Japonesa Modelo Neru combinacion  tela pike vicuña', 1, 2, 10, '2025-03-10 14:29:24', '2025-03-10 14:29:28', NULL),
	(538, 'RJ-VCB02', 'Remera Polo Japonesa Modelo Neru Con Vivo combinacion  tela pike vicuña', NULL, NULL, 'Remera Polo Japonesa Modelo Neru Con Vivo combinacion  tela pike vicuña', 1, 2, 10, '2025-03-10 14:29:24', '2025-03-10 14:29:28', NULL),
	(539, 'RJ-VCB03', 'Remera Polo Japonesa Modelo Clasico Tejido combinacion  tela pike vicuña', NULL, NULL, 'Remera Polo Japonesa Modelo Clasico Tejido combinacion  tela pike vicuña', 1, 2, 10, '2025-03-10 14:29:24', '2025-03-10 14:29:28', NULL),
	(540, 'RJ-VCB04', 'Remera Polo Japonesa Modelo Clasico Entretelado combinacion  tela pike vicuña', NULL, NULL, 'Remera Polo Japonesa Modelo Clasico Entretelado combinacion  tela pike vicuña', 1, 2, 10, '2025-03-10 14:29:24', '2025-03-10 14:29:28', NULL),
	(541, 'RJ-VCB05', 'Remera Polo Japonesa Modelo Tejido Y Carterita  combinacion  tela pike vicuña', NULL, NULL, 'Remera Polo Japonesa Modelo Tejido Y Carterita  combinacion  tela pike vicuña', 1, 2, 10, '2025-03-10 14:29:24', '2025-03-10 14:29:28', NULL),
	(542, 'RJ-VCB06', 'Remera Polo Japonesa Modelo Entretelado Y Carterita  combinacion  tela pike vicuña', NULL, NULL, 'Remera Polo Japonesa Modelo Entretelado Y Carterita  combinacion  tela pike vicuña', 1, 2, 10, '2025-03-10 14:29:24', '2025-03-10 14:29:28', NULL),
	(543, 'RJ-VCB07', 'Remera Polo Japonesa Modelo Tejido Mas V combinacion  tela pike vicuña', NULL, NULL, 'Remera Polo Japonesa Modelo Tejido Mas V combinacion  tela pike vicuña', 1, 2, 10, '2025-03-10 14:29:24', '2025-03-10 14:29:28', NULL),
	(544, 'RJ-VCB08', 'Remera Polo Japonesa Modelo Entretelado Mas V combinacion  tela pike vicuña', NULL, NULL, 'Remera Polo Japonesa Modelo Entretelado Mas V combinacion  tela pike vicuña', 1, 2, 10, '2025-03-10 14:29:24', '2025-03-10 14:29:28', NULL),
	(545, 'RJ-VCB09', 'Remera Polo Japonesa Modelo Entretelado Y Cartera 20Cm combinacion  tela pike vicuña', NULL, NULL, 'Remera Polo Japonesa Modelo Entretelado Y Cartera 20Cm combinacion  tela pike vicuña', 1, 2, 10, '2025-03-10 14:29:24', '2025-03-10 14:29:28', NULL),
	(546, 'RJ-VCB10', 'Remera Polo Japonesa Modelo Tejido Y Cartera 20Cm combinacion  tela pike vicuña', NULL, NULL, 'Remera Polo Japonesa Modelo Tejido Y Cartera 20Cm combinacion  tela pike vicuña', 1, 2, 10, '2025-03-10 14:29:24', '2025-03-10 14:29:28', NULL),
	(547, 'RJ-VCS01', 'Remera Polo Japonesa Modelo Neru det sublimados tela pike vicuña', NULL, NULL, 'Remera Polo Japonesa Modelo Neru det sublimados tela pike vicuña', 1, 3, 10, '2025-03-10 14:29:24', '2025-03-10 14:29:28', NULL),
	(548, 'RJ-VCS02', 'Remera Polo Japonesa Modelo Neru Con Vivo det sublimados tela pike vicuña', NULL, NULL, 'Remera Polo Japonesa Modelo Neru Con Vivo det sublimados tela pike vicuña', 1, 3, 10, '2025-03-10 14:29:24', '2025-03-10 14:29:28', NULL),
	(549, 'RJ-VCS03', 'Remera Polo Japonesa Modelo Clasico Tejido det sublimados tela pike vicuña', NULL, NULL, 'Remera Polo Japonesa Modelo Clasico Tejido det sublimados tela pike vicuña', 1, 3, 10, '2025-03-10 14:29:24', '2025-03-10 14:29:28', NULL),
	(550, 'RJ-VCS04', 'Remera Polo Japonesa Modelo Clasico Entretelado det sublimados tela pike vicuña', NULL, NULL, 'Remera Polo Japonesa Modelo Clasico Entretelado det sublimados tela pike vicuña', 1, 3, 10, '2025-03-10 14:29:24', '2025-03-10 14:29:28', NULL),
	(551, 'RJ-VCS05', 'Remera Polo Japonesa Modelo Tejido Y Carterita  det sublimados tela pike vicuña', NULL, NULL, 'Remera Polo Japonesa Modelo Tejido Y Carterita  det sublimados tela pike vicuña', 1, 3, 10, '2025-03-10 14:29:24', '2025-03-10 14:29:28', NULL),
	(552, 'RJ-VCS06', 'Remera Polo Japonesa Modelo Entretelado Y Carterita  det sublimados tela pike vicuña', NULL, NULL, 'Remera Polo Japonesa Modelo Entretelado Y Carterita  det sublimados tela pike vicuña', 1, 3, 10, '2025-03-10 14:29:24', '2025-03-10 14:29:28', NULL),
	(553, 'RJ-VCS07', 'Remera Polo Japonesa Modelo Tejido Mas V det sublimados tela pike vicuña', NULL, NULL, 'Remera Polo Japonesa Modelo Tejido Mas V det sublimados tela pike vicuña', 1, 3, 10, '2025-03-10 14:29:24', '2025-03-10 14:29:28', NULL),
	(554, 'RJ-VCS08', 'Remera Polo Japonesa Modelo Entretelado Mas V det sublimados tela pike vicuña', NULL, NULL, 'Remera Polo Japonesa Modelo Entretelado Mas V det sublimados tela pike vicuña', 1, 3, 10, '2025-03-10 14:29:24', '2025-03-10 14:29:28', NULL),
	(555, 'RJ-VCS09', 'Remera Polo Japonesa Modelo Entretelado Y Cartera 20Cm det sublimados tela pike vicuña', NULL, NULL, 'Remera Polo Japonesa Modelo Entretelado Y Cartera 20Cm det sublimados tela pike vicuña', 1, 3, 10, '2025-03-10 14:29:24', '2025-03-10 14:29:28', NULL),
	(556, 'RJ-VCS10', 'Remera Polo Japonesa Modelo Tejido Y Cartera 20Cm det sublimados tela pike vicuña', NULL, NULL, 'Remera Polo Japonesa Modelo Tejido Y Cartera 20Cm det sublimados tela pike vicuña', 1, 3, 10, '2025-03-10 14:29:24', '2025-03-10 14:29:28', NULL),
	(557, 'RJ-PVC01', 'Remera Polo Japonesa Modelo Neru solo un color tela pike PV', NULL, NULL, 'Remera Polo Japonesa Modelo Neru solo un color tela pike PV', 1, 1, 10, '2025-03-10 14:29:24', '2025-03-10 14:29:28', NULL),
	(558, 'RJ-PVC02', 'Remera Polo Japonesa Modelo Neru Con Vivo solo un color tela pike PV', NULL, NULL, 'Remera Polo Japonesa Modelo Neru Con Vivo solo un color tela pike PV', 1, 1, 10, '2025-03-10 14:29:24', '2025-03-10 14:29:28', NULL),
	(559, 'RJ-PVC03', 'Remera Polo Japonesa Modelo Clasico Tejido solo un color tela pike PV', NULL, NULL, 'Remera Polo Japonesa Modelo Clasico Tejido solo un color tela pike PV', 1, 1, 10, '2025-03-10 14:29:24', '2025-03-10 14:29:28', NULL),
	(560, 'RJ-PVC04', 'Remera Polo Japonesa Modelo Clasico Entretelado solo un color tela pike PV', NULL, NULL, 'Remera Polo Japonesa Modelo Clasico Entretelado solo un color tela pike PV', 1, 1, 10, '2025-03-10 14:29:24', '2025-03-10 14:29:28', NULL),
	(561, 'RJ-PVC05', 'Remera Polo Japonesa Modelo Tejido Y Carterita  solo un color tela pike PV', NULL, NULL, 'Remera Polo Japonesa Modelo Tejido Y Carterita  solo un color tela pike PV', 1, 1, 10, '2025-03-10 14:29:24', '2025-03-10 14:29:28', NULL),
	(562, 'RJ-PVC06', 'Remera Polo Japonesa Modelo Entretelado Y Carterita  solo un color tela pike PV', NULL, NULL, 'Remera Polo Japonesa Modelo Entretelado Y Carterita  solo un color tela pike PV', 1, 1, 10, '2025-03-10 14:29:24', '2025-03-10 14:29:28', NULL),
	(563, 'RJ-PVC07', 'Remera Polo Japonesa Modelo Tejido Mas V solo un color tela pike PV', NULL, NULL, 'Remera Polo Japonesa Modelo Tejido Mas V solo un color tela pike PV', 1, 1, 10, '2025-03-10 14:29:24', '2025-03-10 14:29:28', NULL),
	(564, 'RJ-PVC08', 'Remera Polo Japonesa Modelo Entretelado Mas V solo un color tela pike PV', NULL, NULL, 'Remera Polo Japonesa Modelo Entretelado Mas V solo un color tela pike PV', 1, 1, 10, '2025-03-10 14:29:24', '2025-03-10 14:29:28', NULL),
	(565, 'RJ-PVC09', 'Remera Polo Japonesa Modelo Entretelado Y Cartera 20Cm solo un color tela pike PV', NULL, NULL, 'Remera Polo Japonesa Modelo Entretelado Y Cartera 20Cm solo un color tela pike PV', 1, 1, 10, '2025-03-10 14:29:24', '2025-03-10 14:29:28', NULL),
	(566, 'RJ-PVC10', 'Remera Polo Japonesa Modelo Tejido Y Cartera 20Cm solo un color tela pike PV', NULL, NULL, 'Remera Polo Japonesa Modelo Tejido Y Cartera 20Cm solo un color tela pike PV', 1, 1, 10, '2025-03-10 14:29:24', '2025-03-10 14:29:28', NULL),
	(567, 'RJ-PVB01', 'Remera Polo Japonesa Modelo Neru combinacion  tela pike PV', NULL, NULL, 'Remera Polo Japonesa Modelo Neru combinacion  tela pike PV', 1, 2, 10, '2025-03-10 14:29:24', '2025-03-10 14:29:28', NULL),
	(568, 'RJ-PVB02', 'Remera Polo Japonesa Modelo Neru Con Vivo combinacion  tela pike PV', NULL, NULL, 'Remera Polo Japonesa Modelo Neru Con Vivo combinacion  tela pike PV', 1, 2, 10, '2025-03-10 14:29:24', '2025-03-10 14:29:28', NULL),
	(569, 'RJ-PVB03', 'Remera Polo Japonesa Modelo Clasico Tejido combinacion  tela pike PV', NULL, NULL, 'Remera Polo Japonesa Modelo Clasico Tejido combinacion  tela pike PV', 1, 2, 10, '2025-03-10 14:29:24', '2025-03-10 14:29:28', NULL),
	(570, 'RJ-PVB04', 'Remera Polo Japonesa Modelo Clasico Entretelado combinacion  tela pike PV', NULL, NULL, 'Remera Polo Japonesa Modelo Clasico Entretelado combinacion  tela pike PV', 1, 2, 10, '2025-03-10 14:29:24', '2025-03-10 14:29:28', NULL),
	(571, 'RJ-PVB05', 'Remera Polo Japonesa Modelo Tejido Y Carterita  combinacion  tela pike PV', NULL, NULL, 'Remera Polo Japonesa Modelo Tejido Y Carterita  combinacion  tela pike PV', 1, 2, 10, '2025-03-10 14:29:24', '2025-03-10 14:29:28', NULL),
	(572, 'RJ-PVB06', 'Remera Polo Japonesa Modelo Entretelado Y Carterita  combinacion  tela pike PV', NULL, NULL, 'Remera Polo Japonesa Modelo Entretelado Y Carterita  combinacion  tela pike PV', 1, 2, 10, '2025-03-10 14:29:24', '2025-03-10 14:29:28', NULL),
	(573, 'RJ-PVB07', 'Remera Polo Japonesa Modelo Tejido Mas V combinacion  tela pike PV', NULL, NULL, 'Remera Polo Japonesa Modelo Tejido Mas V combinacion  tela pike PV', 1, 2, 10, '2025-03-10 14:29:24', '2025-03-10 14:29:28', NULL),
	(574, 'RJ-PVB08', 'Remera Polo Japonesa Modelo Entretelado Mas V combinacion  tela pike PV', NULL, NULL, 'Remera Polo Japonesa Modelo Entretelado Mas V combinacion  tela pike PV', 1, 2, 10, '2025-03-10 14:29:24', '2025-03-10 14:29:28', NULL),
	(575, 'RJ-PVB09', 'Remera Polo Japonesa Modelo Entretelado Y Cartera 20Cm combinacion  tela pike PV', NULL, NULL, 'Remera Polo Japonesa Modelo Entretelado Y Cartera 20Cm combinacion  tela pike PV', 1, 2, 10, '2025-03-10 14:29:24', '2025-03-10 14:29:28', NULL),
	(576, 'RJ-PVB10', 'Remera Polo Japonesa Modelo Tejido Y Cartera 20Cm combinacion  tela pike PV', NULL, NULL, 'Remera Polo Japonesa Modelo Tejido Y Cartera 20Cm combinacion  tela pike PV', 1, 2, 10, '2025-03-10 14:29:24', '2025-03-10 14:29:28', NULL),
	(577, 'RJ-PVS01', 'Remera Polo Japonesa Modelo Neru det sublimados tela pike PV', NULL, NULL, 'Remera Polo Japonesa Modelo Neru det sublimados tela pike PV', 1, 3, 10, '2025-03-10 14:29:24', '2025-03-10 14:29:28', NULL),
	(578, 'RJ-PVS02', 'Remera Polo Japonesa Modelo Neru Con Vivo det sublimados tela pike PV', NULL, NULL, 'Remera Polo Japonesa Modelo Neru Con Vivo det sublimados tela pike PV', 1, 3, 10, '2025-03-10 14:29:24', '2025-03-10 14:29:28', NULL),
	(579, 'RJ-PVS03', 'Remera Polo Japonesa Modelo Clasico Tejido det sublimados tela pike PV', NULL, NULL, 'Remera Polo Japonesa Modelo Clasico Tejido det sublimados tela pike PV', 1, 3, 10, '2025-03-10 14:29:24', '2025-03-10 14:29:28', NULL),
	(580, 'RJ-PVS04', 'Remera Polo Japonesa Modelo Clasico Entretelado det sublimados tela pike PV', NULL, NULL, 'Remera Polo Japonesa Modelo Clasico Entretelado det sublimados tela pike PV', 1, 3, 10, '2025-03-10 14:29:24', '2025-03-10 14:29:28', NULL),
	(581, 'RJ-PVS05', 'Remera Polo Japonesa Modelo Tejido Y Carterita  det sublimados tela pike PV', NULL, NULL, 'Remera Polo Japonesa Modelo Tejido Y Carterita  det sublimados tela pike PV', 1, 3, 10, '2025-03-10 14:29:24', '2025-03-10 14:29:28', NULL),
	(582, 'RJ-PVS06', 'Remera Polo Japonesa Modelo Entretelado Y Carterita  det sublimados tela pike PV', NULL, NULL, 'Remera Polo Japonesa Modelo Entretelado Y Carterita  det sublimados tela pike PV', 1, 3, 10, '2025-03-10 14:29:24', '2025-03-10 14:29:28', NULL),
	(583, 'RJ-PVS07', 'Remera Polo Japonesa Modelo Tejido Mas V det sublimados tela pike PV', NULL, NULL, 'Remera Polo Japonesa Modelo Tejido Mas V det sublimados tela pike PV', 1, 3, 10, '2025-03-10 14:29:24', '2025-03-10 14:29:28', NULL),
	(584, 'RJ-PVS08', 'Remera Polo Japonesa Modelo Entretelado Mas V det sublimados tela pike PV', NULL, NULL, 'Remera Polo Japonesa Modelo Entretelado Mas V det sublimados tela pike PV', 1, 3, 10, '2025-03-10 14:29:24', '2025-03-10 14:29:28', NULL),
	(585, 'RJ-PVS09', 'Remera Polo Japonesa Modelo Entretelado Y Cartera 20Cm det sublimados tela pike PV', NULL, NULL, 'Remera Polo Japonesa Modelo Entretelado Y Cartera 20Cm det sublimados tela pike PV', 1, 3, 10, '2025-03-10 14:29:24', '2025-03-10 14:29:28', NULL),
	(586, 'RJ-PVS10', 'Remera Polo Japonesa Modelo Tejido Y Cartera 20Cm det sublimados tela pike PV', NULL, NULL, 'Remera Polo Japonesa Modelo Tejido Y Cartera 20Cm det sublimados tela pike PV', 1, 3, 10, '2025-03-10 14:29:24', '2025-03-10 14:29:28', NULL),
	(587, 'RJ-APC01', 'Remera Polo Japonesa Modelo Neru solo un color tela algodon premium', NULL, NULL, 'Remera Polo Japonesa Modelo Neru solo un color tela algodon premium', 1, 1, 10, '2025-03-10 14:29:24', '2025-03-10 14:29:28', NULL),
	(588, 'RJ-APC02', 'Remera Polo Japonesa Modelo Neru Con Vivo solo un color tela algodon premium', NULL, NULL, 'Remera Polo Japonesa Modelo Neru Con Vivo solo un color tela algodon premium', 1, 1, 10, '2025-03-10 14:29:24', '2025-03-10 14:29:28', NULL),
	(589, 'RJ-APC03', 'Remera Polo Japonesa Modelo Clasico Tejido solo un color tela algodon premium', NULL, NULL, 'Remera Polo Japonesa Modelo Clasico Tejido solo un color tela algodon premium', 1, 1, 10, '2025-03-10 14:29:24', '2025-03-10 14:29:28', NULL),
	(590, 'RJ-APC04', 'Remera Polo Japonesa Modelo Clasico Entretelado solo un color tela algodon premium', NULL, NULL, 'Remera Polo Japonesa Modelo Clasico Entretelado solo un color tela algodon premium', 1, 1, 10, '2025-03-10 14:29:24', '2025-03-10 14:29:28', NULL),
	(591, 'RJ-APC05', 'Remera Polo Japonesa Modelo Tejido Y Carterita  solo un color tela algodon premium', NULL, NULL, 'Remera Polo Japonesa Modelo Tejido Y Carterita  solo un color tela algodon premium', 1, 1, 10, '2025-03-10 14:29:24', '2025-03-10 14:29:28', NULL),
	(592, 'RJ-APC06', 'Remera Polo Japonesa Modelo Entretelado Y Carterita  solo un color tela algodon premium', NULL, NULL, 'Remera Polo Japonesa Modelo Entretelado Y Carterita  solo un color tela algodon premium', 1, 1, 10, '2025-03-10 14:29:24', '2025-03-10 14:29:28', NULL),
	(593, 'RJ-APC07', 'Remera Polo Japonesa Modelo Tejido Mas V solo un color tela algodon premium', NULL, NULL, 'Remera Polo Japonesa Modelo Tejido Mas V solo un color tela algodon premium', 1, 1, 10, '2025-03-10 14:29:24', '2025-03-10 14:29:28', NULL),
	(594, 'RJ-APC08', 'Remera Polo Japonesa Modelo Entretelado Mas V solo un color tela algodon premium', NULL, NULL, 'Remera Polo Japonesa Modelo Entretelado Mas V solo un color tela algodon premium', 1, 1, 10, '2025-03-10 14:29:24', '2025-03-10 14:29:28', NULL),
	(595, 'RJ-APC09', 'Remera Polo Japonesa Modelo Entretelado Y Cartera 20Cm solo un color tela algodon premium', NULL, NULL, 'Remera Polo Japonesa Modelo Entretelado Y Cartera 20Cm solo un color tela algodon premium', 1, 1, 10, '2025-03-10 14:29:24', '2025-03-10 14:29:28', NULL),
	(596, 'RJ-APC10', 'Remera Polo Japonesa Modelo Tejido Y Cartera 20Cm solo un color tela algodon premium', NULL, NULL, 'Remera Polo Japonesa Modelo Tejido Y Cartera 20Cm solo un color tela algodon premium', 1, 1, 10, '2025-03-10 14:29:24', '2025-03-10 14:29:28', NULL),
	(597, 'RJ-APB01', 'Remera Polo Japonesa Modelo Neru combinacion  tela algodon premium', NULL, NULL, 'Remera Polo Japonesa Modelo Neru combinacion  tela algodon premium', 1, 2, 10, '2025-03-10 14:29:24', '2025-03-10 14:29:28', NULL),
	(598, 'RJ-APB02', 'Remera Polo Japonesa Modelo Neru Con Vivo combinacion  tela algodon premium', NULL, NULL, 'Remera Polo Japonesa Modelo Neru Con Vivo combinacion  tela algodon premium', 1, 2, 10, '2025-03-10 14:29:24', '2025-03-10 14:29:28', NULL),
	(599, 'RJ-APB03', 'Remera Polo Japonesa Modelo Clasico Tejido combinacion  tela algodon premium', NULL, NULL, 'Remera Polo Japonesa Modelo Clasico Tejido combinacion  tela algodon premium', 1, 2, 10, '2025-03-10 14:29:24', '2025-03-10 14:29:28', NULL),
	(600, 'RJ-APB04', 'Remera Polo Japonesa Modelo Clasico Entretelado combinacion  tela algodon premium', NULL, NULL, 'Remera Polo Japonesa Modelo Clasico Entretelado combinacion  tela algodon premium', 1, 2, 10, '2025-03-10 14:29:24', '2025-03-10 14:29:28', NULL),
	(601, 'RJ-APB05', 'Remera Polo Japonesa Modelo Tejido Y Carterita  combinacion  tela algodon premium', NULL, NULL, 'Remera Polo Japonesa Modelo Tejido Y Carterita  combinacion  tela algodon premium', 1, 2, 10, '2025-03-10 14:29:24', '2025-03-10 14:29:28', NULL),
	(602, 'RJ-APB06', 'Remera Polo Japonesa Modelo Entretelado Y Carterita  combinacion  tela algodon premium', NULL, NULL, 'Remera Polo Japonesa Modelo Entretelado Y Carterita  combinacion  tela algodon premium', 1, 2, 10, '2025-03-10 14:29:24', '2025-03-10 14:29:28', NULL),
	(603, 'RJ-APB07', 'Remera Polo Japonesa Modelo Tejido Mas V combinacion  tela algodon premium', NULL, NULL, 'Remera Polo Japonesa Modelo Tejido Mas V combinacion  tela algodon premium', 1, 2, 10, '2025-03-10 14:29:24', '2025-03-10 14:29:28', NULL),
	(604, 'RJ-APB08', 'Remera Polo Japonesa Modelo Entretelado Mas V combinacion  tela algodon premium', NULL, NULL, 'Remera Polo Japonesa Modelo Entretelado Mas V combinacion  tela algodon premium', 1, 2, 10, '2025-03-10 14:29:24', '2025-03-10 14:29:28', NULL),
	(605, 'RJ-APB09', 'Remera Polo Japonesa Modelo Entretelado Y Cartera 20Cm combinacion  tela algodon premium', NULL, NULL, 'Remera Polo Japonesa Modelo Entretelado Y Cartera 20Cm combinacion  tela algodon premium', 1, 2, 10, '2025-03-10 14:29:24', '2025-03-10 14:29:28', NULL),
	(606, 'RJ-APB10', 'Remera Polo Japonesa Modelo Tejido Y Cartera 20Cm combinacion  tela algodon premium', NULL, NULL, 'Remera Polo Japonesa Modelo Tejido Y Cartera 20Cm combinacion  tela algodon premium', 1, 2, 10, '2025-03-10 14:29:24', '2025-03-10 14:29:28', NULL),
	(607, 'RJ-APS01', 'Remera Polo Japonesa Modelo Neru det sublimados tela algodon premium', NULL, NULL, 'Remera Polo Japonesa Modelo Neru det sublimados tela algodon premium', 1, 3, 10, '2025-03-10 14:29:24', '2025-03-10 14:29:28', NULL),
	(608, 'RJ-APS02', 'Remera Polo Japonesa Modelo Neru Con Vivo det sublimados tela algodon premium', NULL, NULL, 'Remera Polo Japonesa Modelo Neru Con Vivo det sublimados tela algodon premium', 1, 3, 10, '2025-03-10 14:29:24', '2025-03-10 14:29:28', NULL),
	(609, 'RJ-APS03', 'Remera Polo Japonesa Modelo Clasico Tejido det sublimados tela algodon premium', NULL, NULL, 'Remera Polo Japonesa Modelo Clasico Tejido det sublimados tela algodon premium', 1, 3, 10, '2025-03-10 14:29:24', '2025-03-10 14:29:28', NULL),
	(610, 'RJ-APS04', 'Remera Polo Japonesa Modelo Clasico Entretelado det sublimados tela algodon premium', NULL, NULL, 'Remera Polo Japonesa Modelo Clasico Entretelado det sublimados tela algodon premium', 1, 3, 10, '2025-03-10 14:29:24', '2025-03-10 14:29:28', NULL),
	(611, 'RJ-APS05', 'Remera Polo Japonesa Modelo Tejido Y Carterita  det sublimados tela algodon premium', NULL, NULL, 'Remera Polo Japonesa Modelo Tejido Y Carterita  det sublimados tela algodon premium', 1, 3, 10, '2025-03-10 14:29:24', '2025-03-10 14:29:28', NULL),
	(612, 'RJ-APS06', 'Remera Polo Japonesa Modelo Entretelado Y Carterita  det sublimados tela algodon premium', NULL, NULL, 'Remera Polo Japonesa Modelo Entretelado Y Carterita  det sublimados tela algodon premium', 1, 3, 10, '2025-03-10 14:29:24', '2025-03-10 14:29:28', NULL),
	(613, 'RJ-APS07', 'Remera Polo Japonesa Modelo Tejido Mas V det sublimados tela algodon premium', NULL, NULL, 'Remera Polo Japonesa Modelo Tejido Mas V det sublimados tela algodon premium', 1, 3, 10, '2025-03-10 14:29:24', '2025-03-10 14:29:28', NULL),
	(614, 'RJ-APS08', 'Remera Polo Japonesa Modelo Entretelado Mas V det sublimados tela algodon premium', NULL, NULL, 'Remera Polo Japonesa Modelo Entretelado Mas V det sublimados tela algodon premium', 1, 3, 10, '2025-03-10 14:29:24', '2025-03-10 14:29:28', NULL),
	(615, 'RJ-APS09', 'Remera Polo Japonesa Modelo Entretelado Y Cartera 20Cm det sublimados tela algodon premium', NULL, NULL, 'Remera Polo Japonesa Modelo Entretelado Y Cartera 20Cm det sublimados tela algodon premium', 1, 3, 10, '2025-03-10 14:29:24', '2025-03-10 14:29:28', NULL),
	(616, 'RJ-APS10', 'Remera Polo Japonesa Modelo Tejido Y Cartera 20Cm det sublimados tela algodon premium', NULL, NULL, 'Remera Polo Japonesa Modelo Tejido Y Cartera 20Cm det sublimados tela algodon premium', 1, 3, 10, '2025-03-10 14:29:24', '2025-03-10 14:29:28', NULL),
	(617, 'RJ-ACC01', 'Remera Polo Japonesa Modelo Neru solo un color tela algodon cardado', NULL, NULL, 'Remera Polo Japonesa Modelo Neru solo un color tela algodon cardado', 1, 1, 10, '2025-03-10 14:29:24', '2025-03-10 14:29:28', NULL),
	(618, 'RJ-ACC02', 'Remera Polo Japonesa Modelo Neru Con Vivo solo un color tela algodon cardado', NULL, NULL, 'Remera Polo Japonesa Modelo Neru Con Vivo solo un color tela algodon cardado', 1, 1, 10, '2025-03-10 14:29:24', '2025-03-10 14:29:28', NULL),
	(619, 'RJ-ACC03', 'Remera Polo Japonesa Modelo Clasico Tejido solo un color tela algodon cardado', NULL, NULL, 'Remera Polo Japonesa Modelo Clasico Tejido solo un color tela algodon cardado', 1, 1, 10, '2025-03-10 14:29:24', '2025-03-10 14:29:28', NULL),
	(620, 'RJ-ACC04', 'Remera Polo Japonesa Modelo Clasico Entretelado solo un color tela algodon cardado', NULL, NULL, 'Remera Polo Japonesa Modelo Clasico Entretelado solo un color tela algodon cardado', 1, 1, 10, '2025-03-10 14:29:24', '2025-03-10 14:29:28', NULL),
	(621, 'RJ-ACC05', 'Remera Polo Japonesa Modelo Tejido Y Carterita  solo un color tela algodon cardado', NULL, NULL, 'Remera Polo Japonesa Modelo Tejido Y Carterita  solo un color tela algodon cardado', 1, 1, 10, '2025-03-10 14:29:24', '2025-03-10 14:29:28', NULL),
	(622, 'RJ-ACC06', 'Remera Polo Japonesa Modelo Entretelado Y Carterita  solo un color tela algodon cardado', NULL, NULL, 'Remera Polo Japonesa Modelo Entretelado Y Carterita  solo un color tela algodon cardado', 1, 1, 10, '2025-03-10 14:29:24', '2025-03-10 14:29:28', NULL),
	(623, 'RJ-ACC07', 'Remera Polo Japonesa Modelo Tejido Mas V solo un color tela algodon cardado', NULL, NULL, 'Remera Polo Japonesa Modelo Tejido Mas V solo un color tela algodon cardado', 1, 1, 10, '2025-03-10 14:29:24', '2025-03-10 14:29:28', NULL),
	(624, 'RJ-ACC08', 'Remera Polo Japonesa Modelo Entretelado Mas V solo un color tela algodon cardado', NULL, NULL, 'Remera Polo Japonesa Modelo Entretelado Mas V solo un color tela algodon cardado', 1, 1, 10, '2025-03-10 14:29:24', '2025-03-10 14:29:28', NULL),
	(625, 'RJ-ACC09', 'Remera Polo Japonesa Modelo Entretelado Y Cartera 20Cm solo un color tela algodon cardado', NULL, NULL, 'Remera Polo Japonesa Modelo Entretelado Y Cartera 20Cm solo un color tela algodon cardado', 1, 1, 10, '2025-03-10 14:29:24', '2025-03-10 14:29:28', NULL),
	(626, 'RJ-ACC10', 'Remera Polo Japonesa Modelo Tejido Y Cartera 20Cm solo un color tela algodon cardado', NULL, NULL, 'Remera Polo Japonesa Modelo Tejido Y Cartera 20Cm solo un color tela algodon cardado', 1, 1, 10, '2025-03-10 14:29:24', '2025-03-10 14:29:28', NULL),
	(627, 'RJ-ACB01', 'Remera Polo Japonesa Modelo Neru combinacion  tela algodon cardado', NULL, NULL, 'Remera Polo Japonesa Modelo Neru combinacion  tela algodon cardado', 1, 2, 10, '2025-03-10 14:29:24', '2025-03-10 14:29:28', NULL),
	(628, 'RJ-ACB02', 'Remera Polo Japonesa Modelo Neru Con Vivo combinacion  tela algodon cardado', NULL, NULL, 'Remera Polo Japonesa Modelo Neru Con Vivo combinacion  tela algodon cardado', 1, 2, 10, '2025-03-10 14:29:24', '2025-03-10 14:29:28', NULL),
	(629, 'RJ-ACB03', 'Remera Polo Japonesa Modelo Clasico Tejido combinacion  tela algodon cardado', NULL, NULL, 'Remera Polo Japonesa Modelo Clasico Tejido combinacion  tela algodon cardado', 1, 2, 10, '2025-03-10 14:29:24', '2025-03-10 14:29:28', NULL),
	(630, 'RJ-ACB04', 'Remera Polo Japonesa Modelo Clasico Entretelado combinacion  tela algodon cardado', NULL, NULL, 'Remera Polo Japonesa Modelo Clasico Entretelado combinacion  tela algodon cardado', 1, 2, 10, '2025-03-10 14:29:24', '2025-03-10 14:29:28', NULL),
	(631, 'RJ-ACB05', 'Remera Polo Japonesa Modelo Tejido Y Carterita  combinacion  tela algodon cardado', NULL, NULL, 'Remera Polo Japonesa Modelo Tejido Y Carterita  combinacion  tela algodon cardado', 1, 2, 10, '2025-03-10 14:29:24', '2025-03-10 14:29:28', NULL),
	(632, 'RJ-ACB06', 'Remera Polo Japonesa Modelo Entretelado Y Carterita  combinacion  tela algodon cardado', NULL, NULL, 'Remera Polo Japonesa Modelo Entretelado Y Carterita  combinacion  tela algodon cardado', 1, 2, 10, '2025-03-10 14:29:24', '2025-03-10 14:29:28', NULL),
	(633, 'RJ-ACB07', 'Remera Polo Japonesa Modelo Tejido Mas V combinacion  tela algodon cardado', NULL, NULL, 'Remera Polo Japonesa Modelo Tejido Mas V combinacion  tela algodon cardado', 1, 2, 10, '2025-03-10 14:29:24', '2025-03-10 14:29:28', NULL),
	(634, 'RJ-ACB08', 'Remera Polo Japonesa Modelo Entretelado Mas V combinacion  tela algodon cardado', NULL, NULL, 'Remera Polo Japonesa Modelo Entretelado Mas V combinacion  tela algodon cardado', 1, 2, 10, '2025-03-10 14:29:24', '2025-03-10 14:29:28', NULL),
	(635, 'RJ-ACB09', 'Remera Polo Japonesa Modelo Entretelado Y Cartera 20Cm combinacion  tela algodon cardado', NULL, NULL, 'Remera Polo Japonesa Modelo Entretelado Y Cartera 20Cm combinacion  tela algodon cardado', 1, 2, 10, '2025-03-10 14:29:24', '2025-03-10 14:29:28', NULL),
	(636, 'RJ-ACB10', 'Remera Polo Japonesa Modelo Tejido Y Cartera 20Cm combinacion  tela algodon cardado', NULL, NULL, 'Remera Polo Japonesa Modelo Tejido Y Cartera 20Cm combinacion  tela algodon cardado', 1, 2, 10, '2025-03-10 14:29:24', '2025-03-10 14:29:28', NULL),
	(637, 'RJ-ACS01', 'Remera Polo Japonesa Modelo Neru det sublimados tela algodon cardado', NULL, NULL, 'Remera Polo Japonesa Modelo Neru det sublimados tela algodon cardado', 1, 3, 10, '2025-03-10 14:29:24', '2025-03-10 14:29:28', NULL),
	(638, 'RJ-ACS02', 'Remera Polo Japonesa Modelo Neru Con Vivo det sublimados tela algodon cardado', NULL, NULL, 'Remera Polo Japonesa Modelo Neru Con Vivo det sublimados tela algodon cardado', 1, 3, 10, '2025-03-10 14:29:24', '2025-03-10 14:29:28', NULL),
	(639, 'RJ-ACS03', 'Remera Polo Japonesa Modelo Clasico Tejido det sublimados tela algodon cardado', NULL, NULL, 'Remera Polo Japonesa Modelo Clasico Tejido det sublimados tela algodon cardado', 1, 3, 10, '2025-03-10 14:29:24', '2025-03-10 14:29:28', NULL),
	(640, 'RJ-ACS04', 'Remera Polo Japonesa Modelo Clasico Entretelado det sublimados tela algodon cardado', NULL, NULL, 'Remera Polo Japonesa Modelo Clasico Entretelado det sublimados tela algodon cardado', 1, 3, 10, '2025-03-10 14:29:24', '2025-03-10 14:29:28', NULL),
	(641, 'RJ-ACS05', 'Remera Polo Japonesa Modelo Tejido Y Carterita  det sublimados tela algodon cardado', NULL, NULL, 'Remera Polo Japonesa Modelo Tejido Y Carterita  det sublimados tela algodon cardado', 1, 3, 10, '2025-03-10 14:29:24', '2025-03-10 14:29:28', NULL),
	(642, 'RJ-ACS06', 'Remera Polo Japonesa Modelo Entretelado Y Carterita  det sublimados tela algodon cardado', NULL, NULL, 'Remera Polo Japonesa Modelo Entretelado Y Carterita  det sublimados tela algodon cardado', 1, 3, 10, '2025-03-10 14:29:24', '2025-03-10 14:29:28', NULL),
	(643, 'RJ-ACS07', 'Remera Polo Japonesa Modelo Tejido Mas V det sublimados tela algodon cardado', NULL, NULL, 'Remera Polo Japonesa Modelo Tejido Mas V det sublimados tela algodon cardado', 1, 3, 10, '2025-03-10 14:29:24', '2025-03-10 14:29:28', NULL),
	(644, 'RJ-ACS08', 'Remera Polo Japonesa Modelo Entretelado Mas V det sublimados tela algodon cardado', NULL, NULL, 'Remera Polo Japonesa Modelo Entretelado Mas V det sublimados tela algodon cardado', 1, 3, 10, '2025-03-10 14:29:24', '2025-03-10 14:29:28', NULL),
	(645, 'RJ-ACS09', 'Remera Polo Japonesa Modelo Entretelado Y Cartera 20Cm det sublimados tela algodon cardado', NULL, NULL, 'Remera Polo Japonesa Modelo Entretelado Y Cartera 20Cm det sublimados tela algodon cardado', 1, 3, 10, '2025-03-10 14:29:24', '2025-03-10 14:29:28', NULL),
	(646, 'RJ-ACS10', 'Remera Polo Japonesa Modelo Tejido Y Cartera 20Cm det sublimados tela algodon cardado', NULL, NULL, 'Remera Polo Japonesa Modelo Tejido Y Cartera 20Cm det sublimados tela algodon cardado', 1, 3, 10, '2025-03-10 14:29:24', '2025-03-10 14:29:28', NULL),
	(647, 'RJ-EVC01', 'Remera Polo Japonesa Modelo Neru solo un color tela Elizabeth viscosa', NULL, NULL, 'Remera Polo Japonesa Modelo Neru solo un color tela Elizabeth viscosa', 1, 1, 10, '2025-03-10 14:29:24', '2025-03-10 14:29:28', NULL),
	(648, 'RJ-EVC02', 'Remera Polo Japonesa Modelo Neru Con Vivo solo un color tela Elizabeth viscosa', NULL, NULL, 'Remera Polo Japonesa Modelo Neru Con Vivo solo un color tela Elizabeth viscosa', 1, 1, 10, '2025-03-10 14:29:24', '2025-03-10 14:29:28', NULL),
	(649, 'RJ-EVC03', 'Remera Polo Japonesa Modelo Clasico Tejido solo un color tela Elizabeth viscosa', NULL, NULL, 'Remera Polo Japonesa Modelo Clasico Tejido solo un color tela Elizabeth viscosa', 1, 1, 10, '2025-03-10 14:29:24', '2025-03-10 14:29:28', NULL),
	(650, 'RJ-EVC04', 'Remera Polo Japonesa Modelo Clasico Entretelado solo un color tela Elizabeth viscosa', NULL, NULL, 'Remera Polo Japonesa Modelo Clasico Entretelado solo un color tela Elizabeth viscosa', 1, 1, 10, '2025-03-10 14:29:24', '2025-03-10 14:29:28', NULL),
	(651, 'RJ-EVC05', 'Remera Polo Japonesa Modelo Tejido Y Carterita  solo un color tela Elizabeth viscosa', NULL, NULL, 'Remera Polo Japonesa Modelo Tejido Y Carterita  solo un color tela Elizabeth viscosa', 1, 1, 10, '2025-03-10 14:29:24', '2025-03-10 14:29:28', NULL),
	(652, 'RJ-EVC06', 'Remera Polo Japonesa Modelo Entretelado Y Carterita  solo un color tela Elizabeth viscosa', NULL, NULL, 'Remera Polo Japonesa Modelo Entretelado Y Carterita  solo un color tela Elizabeth viscosa', 1, 1, 10, '2025-03-10 14:29:24', '2025-03-10 14:29:28', NULL),
	(653, 'RJ-EVC07', 'Remera Polo Japonesa Modelo Tejido Mas V solo un color tela Elizabeth viscosa', NULL, NULL, 'Remera Polo Japonesa Modelo Tejido Mas V solo un color tela Elizabeth viscosa', 1, 1, 10, '2025-03-10 14:29:24', '2025-03-10 14:29:28', NULL),
	(654, 'RJ-EVC08', 'Remera Polo Japonesa Modelo Entretelado Mas V solo un color tela Elizabeth viscosa', NULL, NULL, 'Remera Polo Japonesa Modelo Entretelado Mas V solo un color tela Elizabeth viscosa', 1, 1, 10, '2025-03-10 14:29:24', '2025-03-10 14:29:28', NULL),
	(655, 'RJ-EVC09', 'Remera Polo Japonesa Modelo Entretelado Y Cartera 20Cm solo un color tela Elizabeth viscosa', NULL, NULL, 'Remera Polo Japonesa Modelo Entretelado Y Cartera 20Cm solo un color tela Elizabeth viscosa', 1, 1, 10, '2025-03-10 14:29:24', '2025-03-10 14:29:28', NULL),
	(656, 'RJ-EVC10', 'Remera Polo Japonesa Modelo Tejido Y Cartera 20Cm solo un color tela Elizabeth viscosa', NULL, NULL, 'Remera Polo Japonesa Modelo Tejido Y Cartera 20Cm solo un color tela Elizabeth viscosa', 1, 1, 10, '2025-03-10 14:29:24', '2025-03-10 14:29:28', NULL),
	(657, 'RJ-EVB01', 'Remera Polo Japonesa Modelo Neru combinacion  tela Elizabeth viscosa', NULL, NULL, 'Remera Polo Japonesa Modelo Neru combinacion  tela Elizabeth viscosa', 1, 2, 10, '2025-03-10 14:29:24', '2025-03-10 14:29:28', NULL),
	(658, 'RJ-EVB02', 'Remera Polo Japonesa Modelo Neru Con Vivo combinacion  tela Elizabeth viscosa', NULL, NULL, 'Remera Polo Japonesa Modelo Neru Con Vivo combinacion  tela Elizabeth viscosa', 1, 2, 10, '2025-03-10 14:29:24', '2025-03-10 14:29:28', NULL),
	(659, 'RJ-EVB03', 'Remera Polo Japonesa Modelo Clasico Tejido combinacion  tela Elizabeth viscosa', NULL, NULL, 'Remera Polo Japonesa Modelo Clasico Tejido combinacion  tela Elizabeth viscosa', 1, 2, 10, '2025-03-10 14:29:24', '2025-03-10 14:29:28', NULL),
	(660, 'RJ-EVB04', 'Remera Polo Japonesa Modelo Clasico Entretelado combinacion  tela Elizabeth viscosa', NULL, NULL, 'Remera Polo Japonesa Modelo Clasico Entretelado combinacion  tela Elizabeth viscosa', 1, 2, 10, '2025-03-10 14:29:24', '2025-03-10 14:29:28', NULL),
	(661, 'RJ-EVB05', 'Remera Polo Japonesa Modelo Tejido Y Carterita  combinacion  tela Elizabeth viscosa', NULL, NULL, 'Remera Polo Japonesa Modelo Tejido Y Carterita  combinacion  tela Elizabeth viscosa', 1, 2, 10, '2025-03-10 14:29:24', '2025-03-10 14:29:28', NULL),
	(662, 'RJ-EVB06', 'Remera Polo Japonesa Modelo Entretelado Y Carterita  combinacion  tela Elizabeth viscosa', NULL, NULL, 'Remera Polo Japonesa Modelo Entretelado Y Carterita  combinacion  tela Elizabeth viscosa', 1, 2, 10, '2025-03-10 14:29:24', '2025-03-10 14:29:28', NULL),
	(663, 'RJ-EVB07', 'Remera Polo Japonesa Modelo Tejido Mas V combinacion  tela Elizabeth viscosa', NULL, NULL, 'Remera Polo Japonesa Modelo Tejido Mas V combinacion  tela Elizabeth viscosa', 1, 2, 10, '2025-03-10 14:29:24', '2025-03-10 14:29:28', NULL),
	(664, 'RJ-EVB08', 'Remera Polo Japonesa Modelo Entretelado Mas V combinacion  tela Elizabeth viscosa', NULL, NULL, 'Remera Polo Japonesa Modelo Entretelado Mas V combinacion  tela Elizabeth viscosa', 1, 2, 10, '2025-03-10 14:29:24', '2025-03-10 14:29:28', NULL),
	(665, 'RJ-EVB09', 'Remera Polo Japonesa Modelo Entretelado Y Cartera 20Cm combinacion  tela Elizabeth viscosa', NULL, NULL, 'Remera Polo Japonesa Modelo Entretelado Y Cartera 20Cm combinacion  tela Elizabeth viscosa', 1, 2, 10, '2025-03-10 14:29:24', '2025-03-10 14:29:28', NULL),
	(666, 'RJ-EVB10', 'Remera Polo Japonesa Modelo Tejido Y Cartera 20Cm combinacion  tela Elizabeth viscosa', NULL, NULL, 'Remera Polo Japonesa Modelo Tejido Y Cartera 20Cm combinacion  tela Elizabeth viscosa', 1, 2, 10, '2025-03-10 14:29:24', '2025-03-10 14:29:28', NULL),
	(667, 'RJ-EVS01', 'Remera Polo Japonesa Modelo Neru det sublimados tela Elizabeth viscosa', NULL, NULL, 'Remera Polo Japonesa Modelo Neru det sublimados tela Elizabeth viscosa', 1, 3, 10, '2025-03-10 14:29:24', '2025-03-10 14:29:28', NULL),
	(668, 'RJ-EVS02', 'Remera Polo Japonesa Modelo Neru Con Vivo det sublimados tela Elizabeth viscosa', NULL, NULL, 'Remera Polo Japonesa Modelo Neru Con Vivo det sublimados tela Elizabeth viscosa', 1, 3, 10, '2025-03-10 14:29:24', '2025-03-10 14:29:28', NULL),
	(669, 'RJ-EVS03', 'Remera Polo Japonesa Modelo Clasico Tejido det sublimados tela Elizabeth viscosa', NULL, NULL, 'Remera Polo Japonesa Modelo Clasico Tejido det sublimados tela Elizabeth viscosa', 1, 3, 10, '2025-03-10 14:29:24', '2025-03-10 14:29:28', NULL),
	(670, 'RJ-EVS04', 'Remera Polo Japonesa Modelo Clasico Entretelado det sublimados tela Elizabeth viscosa', NULL, NULL, 'Remera Polo Japonesa Modelo Clasico Entretelado det sublimados tela Elizabeth viscosa', 1, 3, 10, '2025-03-10 14:29:24', '2025-03-10 14:29:28', NULL),
	(671, 'RJ-EVS05', 'Remera Polo Japonesa Modelo Tejido Y Carterita  det sublimados tela Elizabeth viscosa', NULL, NULL, 'Remera Polo Japonesa Modelo Tejido Y Carterita  det sublimados tela Elizabeth viscosa', 1, 3, 10, '2025-03-10 14:29:24', '2025-03-10 14:29:28', NULL),
	(672, 'RJ-EVS06', 'Remera Polo Japonesa Modelo Entretelado Y Carterita  det sublimados tela Elizabeth viscosa', NULL, NULL, 'Remera Polo Japonesa Modelo Entretelado Y Carterita  det sublimados tela Elizabeth viscosa', 1, 3, 10, '2025-03-10 14:29:24', '2025-03-10 14:29:28', NULL),
	(673, 'RJ-EVS07', 'Remera Polo Japonesa Modelo Tejido Mas V det sublimados tela Elizabeth viscosa', NULL, NULL, 'Remera Polo Japonesa Modelo Tejido Mas V det sublimados tela Elizabeth viscosa', 1, 3, 10, '2025-03-10 14:29:24', '2025-03-10 14:29:28', NULL),
	(674, 'RJ-EVS08', 'Remera Polo Japonesa Modelo Entretelado Mas V det sublimados tela Elizabeth viscosa', NULL, NULL, 'Remera Polo Japonesa Modelo Entretelado Mas V det sublimados tela Elizabeth viscosa', 1, 3, 10, '2025-03-10 14:29:24', '2025-03-10 14:29:28', NULL),
	(675, 'RJ-EVS09', 'Remera Polo Japonesa Modelo Entretelado Y Cartera 20Cm det sublimados tela Elizabeth viscosa', NULL, NULL, 'Remera Polo Japonesa Modelo Entretelado Y Cartera 20Cm det sublimados tela Elizabeth viscosa', 1, 3, 10, '2025-03-10 14:29:24', '2025-03-10 14:29:28', NULL),
	(676, 'RJ-EVS10', 'Remera Polo Japonesa Modelo Tejido Y Cartera 20Cm det sublimados tela Elizabeth viscosa', NULL, NULL, 'Remera Polo Japonesa Modelo Tejido Y Cartera 20Cm det sublimados tela Elizabeth viscosa', 1, 3, 10, '2025-03-10 14:29:24', '2025-03-10 14:29:28', NULL),
	(677, 'RJ-EPC01', 'Remera Polo Japonesa Modelo Neru solo un color tela Elizabeth POLIESTER', NULL, NULL, 'Remera Polo Japonesa Modelo Neru solo un color tela Elizabeth POLIESTER', 1, 1, 10, '2025-03-10 14:29:24', '2025-03-10 14:29:28', NULL),
	(678, 'RJ-EPC02', 'Remera Polo Japonesa Modelo Neru Con Vivo solo un color tela Elizabeth POLIESTER', NULL, NULL, 'Remera Polo Japonesa Modelo Neru Con Vivo solo un color tela Elizabeth POLIESTER', 1, 1, 10, '2025-03-10 14:29:24', '2025-03-10 14:29:28', NULL),
	(679, 'RJ-EPC03', 'Remera Polo Japonesa Modelo Clasico Tejido solo un color tela Elizabeth POLIESTER', NULL, NULL, 'Remera Polo Japonesa Modelo Clasico Tejido solo un color tela Elizabeth POLIESTER', 1, 1, 10, '2025-03-10 14:29:24', '2025-03-10 14:29:28', NULL),
	(680, 'RJ-EPC04', 'Remera Polo Japonesa Modelo Clasico Entretelado solo un color tela Elizabeth POLIESTER', NULL, NULL, 'Remera Polo Japonesa Modelo Clasico Entretelado solo un color tela Elizabeth POLIESTER', 1, 1, 10, '2025-03-10 14:29:24', '2025-03-10 14:29:28', NULL),
	(681, 'RJ-EPC05', 'Remera Polo Japonesa Modelo Tejido Y Carterita  solo un color tela Elizabeth POLIESTER', NULL, NULL, 'Remera Polo Japonesa Modelo Tejido Y Carterita  solo un color tela Elizabeth POLIESTER', 1, 1, 10, '2025-03-10 14:29:24', '2025-03-10 14:29:28', NULL),
	(682, 'RJ-EPC06', 'Remera Polo Japonesa Modelo Entretelado Y Carterita  solo un color tela Elizabeth POLIESTER', NULL, NULL, 'Remera Polo Japonesa Modelo Entretelado Y Carterita  solo un color tela Elizabeth POLIESTER', 1, 1, 10, '2025-03-10 14:29:24', '2025-03-10 14:29:28', NULL),
	(683, 'RJ-EPC07', 'Remera Polo Japonesa Modelo Tejido Mas V solo un color tela Elizabeth POLIESTER', NULL, NULL, 'Remera Polo Japonesa Modelo Tejido Mas V solo un color tela Elizabeth POLIESTER', 1, 1, 10, '2025-03-10 14:29:24', '2025-03-10 14:29:28', NULL),
	(684, 'RJ-EPC08', 'Remera Polo Japonesa Modelo Entretelado Mas V solo un color tela Elizabeth POLIESTER', NULL, NULL, 'Remera Polo Japonesa Modelo Entretelado Mas V solo un color tela Elizabeth POLIESTER', 1, 1, 10, '2025-03-10 14:29:24', '2025-03-10 14:29:28', NULL),
	(685, 'RJ-EPC09', 'Remera Polo Japonesa Modelo Entretelado Y Cartera 20Cm solo un color tela Elizabeth POLIESTER', NULL, NULL, 'Remera Polo Japonesa Modelo Entretelado Y Cartera 20Cm solo un color tela Elizabeth POLIESTER', 1, 1, 10, '2025-03-10 14:29:24', '2025-03-10 14:29:28', NULL),
	(686, 'RJ-EPC10', 'Remera Polo Japonesa Modelo Tejido Y Cartera 20Cm solo un color tela Elizabeth POLIESTER', NULL, NULL, 'Remera Polo Japonesa Modelo Tejido Y Cartera 20Cm solo un color tela Elizabeth POLIESTER', 1, 1, 10, '2025-03-10 14:29:24', '2025-03-10 14:29:28', NULL),
	(687, 'RJ-EPB01', 'Remera Polo Japonesa Modelo Neru combinacion  tela Elizabeth POLIESTER', NULL, NULL, 'Remera Polo Japonesa Modelo Neru combinacion  tela Elizabeth POLIESTER', 1, 2, 10, '2025-03-10 14:29:24', '2025-03-10 14:29:28', NULL),
	(688, 'RJ-EPB02', 'Remera Polo Japonesa Modelo Neru Con Vivo combinacion  tela Elizabeth POLIESTER', NULL, NULL, 'Remera Polo Japonesa Modelo Neru Con Vivo combinacion  tela Elizabeth POLIESTER', 1, 2, 10, '2025-03-10 14:29:24', '2025-03-10 14:29:28', NULL),
	(689, 'RJ-EPB03', 'Remera Polo Japonesa Modelo Clasico Tejido combinacion  tela Elizabeth POLIESTER', NULL, NULL, 'Remera Polo Japonesa Modelo Clasico Tejido combinacion  tela Elizabeth POLIESTER', 1, 2, 10, '2025-03-10 14:29:24', '2025-03-10 14:29:28', NULL),
	(690, 'RJ-EPB04', 'Remera Polo Japonesa Modelo Clasico Entretelado combinacion  tela Elizabeth POLIESTER', NULL, NULL, 'Remera Polo Japonesa Modelo Clasico Entretelado combinacion  tela Elizabeth POLIESTER', 1, 2, 10, '2025-03-10 14:29:24', '2025-03-10 14:29:28', NULL),
	(691, 'RJ-EPB05', 'Remera Polo Japonesa Modelo Tejido Y Carterita  combinacion  tela Elizabeth POLIESTER', NULL, NULL, 'Remera Polo Japonesa Modelo Tejido Y Carterita  combinacion  tela Elizabeth POLIESTER', 1, 2, 10, '2025-03-10 14:29:24', '2025-03-10 14:29:28', NULL),
	(692, 'RJ-EPB06', 'Remera Polo Japonesa Modelo Entretelado Y Carterita  combinacion  tela Elizabeth POLIESTER', NULL, NULL, 'Remera Polo Japonesa Modelo Entretelado Y Carterita  combinacion  tela Elizabeth POLIESTER', 1, 2, 10, '2025-03-10 14:29:24', '2025-03-10 14:29:28', NULL),
	(693, 'RJ-EPB07', 'Remera Polo Japonesa Modelo Tejido Mas V combinacion  tela Elizabeth POLIESTER', NULL, NULL, 'Remera Polo Japonesa Modelo Tejido Mas V combinacion  tela Elizabeth POLIESTER', 1, 2, 10, '2025-03-10 14:29:24', '2025-03-10 14:29:28', NULL),
	(694, 'RJ-EPB08', 'Remera Polo Japonesa Modelo Entretelado Mas V combinacion  tela Elizabeth POLIESTER', NULL, NULL, 'Remera Polo Japonesa Modelo Entretelado Mas V combinacion  tela Elizabeth POLIESTER', 1, 2, 10, '2025-03-10 14:29:24', '2025-03-10 14:29:28', NULL),
	(695, 'RJ-EPB09', 'Remera Polo Japonesa Modelo Entretelado Y Cartera 20Cm combinacion  tela Elizabeth POLIESTER', NULL, NULL, 'Remera Polo Japonesa Modelo Entretelado Y Cartera 20Cm combinacion  tela Elizabeth POLIESTER', 1, 2, 10, '2025-03-10 14:29:24', '2025-03-10 14:29:28', NULL),
	(696, 'RJ-EPB10', 'Remera Polo Japonesa Modelo Tejido Y Cartera 20Cm combinacion  tela Elizabeth POLIESTER', NULL, NULL, 'Remera Polo Japonesa Modelo Tejido Y Cartera 20Cm combinacion  tela Elizabeth POLIESTER', 1, 2, 10, '2025-03-10 14:29:24', '2025-03-10 14:29:28', NULL),
	(697, 'RJ-EPS01', 'Remera Polo Japonesa Modelo Neru det sublimados tela Elizabeth POLIESTER', NULL, NULL, 'Remera Polo Japonesa Modelo Neru det sublimados tela Elizabeth POLIESTER', 1, 3, 10, '2025-03-10 14:29:24', '2025-03-10 14:29:28', NULL),
	(698, 'RJ-EPS02', 'Remera Polo Japonesa Modelo Neru Con Vivo det sublimados tela Elizabeth POLIESTER', NULL, NULL, 'Remera Polo Japonesa Modelo Neru Con Vivo det sublimados tela Elizabeth POLIESTER', 1, 3, 10, '2025-03-10 14:29:24', '2025-03-10 14:29:28', NULL),
	(699, 'RJ-EPS03', 'Remera Polo Japonesa Modelo Clasico Tejido det sublimados tela Elizabeth POLIESTER', NULL, NULL, 'Remera Polo Japonesa Modelo Clasico Tejido det sublimados tela Elizabeth POLIESTER', 1, 3, 10, '2025-03-10 14:29:24', '2025-03-10 14:29:28', NULL),
	(700, 'RJ-EPS04', 'Remera Polo Japonesa Modelo Clasico Entretelado det sublimados tela Elizabeth POLIESTER', NULL, NULL, 'Remera Polo Japonesa Modelo Clasico Entretelado det sublimados tela Elizabeth POLIESTER', 1, 3, 10, '2025-03-10 14:29:24', '2025-03-10 14:29:28', NULL),
	(701, 'RJ-EPS05', 'Remera Polo Japonesa Modelo Tejido Y Carterita  det sublimados tela Elizabeth POLIESTER', NULL, NULL, 'Remera Polo Japonesa Modelo Tejido Y Carterita  det sublimados tela Elizabeth POLIESTER', 1, 3, 10, '2025-03-10 14:29:24', '2025-03-10 14:29:28', NULL),
	(702, 'RJ-EPS06', 'Remera Polo Japonesa Modelo Entretelado Y Carterita  det sublimados tela Elizabeth POLIESTER', NULL, NULL, 'Remera Polo Japonesa Modelo Entretelado Y Carterita  det sublimados tela Elizabeth POLIESTER', 1, 3, 10, '2025-03-10 14:29:24', '2025-03-10 14:29:28', NULL),
	(703, 'RJ-EPS07', 'Remera Polo Japonesa Modelo Tejido Mas V det sublimados tela Elizabeth POLIESTER', NULL, NULL, 'Remera Polo Japonesa Modelo Tejido Mas V det sublimados tela Elizabeth POLIESTER', 1, 3, 10, '2025-03-10 14:29:24', '2025-03-10 14:29:28', NULL),
	(704, 'RJ-EPS08', 'Remera Polo Japonesa Modelo Entretelado Mas V det sublimados tela Elizabeth POLIESTER', NULL, NULL, 'Remera Polo Japonesa Modelo Entretelado Mas V det sublimados tela Elizabeth POLIESTER', 1, 3, 10, '2025-03-10 14:29:24', '2025-03-10 14:29:28', NULL),
	(705, 'RJ-EPS09', 'Remera Polo Japonesa Modelo Entretelado Y Cartera 20Cm det sublimados tela Elizabeth POLIESTER', NULL, NULL, 'Remera Polo Japonesa Modelo Entretelado Y Cartera 20Cm det sublimados tela Elizabeth POLIESTER', 1, 3, 10, '2025-03-10 14:29:24', '2025-03-10 14:29:28', NULL),
	(706, 'RJ-EPS10', 'Remera Polo Japonesa Modelo Tejido Y Cartera 20Cm det sublimados tela Elizabeth POLIESTER', NULL, NULL, 'Remera Polo Japonesa Modelo Tejido Y Cartera 20Cm det sublimados tela Elizabeth POLIESTER', 1, 3, 10, '2025-03-10 14:29:24', '2025-03-10 14:29:28', NULL),
	(707, 'RP2-ITC01', 'Remera Polo Ranglan Modelo Neru solo un color tela pike ingles tech', NULL, NULL, 'Remera Polo Ranglan Modelo Neru solo un color tela pike ingles tech', 1, 1, 10, '2025-03-10 14:29:24', '2025-03-10 14:29:28', NULL),
	(708, 'RP2-ITC02', 'Remera Polo Ranglan Modelo Neru Con Vivo solo un color tela pike ingles tech', NULL, NULL, 'Remera Polo Ranglan Modelo Neru Con Vivo solo un color tela pike ingles tech', 1, 1, 10, '2025-03-10 14:29:24', '2025-03-10 14:29:28', NULL),
	(709, 'RP2-ITC03', 'Remera Polo Ranglan Modelo Clasico Tejido solo un color tela pike ingles tech', NULL, NULL, 'Remera Polo Ranglan Modelo Clasico Tejido solo un color tela pike ingles tech', 1, 1, 10, '2025-03-10 14:29:24', '2025-03-10 14:29:28', NULL),
	(710, 'RP2-ITC04', 'Remera Polo Ranglan Modelo Clasico Entretelado solo un color tela pike ingles tech', NULL, NULL, 'Remera Polo Ranglan Modelo Clasico Entretelado solo un color tela pike ingles tech', 1, 1, 10, '2025-03-10 14:29:24', '2025-03-10 14:29:28', NULL),
	(711, 'RP2-ITC05', 'Remera Polo Ranglan Modelo Tejido Y Carterita  solo un color tela pike ingles tech', NULL, NULL, 'Remera Polo Ranglan Modelo Tejido Y Carterita  solo un color tela pike ingles tech', 1, 1, 10, '2025-03-10 14:29:24', '2025-03-10 14:29:28', NULL),
	(712, 'RP2-ITC06', 'Remera Polo Ranglan Modelo Entretelado Y Carterita  solo un color tela pike ingles tech', NULL, NULL, 'Remera Polo Ranglan Modelo Entretelado Y Carterita  solo un color tela pike ingles tech', 1, 1, 10, '2025-03-10 14:29:24', '2025-03-10 14:29:28', NULL),
	(713, 'RP2-ITC07', 'Remera Polo Ranglan Modelo Tejido Mas V solo un color tela pike ingles tech', NULL, NULL, 'Remera Polo Ranglan Modelo Tejido Mas V solo un color tela pike ingles tech', 1, 1, 10, '2025-03-10 14:29:24', '2025-03-10 14:29:28', NULL),
	(714, 'RP2-ITC08', 'Remera Polo Ranglan Modelo Entretelado Mas V solo un color tela pike ingles tech', NULL, NULL, 'Remera Polo Ranglan Modelo Entretelado Mas V solo un color tela pike ingles tech', 1, 1, 10, '2025-03-10 14:29:24', '2025-03-10 14:29:28', NULL),
	(715, 'RP2-ITC09', 'Remera Polo Ranglan Modelo Entretelado Y Cartera 20Cm solo un color tela pike ingles tech', NULL, NULL, 'Remera Polo Ranglan Modelo Entretelado Y Cartera 20Cm solo un color tela pike ingles tech', 1, 1, 10, '2025-03-10 14:29:24', '2025-03-10 14:29:28', NULL),
	(716, 'RP2-ITC10', 'Remera Polo Ranglan Modelo Tejido Y Cartera 20Cm solo un color tela pike ingles tech', NULL, NULL, 'Remera Polo Ranglan Modelo Tejido Y Cartera 20Cm solo un color tela pike ingles tech', 1, 1, 10, '2025-03-10 14:29:24', '2025-03-10 14:29:28', NULL),
	(717, 'RP2-ITB01', 'Remera Polo Ranglan Modelo Neru combinacion  tela pike ingles tech', NULL, NULL, 'Remera Polo Ranglan Modelo Neru combinacion  tela pike ingles tech', 1, 2, 10, '2025-03-10 14:29:24', '2025-03-10 14:29:28', NULL),
	(718, 'RP2-ITB02', 'Remera Polo Ranglan Modelo Neru Con Vivo combinacion  tela pike ingles tech', NULL, NULL, 'Remera Polo Ranglan Modelo Neru Con Vivo combinacion  tela pike ingles tech', 1, 2, 10, '2025-03-10 14:29:24', '2025-03-10 14:29:28', NULL),
	(719, 'RP2-ITB03', 'Remera Polo Ranglan Modelo Clasico Tejido combinacion  tela pike ingles tech', NULL, NULL, 'Remera Polo Ranglan Modelo Clasico Tejido combinacion  tela pike ingles tech', 1, 2, 10, '2025-03-10 14:29:24', '2025-03-10 14:29:28', NULL),
	(720, 'RP2-ITB04', 'Remera Polo Ranglan Modelo Clasico Entretelado combinacion  tela pike ingles tech', NULL, NULL, 'Remera Polo Ranglan Modelo Clasico Entretelado combinacion  tela pike ingles tech', 1, 2, 10, '2025-03-10 14:29:24', '2025-03-10 14:29:28', NULL),
	(721, 'RP2-ITB05', 'Remera Polo Ranglan Modelo Tejido Y Carterita  combinacion  tela pike ingles tech', NULL, NULL, 'Remera Polo Ranglan Modelo Tejido Y Carterita  combinacion  tela pike ingles tech', 1, 2, 10, '2025-03-10 14:29:24', '2025-03-10 14:29:28', NULL),
	(722, 'RP2-ITB06', 'Remera Polo Ranglan Modelo Entretelado Y Carterita  combinacion  tela pike ingles tech', NULL, NULL, 'Remera Polo Ranglan Modelo Entretelado Y Carterita  combinacion  tela pike ingles tech', 1, 2, 10, '2025-03-10 14:29:24', '2025-03-10 14:29:28', NULL),
	(723, 'RP2-ITB07', 'Remera Polo Ranglan Modelo Tejido Mas V combinacion  tela pike ingles tech', NULL, NULL, 'Remera Polo Ranglan Modelo Tejido Mas V combinacion  tela pike ingles tech', 1, 2, 10, '2025-03-10 14:29:24', '2025-03-10 14:29:28', NULL),
	(724, 'RP2-ITB08', 'Remera Polo Ranglan Modelo Entretelado Mas V combinacion  tela pike ingles tech', NULL, NULL, 'Remera Polo Ranglan Modelo Entretelado Mas V combinacion  tela pike ingles tech', 1, 2, 10, '2025-03-10 14:29:24', '2025-03-10 14:29:28', NULL),
	(725, 'RP2-ITB09', 'Remera Polo Ranglan Modelo Entretelado Y Cartera 20Cm combinacion  tela pike ingles tech', NULL, NULL, 'Remera Polo Ranglan Modelo Entretelado Y Cartera 20Cm combinacion  tela pike ingles tech', 1, 2, 10, '2025-03-10 14:29:24', '2025-03-10 14:29:28', NULL),
	(726, 'RP2-ITB10', 'Remera Polo Ranglan Modelo Tejido Y Cartera 20Cm combinacion  tela pike ingles tech', NULL, NULL, 'Remera Polo Ranglan Modelo Tejido Y Cartera 20Cm combinacion  tela pike ingles tech', 1, 2, 10, '2025-03-10 14:29:24', '2025-03-10 14:29:28', NULL),
	(727, 'RP2-ITS01', 'Remera Polo Ranglan Modelo Neru det sublimados tela pike ingles tech', NULL, NULL, 'Remera Polo Ranglan Modelo Neru det sublimados tela pike ingles tech', 1, 3, 10, '2025-03-10 14:29:24', '2025-03-10 14:29:28', NULL),
	(728, 'RP2-ITS02', 'Remera Polo Ranglan Modelo Neru Con Vivo det sublimados tela pike ingles tech', NULL, NULL, 'Remera Polo Ranglan Modelo Neru Con Vivo det sublimados tela pike ingles tech', 1, 3, 10, '2025-03-10 14:29:24', '2025-03-10 14:29:28', NULL),
	(729, 'RP2-ITS03', 'Remera Polo Ranglan Modelo Clasico Tejido det sublimados tela pike ingles tech', NULL, NULL, 'Remera Polo Ranglan Modelo Clasico Tejido det sublimados tela pike ingles tech', 1, 3, 10, '2025-03-10 14:29:24', '2025-03-10 14:29:28', NULL),
	(730, 'RP2-ITS04', 'Remera Polo Ranglan Modelo Clasico Entretelado det sublimados tela pike ingles tech', NULL, NULL, 'Remera Polo Ranglan Modelo Clasico Entretelado det sublimados tela pike ingles tech', 1, 3, 10, '2025-03-10 14:29:24', '2025-03-10 14:29:28', NULL),
	(731, 'RP2-ITS05', 'Remera Polo Ranglan Modelo Tejido Y Carterita  det sublimados tela pike ingles tech', NULL, NULL, 'Remera Polo Ranglan Modelo Tejido Y Carterita  det sublimados tela pike ingles tech', 1, 3, 10, '2025-03-10 14:29:24', '2025-03-10 14:29:28', NULL),
	(732, 'RP2-ITS06', 'Remera Polo Ranglan Modelo Entretelado Y Carterita  det sublimados tela pike ingles tech', NULL, NULL, 'Remera Polo Ranglan Modelo Entretelado Y Carterita  det sublimados tela pike ingles tech', 1, 3, 10, '2025-03-10 14:29:24', '2025-03-10 14:29:28', NULL),
	(733, 'RP2-ITS07', 'Remera Polo Ranglan Modelo Tejido Mas V det sublimados tela pike ingles tech', NULL, NULL, 'Remera Polo Ranglan Modelo Tejido Mas V det sublimados tela pike ingles tech', 1, 3, 10, '2025-03-10 14:29:24', '2025-03-10 14:29:28', NULL),
	(734, 'RP2-ITS08', 'Remera Polo Ranglan Modelo Entretelado Mas V det sublimados tela pike ingles tech', NULL, NULL, 'Remera Polo Ranglan Modelo Entretelado Mas V det sublimados tela pike ingles tech', 1, 3, 10, '2025-03-10 14:29:24', '2025-03-10 14:29:28', NULL),
	(735, 'RP2-ITS09', 'Remera Polo Ranglan Modelo Entretelado Y Cartera 20Cm det sublimados tela pike ingles tech', NULL, NULL, 'Remera Polo Ranglan Modelo Entretelado Y Cartera 20Cm det sublimados tela pike ingles tech', 1, 3, 10, '2025-03-10 14:29:24', '2025-03-10 14:29:28', NULL),
	(736, 'RP2-ITS10', 'Remera Polo Ranglan Modelo Tejido Y Cartera 20Cm det sublimados tela pike ingles tech', NULL, NULL, 'Remera Polo Ranglan Modelo Tejido Y Cartera 20Cm det sublimados tela pike ingles tech', 1, 3, 10, '2025-03-10 14:29:24', '2025-03-10 14:29:28', NULL),
	(737, 'RP2-INC01', 'Remera Polo Ranglan Modelo Neru solo un color tela pike ingles', NULL, NULL, 'Remera Polo Ranglan Modelo Neru solo un color tela pike ingles', 1, 1, 10, '2025-03-10 14:29:24', '2025-03-10 14:29:28', NULL),
	(738, 'RP2-INC02', 'Remera Polo Ranglan Modelo Neru Con Vivo solo un color tela pike ingles', NULL, NULL, 'Remera Polo Ranglan Modelo Neru Con Vivo solo un color tela pike ingles', 1, 1, 10, '2025-03-10 14:29:24', '2025-03-10 14:29:28', NULL),
	(739, 'RP2-INC03', 'Remera Polo Ranglan Modelo Clasico Tejido solo un color tela pike ingles', NULL, NULL, 'Remera Polo Ranglan Modelo Clasico Tejido solo un color tela pike ingles', 1, 1, 10, '2025-03-10 14:29:24', '2025-03-10 14:29:28', NULL),
	(740, 'RP2-INC04', 'Remera Polo Ranglan Modelo Clasico Entretelado solo un color tela pike ingles', NULL, NULL, 'Remera Polo Ranglan Modelo Clasico Entretelado solo un color tela pike ingles', 1, 1, 10, '2025-03-10 14:29:24', '2025-03-10 14:29:28', NULL),
	(741, 'RP2-INC05', 'Remera Polo Ranglan Modelo Tejido Y Carterita  solo un color tela pike ingles', NULL, NULL, 'Remera Polo Ranglan Modelo Tejido Y Carterita  solo un color tela pike ingles', 1, 1, 10, '2025-03-10 14:29:24', '2025-03-10 14:29:28', NULL),
	(742, 'RP2-INC06', 'Remera Polo Ranglan Modelo Entretelado Y Carterita  solo un color tela pike ingles', NULL, NULL, 'Remera Polo Ranglan Modelo Entretelado Y Carterita  solo un color tela pike ingles', 1, 1, 10, '2025-03-10 14:29:24', '2025-03-10 14:29:28', NULL),
	(743, 'RP2-INC07', 'Remera Polo Ranglan Modelo Tejido Mas V solo un color tela pike ingles', NULL, NULL, 'Remera Polo Ranglan Modelo Tejido Mas V solo un color tela pike ingles', 1, 1, 10, '2025-03-10 14:29:24', '2025-03-10 14:29:28', NULL),
	(744, 'RP2-INC08', 'Remera Polo Ranglan Modelo Entretelado Mas V solo un color tela pike ingles', NULL, NULL, 'Remera Polo Ranglan Modelo Entretelado Mas V solo un color tela pike ingles', 1, 1, 10, '2025-03-10 14:29:24', '2025-03-10 14:29:28', NULL),
	(745, 'RP2-INC09', 'Remera Polo Ranglan Modelo Entretelado Y Cartera 20Cm solo un color tela pike ingles', NULL, NULL, 'Remera Polo Ranglan Modelo Entretelado Y Cartera 20Cm solo un color tela pike ingles', 1, 1, 10, '2025-03-10 14:29:24', '2025-03-10 14:29:28', NULL),
	(746, 'RP2-INC10', 'Remera Polo Ranglan Modelo Tejido Y Cartera 20Cm solo un color tela pike ingles', NULL, NULL, 'Remera Polo Ranglan Modelo Tejido Y Cartera 20Cm solo un color tela pike ingles', 1, 1, 10, '2025-03-10 14:29:24', '2025-03-10 14:29:28', NULL),
	(747, 'RP2-INB01', 'Remera Polo Ranglan Modelo Neru combinacion  tela pike ingles', NULL, NULL, 'Remera Polo Ranglan Modelo Neru combinacion  tela pike ingles', 1, 2, 10, '2025-03-10 14:29:24', '2025-03-10 14:29:28', NULL),
	(748, 'RP2-INB02', 'Remera Polo Ranglan Modelo Neru Con Vivo combinacion  tela pike ingles', NULL, NULL, 'Remera Polo Ranglan Modelo Neru Con Vivo combinacion  tela pike ingles', 1, 2, 10, '2025-03-10 14:29:24', '2025-03-10 14:29:28', NULL),
	(749, 'RP2-INB03', 'Remera Polo Ranglan Modelo Clasico Tejido combinacion  tela pike ingles', NULL, NULL, 'Remera Polo Ranglan Modelo Clasico Tejido combinacion  tela pike ingles', 1, 2, 10, '2025-03-10 14:29:24', '2025-03-10 14:29:28', NULL),
	(750, 'RP2-INB04', 'Remera Polo Ranglan Modelo Clasico Entretelado combinacion  tela pike ingles', NULL, NULL, 'Remera Polo Ranglan Modelo Clasico Entretelado combinacion  tela pike ingles', 1, 2, 10, '2025-03-10 14:29:24', '2025-03-10 14:29:28', NULL),
	(751, 'RP2-INB05', 'Remera Polo Ranglan Modelo Tejido Y Carterita  combinacion  tela pike ingles', NULL, NULL, 'Remera Polo Ranglan Modelo Tejido Y Carterita  combinacion  tela pike ingles', 1, 2, 10, '2025-03-10 14:29:24', '2025-03-10 14:29:28', NULL),
	(752, 'RP2-INB06', 'Remera Polo Ranglan Modelo Entretelado Y Carterita  combinacion  tela pike ingles', NULL, NULL, 'Remera Polo Ranglan Modelo Entretelado Y Carterita  combinacion  tela pike ingles', 1, 2, 10, '2025-03-10 14:29:24', '2025-03-10 14:29:28', NULL),
	(753, 'RP2-INB07', 'Remera Polo Ranglan Modelo Tejido Mas V combinacion  tela pike ingles', NULL, NULL, 'Remera Polo Ranglan Modelo Tejido Mas V combinacion  tela pike ingles', 1, 2, 10, '2025-03-10 14:29:24', '2025-03-10 14:29:28', NULL),
	(754, 'RP2-INB08', 'Remera Polo Ranglan Modelo Entretelado Mas V combinacion  tela pike ingles', NULL, NULL, 'Remera Polo Ranglan Modelo Entretelado Mas V combinacion  tela pike ingles', 1, 2, 10, '2025-03-10 14:29:24', '2025-03-10 14:29:28', NULL),
	(755, 'RP2-INB09', 'Remera Polo Ranglan Modelo Entretelado Y Cartera 20Cm combinacion  tela pike ingles', NULL, NULL, 'Remera Polo Ranglan Modelo Entretelado Y Cartera 20Cm combinacion  tela pike ingles', 1, 2, 10, '2025-03-10 14:29:24', '2025-03-10 14:29:28', NULL),
	(756, 'RP2-INB10', 'Remera Polo Ranglan Modelo Tejido Y Cartera 20Cm combinacion  tela pike ingles', NULL, NULL, 'Remera Polo Ranglan Modelo Tejido Y Cartera 20Cm combinacion  tela pike ingles', 1, 2, 10, '2025-03-10 14:29:24', '2025-03-10 14:29:28', NULL),
	(757, 'RP2-INS01', 'Remera Polo Ranglan Modelo Neru det sublimados tela pike ingles', NULL, NULL, 'Remera Polo Ranglan Modelo Neru det sublimados tela pike ingles', 1, 3, 10, '2025-03-10 14:29:24', '2025-03-10 14:29:28', NULL),
	(758, 'RP2-INS02', 'Remera Polo Ranglan Modelo Neru Con Vivo det sublimados tela pike ingles', NULL, NULL, 'Remera Polo Ranglan Modelo Neru Con Vivo det sublimados tela pike ingles', 1, 3, 10, '2025-03-10 14:29:24', '2025-03-10 14:29:28', NULL),
	(759, 'RP2-INS03', 'Remera Polo Ranglan Modelo Clasico Tejido det sublimados tela pike ingles', NULL, NULL, 'Remera Polo Ranglan Modelo Clasico Tejido det sublimados tela pike ingles', 1, 3, 10, '2025-03-10 14:29:24', '2025-03-10 14:29:28', NULL),
	(760, 'RP2-INS04', 'Remera Polo Ranglan Modelo Clasico Entretelado det sublimados tela pike ingles', NULL, NULL, 'Remera Polo Ranglan Modelo Clasico Entretelado det sublimados tela pike ingles', 1, 3, 10, '2025-03-10 14:29:24', '2025-03-10 14:29:28', NULL),
	(761, 'RP2-INS05', 'Remera Polo Ranglan Modelo Tejido Y Carterita  det sublimados tela pike ingles', NULL, NULL, 'Remera Polo Ranglan Modelo Tejido Y Carterita  det sublimados tela pike ingles', 1, 3, 10, '2025-03-10 14:29:24', '2025-03-10 14:29:28', NULL),
	(762, 'RP2-INS06', 'Remera Polo Ranglan Modelo Entretelado Y Carterita  det sublimados tela pike ingles', NULL, NULL, 'Remera Polo Ranglan Modelo Entretelado Y Carterita  det sublimados tela pike ingles', 1, 3, 10, '2025-03-10 14:29:24', '2025-03-10 14:29:28', NULL),
	(763, 'RP2-INS07', 'Remera Polo Ranglan Modelo Tejido Mas V det sublimados tela pike ingles', NULL, NULL, 'Remera Polo Ranglan Modelo Tejido Mas V det sublimados tela pike ingles', 1, 3, 10, '2025-03-10 14:29:24', '2025-03-10 14:29:28', NULL),
	(764, 'RP2-INS08', 'Remera Polo Ranglan Modelo Entretelado Mas V det sublimados tela pike ingles', NULL, NULL, 'Remera Polo Ranglan Modelo Entretelado Mas V det sublimados tela pike ingles', 1, 3, 10, '2025-03-10 14:29:24', '2025-03-10 14:29:28', NULL),
	(765, 'RP2-INS09', 'Remera Polo Ranglan Modelo Entretelado Y Cartera 20Cm det sublimados tela pike ingles', NULL, NULL, 'Remera Polo Ranglan Modelo Entretelado Y Cartera 20Cm det sublimados tela pike ingles', 1, 3, 10, '2025-03-10 14:29:24', '2025-03-10 14:29:28', NULL),
	(766, 'RP2-INS10', 'Remera Polo Ranglan Modelo Tejido Y Cartera 20Cm det sublimados tela pike ingles', NULL, NULL, 'Remera Polo Ranglan Modelo Tejido Y Cartera 20Cm det sublimados tela pike ingles', 1, 3, 10, '2025-03-10 14:29:24', '2025-03-10 14:29:28', NULL),
	(767, 'RP2-ALC01', 'Remera Polo Ranglan Modelo Neru solo un color tela alegra', NULL, NULL, 'Remera Polo Ranglan Modelo Neru solo un color tela alegra', 1, 1, 10, '2025-03-10 14:29:24', '2025-03-10 14:29:28', NULL),
	(768, 'RP2-ALC02', 'Remera Polo Ranglan Modelo Neru Con Vivo solo un color tela alegra', NULL, NULL, 'Remera Polo Ranglan Modelo Neru Con Vivo solo un color tela alegra', 1, 1, 10, '2025-03-10 14:29:24', '2025-03-10 14:29:28', NULL),
	(769, 'RP2-ALC03', 'Remera Polo Ranglan Modelo Clasico Tejido solo un color tela alegra', NULL, NULL, 'Remera Polo Ranglan Modelo Clasico Tejido solo un color tela alegra', 1, 1, 10, '2025-03-10 14:29:24', '2025-03-10 14:29:28', NULL),
	(770, 'RP2-ALC04', 'Remera Polo Ranglan Modelo Clasico Entretelado solo un color tela alegra', NULL, NULL, 'Remera Polo Ranglan Modelo Clasico Entretelado solo un color tela alegra', 1, 1, 10, '2025-03-10 14:29:24', '2025-03-10 14:29:28', NULL),
	(771, 'RP2-ALC05', 'Remera Polo Ranglan Modelo Tejido Y Carterita  solo un color tela alegra', NULL, NULL, 'Remera Polo Ranglan Modelo Tejido Y Carterita  solo un color tela alegra', 1, 1, 10, '2025-03-10 14:29:24', '2025-03-10 14:29:28', NULL),
	(772, 'RP2-ALC06', 'Remera Polo Ranglan Modelo Entretelado Y Carterita  solo un color tela alegra', NULL, NULL, 'Remera Polo Ranglan Modelo Entretelado Y Carterita  solo un color tela alegra', 1, 1, 10, '2025-03-10 14:29:24', '2025-03-10 14:29:28', NULL),
	(773, 'RP2-ALC07', 'Remera Polo Ranglan Modelo Tejido Mas V solo un color tela alegra', NULL, NULL, 'Remera Polo Ranglan Modelo Tejido Mas V solo un color tela alegra', 1, 1, 10, '2025-03-10 14:29:24', '2025-03-10 14:29:28', NULL),
	(774, 'RP2-ALC08', 'Remera Polo Ranglan Modelo Entretelado Mas V solo un color tela alegra', NULL, NULL, 'Remera Polo Ranglan Modelo Entretelado Mas V solo un color tela alegra', 1, 1, 10, '2025-03-10 14:29:24', '2025-03-10 14:29:28', NULL),
	(775, 'RP2-ALC09', 'Remera Polo Ranglan Modelo Entretelado Y Cartera 20Cm solo un color tela alegra', NULL, NULL, 'Remera Polo Ranglan Modelo Entretelado Y Cartera 20Cm solo un color tela alegra', 1, 1, 10, '2025-03-10 14:29:24', '2025-03-10 14:29:28', NULL),
	(776, 'RP2-ALC10', 'Remera Polo Ranglan Modelo Tejido Y Cartera 20Cm solo un color tela alegra', NULL, NULL, 'Remera Polo Ranglan Modelo Tejido Y Cartera 20Cm solo un color tela alegra', 1, 1, 10, '2025-03-10 14:29:24', '2025-03-10 14:29:28', NULL),
	(777, 'RP2-ALB01', 'Remera Polo Ranglan Modelo Neru combinacion  tela alegra', NULL, NULL, 'Remera Polo Ranglan Modelo Neru combinacion  tela alegra', 1, 2, 10, '2025-03-10 14:29:24', '2025-03-10 14:29:28', NULL),
	(778, 'RP2-ALB02', 'Remera Polo Ranglan Modelo Neru Con Vivo combinacion  tela alegra', NULL, NULL, 'Remera Polo Ranglan Modelo Neru Con Vivo combinacion  tela alegra', 1, 2, 10, '2025-03-10 14:29:24', '2025-03-10 14:29:28', NULL),
	(779, 'RP2-ALB03', 'Remera Polo Ranglan Modelo Clasico Tejido combinacion  tela alegra', NULL, NULL, 'Remera Polo Ranglan Modelo Clasico Tejido combinacion  tela alegra', 1, 2, 10, '2025-03-10 14:29:24', '2025-03-10 14:29:28', NULL),
	(780, 'RP2-ALB04', 'Remera Polo Ranglan Modelo Clasico Entretelado combinacion  tela alegra', NULL, NULL, 'Remera Polo Ranglan Modelo Clasico Entretelado combinacion  tela alegra', 1, 2, 10, '2025-03-10 14:29:24', '2025-03-10 14:29:28', NULL),
	(781, 'RP2-ALB05', 'Remera Polo Ranglan Modelo Tejido Y Carterita  combinacion  tela alegra', NULL, NULL, 'Remera Polo Ranglan Modelo Tejido Y Carterita  combinacion  tela alegra', 1, 2, 10, '2025-03-10 14:29:24', '2025-03-10 14:29:28', NULL),
	(782, 'RP2-ALB06', 'Remera Polo Ranglan Modelo Entretelado Y Carterita  combinacion  tela alegra', NULL, NULL, 'Remera Polo Ranglan Modelo Entretelado Y Carterita  combinacion  tela alegra', 1, 2, 10, '2025-03-10 14:29:24', '2025-03-10 14:29:28', NULL),
	(783, 'RP2-ALB07', 'Remera Polo Ranglan Modelo Tejido Mas V combinacion  tela alegra', NULL, NULL, 'Remera Polo Ranglan Modelo Tejido Mas V combinacion  tela alegra', 1, 2, 10, '2025-03-10 14:29:24', '2025-03-10 14:29:28', NULL),
	(784, 'RP2-ALB08', 'Remera Polo Ranglan Modelo Entretelado Mas V combinacion  tela alegra', NULL, NULL, 'Remera Polo Ranglan Modelo Entretelado Mas V combinacion  tela alegra', 1, 2, 10, '2025-03-10 14:29:24', '2025-03-10 14:29:28', NULL),
	(785, 'RP2-ALB09', 'Remera Polo Ranglan Modelo Entretelado Y Cartera 20Cm combinacion  tela alegra', NULL, NULL, 'Remera Polo Ranglan Modelo Entretelado Y Cartera 20Cm combinacion  tela alegra', 1, 2, 10, '2025-03-10 14:29:24', '2025-03-10 14:29:28', NULL),
	(786, 'RP2-ALB10', 'Remera Polo Ranglan Modelo Tejido Y Cartera 20Cm combinacion  tela alegra', NULL, NULL, 'Remera Polo Ranglan Modelo Tejido Y Cartera 20Cm combinacion  tela alegra', 1, 2, 10, '2025-03-10 14:29:24', '2025-03-10 14:29:28', NULL),
	(787, 'RP2-ALS01', 'Remera Polo Ranglan Modelo Neru det sublimados tela alegra', NULL, NULL, 'Remera Polo Ranglan Modelo Neru det sublimados tela alegra', 1, 3, 10, '2025-03-10 14:29:24', '2025-03-10 14:29:28', NULL),
	(788, 'RP2-ALS02', 'Remera Polo Ranglan Modelo Neru Con Vivo det sublimados tela alegra', NULL, NULL, 'Remera Polo Ranglan Modelo Neru Con Vivo det sublimados tela alegra', 1, 3, 10, '2025-03-10 14:29:24', '2025-03-10 14:29:28', NULL),
	(789, 'RP2-ALS03', 'Remera Polo Ranglan Modelo Clasico Tejido det sublimados tela alegra', NULL, NULL, 'Remera Polo Ranglan Modelo Clasico Tejido det sublimados tela alegra', 1, 3, 10, '2025-03-10 14:29:24', '2025-03-10 14:29:28', NULL),
	(790, 'RP2-ALS04', 'Remera Polo Ranglan Modelo Clasico Entretelado det sublimados tela alegra', NULL, NULL, 'Remera Polo Ranglan Modelo Clasico Entretelado det sublimados tela alegra', 1, 3, 10, '2025-03-10 14:29:24', '2025-03-10 14:29:28', NULL),
	(791, 'RP2-ALS05', 'Remera Polo Ranglan Modelo Tejido Y Carterita  det sublimados tela alegra', NULL, NULL, 'Remera Polo Ranglan Modelo Tejido Y Carterita  det sublimados tela alegra', 1, 3, 10, '2025-03-10 14:29:24', '2025-03-10 14:29:28', NULL),
	(792, 'RP2-ALS06', 'Remera Polo Ranglan Modelo Entretelado Y Carterita  det sublimados tela alegra', NULL, NULL, 'Remera Polo Ranglan Modelo Entretelado Y Carterita  det sublimados tela alegra', 1, 3, 10, '2025-03-10 14:29:24', '2025-03-10 14:29:28', NULL),
	(793, 'RP2-ALS07', 'Remera Polo Ranglan Modelo Tejido Mas V det sublimados tela alegra', NULL, NULL, 'Remera Polo Ranglan Modelo Tejido Mas V det sublimados tela alegra', 1, 3, 10, '2025-03-10 14:29:24', '2025-03-10 14:29:28', NULL),
	(794, 'RP2-ALS08', 'Remera Polo Ranglan Modelo Entretelado Mas V det sublimados tela alegra', NULL, NULL, 'Remera Polo Ranglan Modelo Entretelado Mas V det sublimados tela alegra', 1, 3, 10, '2025-03-10 14:29:24', '2025-03-10 14:29:28', NULL),
	(795, 'RP2-ALS09', 'Remera Polo Ranglan Modelo Entretelado Y Cartera 20Cm det sublimados tela alegra', NULL, NULL, 'Remera Polo Ranglan Modelo Entretelado Y Cartera 20Cm det sublimados tela alegra', 1, 3, 10, '2025-03-10 14:29:24', '2025-03-10 14:29:28', NULL),
	(796, 'RP2-ALS10', 'Remera Polo Ranglan Modelo Tejido Y Cartera 20Cm det sublimados tela alegra', NULL, NULL, 'Remera Polo Ranglan Modelo Tejido Y Cartera 20Cm det sublimados tela alegra', 1, 3, 10, '2025-03-10 14:29:24', '2025-03-10 14:29:28', NULL),
	(797, 'RP2-VCC01', 'Remera Polo Ranglan Modelo Neru solo un color tela pike vicuña', NULL, NULL, 'Remera Polo Ranglan Modelo Neru solo un color tela pike vicuña', 1, 1, 10, '2025-03-10 14:29:24', '2025-03-10 14:29:28', NULL),
	(798, 'RP2-VCC02', 'Remera Polo Ranglan Modelo Neru Con Vivo solo un color tela pike vicuña', NULL, NULL, 'Remera Polo Ranglan Modelo Neru Con Vivo solo un color tela pike vicuña', 1, 1, 10, '2025-03-10 14:29:24', '2025-03-10 14:29:28', NULL),
	(799, 'RP2-VCC03', 'Remera Polo Ranglan Modelo Clasico Tejido solo un color tela pike vicuña', NULL, NULL, 'Remera Polo Ranglan Modelo Clasico Tejido solo un color tela pike vicuña', 1, 1, 10, '2025-03-10 14:29:24', '2025-03-10 14:29:28', NULL),
	(800, 'RP2-VCC04', 'Remera Polo Ranglan Modelo Clasico Entretelado solo un color tela pike vicuña', NULL, NULL, 'Remera Polo Ranglan Modelo Clasico Entretelado solo un color tela pike vicuña', 1, 1, 10, '2025-03-10 14:29:24', '2025-03-10 14:29:28', NULL),
	(801, 'RP2-VCC05', 'Remera Polo Ranglan Modelo Tejido Y Carterita  solo un color tela pike vicuña', NULL, NULL, 'Remera Polo Ranglan Modelo Tejido Y Carterita  solo un color tela pike vicuña', 1, 1, 10, '2025-03-10 14:29:24', '2025-03-10 14:29:28', NULL),
	(802, 'RP2-VCC06', 'Remera Polo Ranglan Modelo Entretelado Y Carterita  solo un color tela pike vicuña', NULL, NULL, 'Remera Polo Ranglan Modelo Entretelado Y Carterita  solo un color tela pike vicuña', 1, 1, 10, '2025-03-10 14:29:24', '2025-03-10 14:29:28', NULL),
	(803, 'RP2-VCC07', 'Remera Polo Ranglan Modelo Tejido Mas V solo un color tela pike vicuña', NULL, NULL, 'Remera Polo Ranglan Modelo Tejido Mas V solo un color tela pike vicuña', 1, 1, 10, '2025-03-10 14:29:24', '2025-03-10 14:29:28', NULL),
	(804, 'RP2-VCC08', 'Remera Polo Ranglan Modelo Entretelado Mas V solo un color tela pike vicuña', NULL, NULL, 'Remera Polo Ranglan Modelo Entretelado Mas V solo un color tela pike vicuña', 1, 1, 10, '2025-03-10 14:29:24', '2025-03-10 14:29:28', NULL),
	(805, 'RP2-VCC09', 'Remera Polo Ranglan Modelo Entretelado Y Cartera 20Cm solo un color tela pike vicuña', NULL, NULL, 'Remera Polo Ranglan Modelo Entretelado Y Cartera 20Cm solo un color tela pike vicuña', 1, 1, 10, '2025-03-10 14:29:24', '2025-03-10 14:29:28', NULL),
	(806, 'RP2-VCC10', 'Remera Polo Ranglan Modelo Tejido Y Cartera 20Cm solo un color tela pike vicuña', NULL, NULL, 'Remera Polo Ranglan Modelo Tejido Y Cartera 20Cm solo un color tela pike vicuña', 1, 1, 10, '2025-03-10 14:29:24', '2025-03-10 14:29:28', NULL),
	(807, 'RP2-VCB01', 'Remera Polo Ranglan Modelo Neru combinacion  tela pike vicuña', NULL, NULL, 'Remera Polo Ranglan Modelo Neru combinacion  tela pike vicuña', 1, 2, 10, '2025-03-10 14:29:24', '2025-03-10 14:29:28', NULL),
	(808, 'RP2-VCB02', 'Remera Polo Ranglan Modelo Neru Con Vivo combinacion  tela pike vicuña', NULL, NULL, 'Remera Polo Ranglan Modelo Neru Con Vivo combinacion  tela pike vicuña', 1, 2, 10, '2025-03-10 14:29:24', '2025-03-10 14:29:28', NULL),
	(809, 'RP2-VCB03', 'Remera Polo Ranglan Modelo Clasico Tejido combinacion  tela pike vicuña', NULL, NULL, 'Remera Polo Ranglan Modelo Clasico Tejido combinacion  tela pike vicuña', 1, 2, 10, '2025-03-10 14:29:24', '2025-03-10 14:29:28', NULL),
	(810, 'RP2-VCB04', 'Remera Polo Ranglan Modelo Clasico Entretelado combinacion  tela pike vicuña', NULL, NULL, 'Remera Polo Ranglan Modelo Clasico Entretelado combinacion  tela pike vicuña', 1, 2, 10, '2025-03-10 14:29:24', '2025-03-10 14:29:28', NULL),
	(811, 'RP2-VCB05', 'Remera Polo Ranglan Modelo Tejido Y Carterita  combinacion  tela pike vicuña', NULL, NULL, 'Remera Polo Ranglan Modelo Tejido Y Carterita  combinacion  tela pike vicuña', 1, 2, 10, '2025-03-10 14:29:24', '2025-03-10 14:29:28', NULL),
	(812, 'RP2-VCB06', 'Remera Polo Ranglan Modelo Entretelado Y Carterita  combinacion  tela pike vicuña', NULL, NULL, 'Remera Polo Ranglan Modelo Entretelado Y Carterita  combinacion  tela pike vicuña', 1, 2, 10, '2025-03-10 14:29:24', '2025-03-10 14:29:28', NULL),
	(813, 'RP2-VCB07', 'Remera Polo Ranglan Modelo Tejido Mas V combinacion  tela pike vicuña', NULL, NULL, 'Remera Polo Ranglan Modelo Tejido Mas V combinacion  tela pike vicuña', 1, 2, 10, '2025-03-10 14:29:24', '2025-03-10 14:29:28', NULL),
	(814, 'RP2-VCB08', 'Remera Polo Ranglan Modelo Entretelado Mas V combinacion  tela pike vicuña', NULL, NULL, 'Remera Polo Ranglan Modelo Entretelado Mas V combinacion  tela pike vicuña', 1, 2, 10, '2025-03-10 14:29:24', '2025-03-10 14:29:28', NULL),
	(815, 'RP2-VCB09', 'Remera Polo Ranglan Modelo Entretelado Y Cartera 20Cm combinacion  tela pike vicuña', NULL, NULL, 'Remera Polo Ranglan Modelo Entretelado Y Cartera 20Cm combinacion  tela pike vicuña', 1, 2, 10, '2025-03-10 14:29:24', '2025-03-10 14:29:28', NULL),
	(816, 'RP2-VCB10', 'Remera Polo Ranglan Modelo Tejido Y Cartera 20Cm combinacion  tela pike vicuña', NULL, NULL, 'Remera Polo Ranglan Modelo Tejido Y Cartera 20Cm combinacion  tela pike vicuña', 1, 2, 10, '2025-03-10 14:29:24', '2025-03-10 14:29:28', NULL),
	(817, 'RP2-VCS01', 'Remera Polo Ranglan Modelo Neru det sublimados tela pike vicuña', NULL, NULL, 'Remera Polo Ranglan Modelo Neru det sublimados tela pike vicuña', 1, 3, 10, '2025-03-10 14:29:24', '2025-03-10 14:29:28', NULL),
	(818, 'RP2-VCS02', 'Remera Polo Ranglan Modelo Neru Con Vivo det sublimados tela pike vicuña', NULL, NULL, 'Remera Polo Ranglan Modelo Neru Con Vivo det sublimados tela pike vicuña', 1, 3, 10, '2025-03-10 14:29:24', '2025-03-10 14:29:28', NULL),
	(819, 'RP2-VCS03', 'Remera Polo Ranglan Modelo Clasico Tejido det sublimados tela pike vicuña', NULL, NULL, 'Remera Polo Ranglan Modelo Clasico Tejido det sublimados tela pike vicuña', 1, 3, 10, '2025-03-10 14:29:24', '2025-03-10 14:29:28', NULL),
	(820, 'RP2-VCS04', 'Remera Polo Ranglan Modelo Clasico Entretelado det sublimados tela pike vicuña', NULL, NULL, 'Remera Polo Ranglan Modelo Clasico Entretelado det sublimados tela pike vicuña', 1, 3, 10, '2025-03-10 14:29:24', '2025-03-10 14:29:28', NULL),
	(821, 'RP2-VCS05', 'Remera Polo Ranglan Modelo Tejido Y Carterita  det sublimados tela pike vicuña', NULL, NULL, 'Remera Polo Ranglan Modelo Tejido Y Carterita  det sublimados tela pike vicuña', 1, 3, 10, '2025-03-10 14:29:24', '2025-03-10 14:29:28', NULL),
	(822, 'RP2-VCS06', 'Remera Polo Ranglan Modelo Entretelado Y Carterita  det sublimados tela pike vicuña', NULL, NULL, 'Remera Polo Ranglan Modelo Entretelado Y Carterita  det sublimados tela pike vicuña', 1, 3, 10, '2025-03-10 14:29:24', '2025-03-10 14:29:28', NULL),
	(823, 'RP2-VCS07', 'Remera Polo Ranglan Modelo Tejido Mas V det sublimados tela pike vicuña', NULL, NULL, 'Remera Polo Ranglan Modelo Tejido Mas V det sublimados tela pike vicuña', 1, 3, 10, '2025-03-10 14:29:24', '2025-03-10 14:29:28', NULL),
	(824, 'RP2-VCS08', 'Remera Polo Ranglan Modelo Entretelado Mas V det sublimados tela pike vicuña', NULL, NULL, 'Remera Polo Ranglan Modelo Entretelado Mas V det sublimados tela pike vicuña', 1, 3, 10, '2025-03-10 14:29:24', '2025-03-10 14:29:28', NULL),
	(825, 'RP2-VCS09', 'Remera Polo Ranglan Modelo Entretelado Y Cartera 20Cm det sublimados tela pike vicuña', NULL, NULL, 'Remera Polo Ranglan Modelo Entretelado Y Cartera 20Cm det sublimados tela pike vicuña', 1, 3, 10, '2025-03-10 14:29:24', '2025-03-10 14:29:28', NULL),
	(826, 'RP2-VCS10', 'Remera Polo Ranglan Modelo Tejido Y Cartera 20Cm det sublimados tela pike vicuña', NULL, NULL, 'Remera Polo Ranglan Modelo Tejido Y Cartera 20Cm det sublimados tela pike vicuña', 1, 3, 10, '2025-03-10 14:29:24', '2025-03-10 14:29:28', NULL),
	(827, 'RP2-PVC01', 'Remera Polo Ranglan Modelo Neru solo un color tela pike PV', NULL, NULL, 'Remera Polo Ranglan Modelo Neru solo un color tela pike PV', 1, 1, 10, '2025-03-10 14:29:24', '2025-03-10 14:29:28', NULL),
	(828, 'RP2-PVC02', 'Remera Polo Ranglan Modelo Neru Con Vivo solo un color tela pike PV', NULL, NULL, 'Remera Polo Ranglan Modelo Neru Con Vivo solo un color tela pike PV', 1, 1, 10, '2025-03-10 14:29:24', '2025-03-10 14:29:28', NULL),
	(829, 'RP2-PVC03', 'Remera Polo Ranglan Modelo Clasico Tejido solo un color tela pike PV', NULL, NULL, 'Remera Polo Ranglan Modelo Clasico Tejido solo un color tela pike PV', 1, 1, 10, '2025-03-10 14:29:24', '2025-03-10 14:29:28', NULL),
	(830, 'RP2-PVC04', 'Remera Polo Ranglan Modelo Clasico Entretelado solo un color tela pike PV', NULL, NULL, 'Remera Polo Ranglan Modelo Clasico Entretelado solo un color tela pike PV', 1, 1, 10, '2025-03-10 14:29:24', '2025-03-10 14:29:28', NULL),
	(831, 'RP2-PVC05', 'Remera Polo Ranglan Modelo Tejido Y Carterita  solo un color tela pike PV', NULL, NULL, 'Remera Polo Ranglan Modelo Tejido Y Carterita  solo un color tela pike PV', 1, 1, 10, '2025-03-10 14:29:24', '2025-03-10 14:29:28', NULL),
	(832, 'RP2-PVC06', 'Remera Polo Ranglan Modelo Entretelado Y Carterita  solo un color tela pike PV', NULL, NULL, 'Remera Polo Ranglan Modelo Entretelado Y Carterita  solo un color tela pike PV', 1, 1, 10, '2025-03-10 14:29:24', '2025-03-10 14:29:28', NULL),
	(833, 'RP2-PVC07', 'Remera Polo Ranglan Modelo Tejido Mas V solo un color tela pike PV', NULL, NULL, 'Remera Polo Ranglan Modelo Tejido Mas V solo un color tela pike PV', 1, 1, 10, '2025-03-10 14:29:24', '2025-03-10 14:29:28', NULL),
	(834, 'RP2-PVC08', 'Remera Polo Ranglan Modelo Entretelado Mas V solo un color tela pike PV', NULL, NULL, 'Remera Polo Ranglan Modelo Entretelado Mas V solo un color tela pike PV', 1, 1, 10, '2025-03-10 14:29:24', '2025-03-10 14:29:28', NULL),
	(835, 'RP2-PVC09', 'Remera Polo Ranglan Modelo Entretelado Y Cartera 20Cm solo un color tela pike PV', NULL, NULL, 'Remera Polo Ranglan Modelo Entretelado Y Cartera 20Cm solo un color tela pike PV', 1, 1, 10, '2025-03-10 14:29:24', '2025-03-10 14:29:28', NULL),
	(836, 'RP2-PVC10', 'Remera Polo Ranglan Modelo Tejido Y Cartera 20Cm solo un color tela pike PV', NULL, NULL, 'Remera Polo Ranglan Modelo Tejido Y Cartera 20Cm solo un color tela pike PV', 1, 1, 10, '2025-03-10 14:29:24', '2025-03-10 14:29:28', NULL),
	(837, 'RP2-PVB01', 'Remera Polo Ranglan Modelo Neru combinacion  tela pike PV', NULL, NULL, 'Remera Polo Ranglan Modelo Neru combinacion  tela pike PV', 1, 2, 10, '2025-03-10 14:29:24', '2025-03-10 14:29:28', NULL),
	(838, 'RP2-PVB02', 'Remera Polo Ranglan Modelo Neru Con Vivo combinacion  tela pike PV', NULL, NULL, 'Remera Polo Ranglan Modelo Neru Con Vivo combinacion  tela pike PV', 1, 2, 10, '2025-03-10 14:29:24', '2025-03-10 14:29:28', NULL),
	(839, 'RP2-PVB03', 'Remera Polo Ranglan Modelo Clasico Tejido combinacion  tela pike PV', NULL, NULL, 'Remera Polo Ranglan Modelo Clasico Tejido combinacion  tela pike PV', 1, 2, 10, '2025-03-10 14:29:24', '2025-03-10 14:29:28', NULL),
	(840, 'RP2-PVB04', 'Remera Polo Ranglan Modelo Clasico Entretelado combinacion  tela pike PV', NULL, NULL, 'Remera Polo Ranglan Modelo Clasico Entretelado combinacion  tela pike PV', 1, 2, 10, '2025-03-10 14:29:24', '2025-03-10 14:29:28', NULL),
	(841, 'RP2-PVB05', 'Remera Polo Ranglan Modelo Tejido Y Carterita  combinacion  tela pike PV', NULL, NULL, 'Remera Polo Ranglan Modelo Tejido Y Carterita  combinacion  tela pike PV', 1, 2, 10, '2025-03-10 14:29:24', '2025-03-10 14:29:28', NULL),
	(842, 'RP2-PVB06', 'Remera Polo Ranglan Modelo Entretelado Y Carterita  combinacion  tela pike PV', NULL, NULL, 'Remera Polo Ranglan Modelo Entretelado Y Carterita  combinacion  tela pike PV', 1, 2, 10, '2025-03-10 14:29:24', '2025-03-10 14:29:28', NULL),
	(843, 'RP2-PVB07', 'Remera Polo Ranglan Modelo Tejido Mas V combinacion  tela pike PV', NULL, NULL, 'Remera Polo Ranglan Modelo Tejido Mas V combinacion  tela pike PV', 1, 2, 10, '2025-03-10 14:29:24', '2025-03-10 14:29:28', NULL),
	(844, 'RP2-PVB08', 'Remera Polo Ranglan Modelo Entretelado Mas V combinacion  tela pike PV', NULL, NULL, 'Remera Polo Ranglan Modelo Entretelado Mas V combinacion  tela pike PV', 1, 2, 10, '2025-03-10 14:29:24', '2025-03-10 14:29:28', NULL),
	(845, 'RP2-PVB09', 'Remera Polo Ranglan Modelo Entretelado Y Cartera 20Cm combinacion  tela pike PV', NULL, NULL, 'Remera Polo Ranglan Modelo Entretelado Y Cartera 20Cm combinacion  tela pike PV', 1, 2, 10, '2025-03-10 14:29:24', '2025-03-10 14:29:28', NULL),
	(846, 'RP2-PVB10', 'Remera Polo Ranglan Modelo Tejido Y Cartera 20Cm combinacion  tela pike PV', NULL, NULL, 'Remera Polo Ranglan Modelo Tejido Y Cartera 20Cm combinacion  tela pike PV', 1, 2, 10, '2025-03-10 14:29:24', '2025-03-10 14:29:28', NULL),
	(847, 'RP2-PVS01', 'Remera Polo Ranglan Modelo Neru det sublimados tela pike PV', NULL, NULL, 'Remera Polo Ranglan Modelo Neru det sublimados tela pike PV', 1, 3, 10, '2025-03-10 14:29:24', '2025-03-10 14:29:28', NULL),
	(848, 'RP2-PVS02', 'Remera Polo Ranglan Modelo Neru Con Vivo det sublimados tela pike PV', NULL, NULL, 'Remera Polo Ranglan Modelo Neru Con Vivo det sublimados tela pike PV', 1, 3, 10, '2025-03-10 14:29:24', '2025-03-10 14:29:28', NULL),
	(849, 'RP2-PVS03', 'Remera Polo Ranglan Modelo Clasico Tejido det sublimados tela pike PV', NULL, NULL, 'Remera Polo Ranglan Modelo Clasico Tejido det sublimados tela pike PV', 1, 3, 10, '2025-03-10 14:29:24', '2025-03-10 14:29:28', NULL),
	(850, 'RP2-PVS04', 'Remera Polo Ranglan Modelo Clasico Entretelado det sublimados tela pike PV', NULL, NULL, 'Remera Polo Ranglan Modelo Clasico Entretelado det sublimados tela pike PV', 1, 3, 10, '2025-03-10 14:29:24', '2025-03-10 14:29:28', NULL),
	(851, 'RP2-PVS05', 'Remera Polo Ranglan Modelo Tejido Y Carterita  det sublimados tela pike PV', NULL, NULL, 'Remera Polo Ranglan Modelo Tejido Y Carterita  det sublimados tela pike PV', 1, 3, 10, '2025-03-10 14:29:24', '2025-03-10 14:29:28', NULL),
	(852, 'RP2-PVS06', 'Remera Polo Ranglan Modelo Entretelado Y Carterita  det sublimados tela pike PV', NULL, NULL, 'Remera Polo Ranglan Modelo Entretelado Y Carterita  det sublimados tela pike PV', 1, 3, 10, '2025-03-10 14:29:24', '2025-03-10 14:29:28', NULL),
	(853, 'RP2-PVS07', 'Remera Polo Ranglan Modelo Tejido Mas V det sublimados tela pike PV', NULL, NULL, 'Remera Polo Ranglan Modelo Tejido Mas V det sublimados tela pike PV', 1, 3, 10, '2025-03-10 14:29:24', '2025-03-10 14:29:28', NULL),
	(854, 'RP2-PVS08', 'Remera Polo Ranglan Modelo Entretelado Mas V det sublimados tela pike PV', NULL, NULL, 'Remera Polo Ranglan Modelo Entretelado Mas V det sublimados tela pike PV', 1, 3, 10, '2025-03-10 14:29:24', '2025-03-10 14:29:28', NULL),
	(855, 'RP2-PVS09', 'Remera Polo Ranglan Modelo Entretelado Y Cartera 20Cm det sublimados tela pike PV', NULL, NULL, 'Remera Polo Ranglan Modelo Entretelado Y Cartera 20Cm det sublimados tela pike PV', 1, 3, 10, '2025-03-10 14:29:24', '2025-03-10 14:29:28', NULL),
	(856, 'RP2-PVS10', 'Remera Polo Ranglan Modelo Tejido Y Cartera 20Cm det sublimados tela pike PV', NULL, NULL, 'Remera Polo Ranglan Modelo Tejido Y Cartera 20Cm det sublimados tela pike PV', 1, 3, 10, '2025-03-10 14:29:24', '2025-03-10 14:29:28', NULL),
	(857, 'RP2-APC01', 'Remera Polo Ranglan Modelo Neru solo un color tela algodon premium', NULL, NULL, 'Remera Polo Ranglan Modelo Neru solo un color tela algodon premium', 1, 1, 10, '2025-03-10 14:29:24', '2025-03-10 14:29:28', NULL),
	(858, 'RP2-APC02', 'Remera Polo Ranglan Modelo Neru Con Vivo solo un color tela algodon premium', NULL, NULL, 'Remera Polo Ranglan Modelo Neru Con Vivo solo un color tela algodon premium', 1, 1, 10, '2025-03-10 14:29:24', '2025-03-10 14:29:28', NULL),
	(859, 'RP2-APC03', 'Remera Polo Ranglan Modelo Clasico Tejido solo un color tela algodon premium', NULL, NULL, 'Remera Polo Ranglan Modelo Clasico Tejido solo un color tela algodon premium', 1, 1, 10, '2025-03-10 14:29:24', '2025-03-10 14:29:28', NULL),
	(860, 'RP2-APC04', 'Remera Polo Ranglan Modelo Clasico Entretelado solo un color tela algodon premium', NULL, NULL, 'Remera Polo Ranglan Modelo Clasico Entretelado solo un color tela algodon premium', 1, 1, 10, '2025-03-10 14:29:24', '2025-03-10 14:29:28', NULL),
	(861, 'RP2-APC05', 'Remera Polo Ranglan Modelo Tejido Y Carterita  solo un color tela algodon premium', NULL, NULL, 'Remera Polo Ranglan Modelo Tejido Y Carterita  solo un color tela algodon premium', 1, 1, 10, '2025-03-10 14:29:24', '2025-03-10 14:29:28', NULL),
	(862, 'RP2-APC06', 'Remera Polo Ranglan Modelo Entretelado Y Carterita  solo un color tela algodon premium', NULL, NULL, 'Remera Polo Ranglan Modelo Entretelado Y Carterita  solo un color tela algodon premium', 1, 1, 10, '2025-03-10 14:29:24', '2025-03-10 14:29:28', NULL),
	(863, 'RP2-APC07', 'Remera Polo Ranglan Modelo Tejido Mas V solo un color tela algodon premium', NULL, NULL, 'Remera Polo Ranglan Modelo Tejido Mas V solo un color tela algodon premium', 1, 1, 10, '2025-03-10 14:29:24', '2025-03-10 14:29:28', NULL),
	(864, 'RP2-APC08', 'Remera Polo Ranglan Modelo Entretelado Mas V solo un color tela algodon premium', NULL, NULL, 'Remera Polo Ranglan Modelo Entretelado Mas V solo un color tela algodon premium', 1, 1, 10, '2025-03-10 14:29:24', '2025-03-10 14:29:28', NULL),
	(865, 'RP2-APC09', 'Remera Polo Ranglan Modelo Entretelado Y Cartera 20Cm solo un color tela algodon premium', NULL, NULL, 'Remera Polo Ranglan Modelo Entretelado Y Cartera 20Cm solo un color tela algodon premium', 1, 1, 10, '2025-03-10 14:29:24', '2025-03-10 14:29:28', NULL),
	(866, 'RP2-APC10', 'Remera Polo Ranglan Modelo Tejido Y Cartera 20Cm solo un color tela algodon premium', NULL, NULL, 'Remera Polo Ranglan Modelo Tejido Y Cartera 20Cm solo un color tela algodon premium', 1, 1, 10, '2025-03-10 14:29:24', '2025-03-10 14:29:28', NULL),
	(867, 'RP2-APB01', 'Remera Polo Ranglan Modelo Neru combinacion  tela algodon premium', NULL, NULL, 'Remera Polo Ranglan Modelo Neru combinacion  tela algodon premium', 1, 2, 10, '2025-03-10 14:29:24', '2025-03-10 14:29:28', NULL),
	(868, 'RP2-APB02', 'Remera Polo Ranglan Modelo Neru Con Vivo combinacion  tela algodon premium', NULL, NULL, 'Remera Polo Ranglan Modelo Neru Con Vivo combinacion  tela algodon premium', 1, 2, 10, '2025-03-10 14:29:24', '2025-03-10 14:29:28', NULL),
	(869, 'RP2-APB03', 'Remera Polo Ranglan Modelo Clasico Tejido combinacion  tela algodon premium', NULL, NULL, 'Remera Polo Ranglan Modelo Clasico Tejido combinacion  tela algodon premium', 1, 2, 10, '2025-03-10 14:29:24', '2025-03-10 14:29:28', NULL),
	(870, 'RP2-APB04', 'Remera Polo Ranglan Modelo Clasico Entretelado combinacion  tela algodon premium', NULL, NULL, 'Remera Polo Ranglan Modelo Clasico Entretelado combinacion  tela algodon premium', 1, 2, 10, '2025-03-10 14:29:24', '2025-03-10 14:29:28', NULL),
	(871, 'RP2-APB05', 'Remera Polo Ranglan Modelo Tejido Y Carterita  combinacion  tela algodon premium', NULL, NULL, 'Remera Polo Ranglan Modelo Tejido Y Carterita  combinacion  tela algodon premium', 1, 2, 10, '2025-03-10 14:29:24', '2025-03-10 14:29:28', NULL),
	(872, 'RP2-APB06', 'Remera Polo Ranglan Modelo Entretelado Y Carterita  combinacion  tela algodon premium', NULL, NULL, 'Remera Polo Ranglan Modelo Entretelado Y Carterita  combinacion  tela algodon premium', 1, 2, 10, '2025-03-10 14:29:24', '2025-03-10 14:29:28', NULL),
	(873, 'RP2-APB07', 'Remera Polo Ranglan Modelo Tejido Mas V combinacion  tela algodon premium', NULL, NULL, 'Remera Polo Ranglan Modelo Tejido Mas V combinacion  tela algodon premium', 1, 2, 10, '2025-03-10 14:29:24', '2025-03-10 14:29:28', NULL),
	(874, 'RP2-APB08', 'Remera Polo Ranglan Modelo Entretelado Mas V combinacion  tela algodon premium', NULL, NULL, 'Remera Polo Ranglan Modelo Entretelado Mas V combinacion  tela algodon premium', 1, 2, 10, '2025-03-10 14:29:24', '2025-03-10 14:29:28', NULL),
	(875, 'RP2-APB09', 'Remera Polo Ranglan Modelo Entretelado Y Cartera 20Cm combinacion  tela algodon premium', NULL, NULL, 'Remera Polo Ranglan Modelo Entretelado Y Cartera 20Cm combinacion  tela algodon premium', 1, 2, 10, '2025-03-10 14:29:24', '2025-03-10 14:29:28', NULL),
	(876, 'RP2-APB10', 'Remera Polo Ranglan Modelo Tejido Y Cartera 20Cm combinacion  tela algodon premium', NULL, NULL, 'Remera Polo Ranglan Modelo Tejido Y Cartera 20Cm combinacion  tela algodon premium', 1, 2, 10, '2025-03-10 14:29:24', '2025-03-10 14:29:28', NULL),
	(877, 'RP2-APS01', 'Remera Polo Ranglan Modelo Neru det sublimados tela algodon premium', NULL, NULL, 'Remera Polo Ranglan Modelo Neru det sublimados tela algodon premium', 1, 3, 10, '2025-03-10 14:29:24', '2025-03-10 14:29:28', NULL),
	(878, 'RP2-APS02', 'Remera Polo Ranglan Modelo Neru Con Vivo det sublimados tela algodon premium', NULL, NULL, 'Remera Polo Ranglan Modelo Neru Con Vivo det sublimados tela algodon premium', 1, 3, 10, '2025-03-10 14:29:24', '2025-03-10 14:29:28', NULL),
	(879, 'RP2-APS03', 'Remera Polo Ranglan Modelo Clasico Tejido det sublimados tela algodon premium', NULL, NULL, 'Remera Polo Ranglan Modelo Clasico Tejido det sublimados tela algodon premium', 1, 3, 10, '2025-03-10 14:29:24', '2025-03-10 14:29:28', NULL),
	(880, 'RP2-APS04', 'Remera Polo Ranglan Modelo Clasico Entretelado det sublimados tela algodon premium', NULL, NULL, 'Remera Polo Ranglan Modelo Clasico Entretelado det sublimados tela algodon premium', 1, 3, 10, '2025-03-10 14:29:24', '2025-03-10 14:29:28', NULL),
	(881, 'RP2-APS05', 'Remera Polo Ranglan Modelo Tejido Y Carterita  det sublimados tela algodon premium', NULL, NULL, 'Remera Polo Ranglan Modelo Tejido Y Carterita  det sublimados tela algodon premium', 1, 3, 10, '2025-03-10 14:29:24', '2025-03-10 14:29:28', NULL),
	(882, 'RP2-APS06', 'Remera Polo Ranglan Modelo Entretelado Y Carterita  det sublimados tela algodon premium', NULL, NULL, 'Remera Polo Ranglan Modelo Entretelado Y Carterita  det sublimados tela algodon premium', 1, 3, 10, '2025-03-10 14:29:24', '2025-03-10 14:29:28', NULL),
	(883, 'RP2-APS07', 'Remera Polo Ranglan Modelo Tejido Mas V det sublimados tela algodon premium', NULL, NULL, 'Remera Polo Ranglan Modelo Tejido Mas V det sublimados tela algodon premium', 1, 3, 10, '2025-03-10 14:29:24', '2025-03-10 14:29:28', NULL),
	(884, 'RP2-APS08', 'Remera Polo Ranglan Modelo Entretelado Mas V det sublimados tela algodon premium', NULL, NULL, 'Remera Polo Ranglan Modelo Entretelado Mas V det sublimados tela algodon premium', 1, 3, 10, '2025-03-10 14:29:24', '2025-03-10 14:29:28', NULL),
	(885, 'RP2-APS09', 'Remera Polo Ranglan Modelo Entretelado Y Cartera 20Cm det sublimados tela algodon premium', NULL, NULL, 'Remera Polo Ranglan Modelo Entretelado Y Cartera 20Cm det sublimados tela algodon premium', 1, 3, 10, '2025-03-10 14:29:24', '2025-03-10 14:29:28', NULL),
	(886, 'RP2-APS10', 'Remera Polo Ranglan Modelo Tejido Y Cartera 20Cm det sublimados tela algodon premium', NULL, NULL, 'Remera Polo Ranglan Modelo Tejido Y Cartera 20Cm det sublimados tela algodon premium', 1, 3, 10, '2025-03-10 14:29:24', '2025-03-10 14:29:28', NULL),
	(887, 'RP2-ACC01', 'Remera Polo Ranglan Modelo Neru solo un color tela algodon cardado', NULL, NULL, 'Remera Polo Ranglan Modelo Neru solo un color tela algodon cardado', 1, 1, 10, '2025-03-10 14:29:24', '2025-03-10 14:29:28', NULL),
	(888, 'RP2-ACC02', 'Remera Polo Ranglan Modelo Neru Con Vivo solo un color tela algodon cardado', NULL, NULL, 'Remera Polo Ranglan Modelo Neru Con Vivo solo un color tela algodon cardado', 1, 1, 10, '2025-03-10 14:29:24', '2025-03-10 14:29:28', NULL),
	(889, 'RP2-ACC03', 'Remera Polo Ranglan Modelo Clasico Tejido solo un color tela algodon cardado', NULL, NULL, 'Remera Polo Ranglan Modelo Clasico Tejido solo un color tela algodon cardado', 1, 1, 10, '2025-03-10 14:29:24', '2025-03-10 14:29:28', NULL),
	(890, 'RP2-ACC04', 'Remera Polo Ranglan Modelo Clasico Entretelado solo un color tela algodon cardado', NULL, NULL, 'Remera Polo Ranglan Modelo Clasico Entretelado solo un color tela algodon cardado', 1, 1, 10, '2025-03-10 14:29:24', '2025-03-10 14:29:28', NULL),
	(891, 'RP2-ACC05', 'Remera Polo Ranglan Modelo Tejido Y Carterita  solo un color tela algodon cardado', NULL, NULL, 'Remera Polo Ranglan Modelo Tejido Y Carterita  solo un color tela algodon cardado', 1, 1, 10, '2025-03-10 14:29:24', '2025-03-10 14:29:28', NULL),
	(892, 'RP2-ACC06', 'Remera Polo Ranglan Modelo Entretelado Y Carterita  solo un color tela algodon cardado', NULL, NULL, 'Remera Polo Ranglan Modelo Entretelado Y Carterita  solo un color tela algodon cardado', 1, 1, 10, '2025-03-10 14:29:24', '2025-03-10 14:29:28', NULL),
	(893, 'RP2-ACC07', 'Remera Polo Ranglan Modelo Tejido Mas V solo un color tela algodon cardado', NULL, NULL, 'Remera Polo Ranglan Modelo Tejido Mas V solo un color tela algodon cardado', 1, 1, 10, '2025-03-10 14:29:24', '2025-03-10 14:29:28', NULL),
	(894, 'RP2-ACC08', 'Remera Polo Ranglan Modelo Entretelado Mas V solo un color tela algodon cardado', NULL, NULL, 'Remera Polo Ranglan Modelo Entretelado Mas V solo un color tela algodon cardado', 1, 1, 10, '2025-03-10 14:29:24', '2025-03-10 14:29:28', NULL),
	(895, 'RP2-ACC09', 'Remera Polo Ranglan Modelo Entretelado Y Cartera 20Cm solo un color tela algodon cardado', NULL, NULL, 'Remera Polo Ranglan Modelo Entretelado Y Cartera 20Cm solo un color tela algodon cardado', 1, 1, 10, '2025-03-10 14:29:24', '2025-03-10 14:29:28', NULL),
	(896, 'RP2-ACC10', 'Remera Polo Ranglan Modelo Tejido Y Cartera 20Cm solo un color tela algodon cardado', NULL, NULL, 'Remera Polo Ranglan Modelo Tejido Y Cartera 20Cm solo un color tela algodon cardado', 1, 1, 10, '2025-03-10 14:29:24', '2025-03-10 14:29:28', NULL),
	(897, 'RP2-ACB01', 'Remera Polo Ranglan Modelo Neru combinacion  tela algodon cardado', NULL, NULL, 'Remera Polo Ranglan Modelo Neru combinacion  tela algodon cardado', 1, 2, 10, '2025-03-10 14:29:24', '2025-03-10 14:29:28', NULL),
	(898, 'RP2-ACB02', 'Remera Polo Ranglan Modelo Neru Con Vivo combinacion  tela algodon cardado', NULL, NULL, 'Remera Polo Ranglan Modelo Neru Con Vivo combinacion  tela algodon cardado', 1, 2, 10, '2025-03-10 14:29:24', '2025-03-10 14:29:28', NULL),
	(899, 'RP2-ACB03', 'Remera Polo Ranglan Modelo Clasico Tejido combinacion  tela algodon cardado', NULL, NULL, 'Remera Polo Ranglan Modelo Clasico Tejido combinacion  tela algodon cardado', 1, 2, 10, '2025-03-10 14:29:24', '2025-03-10 14:29:28', NULL),
	(900, 'RP2-ACB04', 'Remera Polo Ranglan Modelo Clasico Entretelado combinacion  tela algodon cardado', NULL, NULL, 'Remera Polo Ranglan Modelo Clasico Entretelado combinacion  tela algodon cardado', 1, 2, 10, '2025-03-10 14:29:24', '2025-03-10 14:29:28', NULL),
	(901, 'RP2-ACB05', 'Remera Polo Ranglan Modelo Tejido Y Carterita  combinacion  tela algodon cardado', NULL, NULL, 'Remera Polo Ranglan Modelo Tejido Y Carterita  combinacion  tela algodon cardado', 1, 2, 10, '2025-03-10 14:29:24', '2025-03-10 14:29:28', NULL),
	(902, 'RP2-ACB06', 'Remera Polo Ranglan Modelo Entretelado Y Carterita  combinacion  tela algodon cardado', NULL, NULL, 'Remera Polo Ranglan Modelo Entretelado Y Carterita  combinacion  tela algodon cardado', 1, 2, 10, '2025-03-10 14:29:24', '2025-03-10 14:29:28', NULL),
	(903, 'RP2-ACB07', 'Remera Polo Ranglan Modelo Tejido Mas V combinacion  tela algodon cardado', NULL, NULL, 'Remera Polo Ranglan Modelo Tejido Mas V combinacion  tela algodon cardado', 1, 2, 10, '2025-03-10 14:29:24', '2025-03-10 14:29:28', NULL),
	(904, 'RP2-ACB08', 'Remera Polo Ranglan Modelo Entretelado Mas V combinacion  tela algodon cardado', NULL, NULL, 'Remera Polo Ranglan Modelo Entretelado Mas V combinacion  tela algodon cardado', 1, 2, 10, '2025-03-10 14:29:24', '2025-03-10 14:29:28', NULL),
	(905, 'RP2-ACB09', 'Remera Polo Ranglan Modelo Entretelado Y Cartera 20Cm combinacion  tela algodon cardado', NULL, NULL, 'Remera Polo Ranglan Modelo Entretelado Y Cartera 20Cm combinacion  tela algodon cardado', 1, 2, 10, '2025-03-10 14:29:24', '2025-03-10 14:29:28', NULL),
	(906, 'RP2-ACB10', 'Remera Polo Ranglan Modelo Tejido Y Cartera 20Cm combinacion  tela algodon cardado', NULL, NULL, 'Remera Polo Ranglan Modelo Tejido Y Cartera 20Cm combinacion  tela algodon cardado', 1, 2, 10, '2025-03-10 14:29:24', '2025-03-10 14:29:28', NULL),
	(907, 'RP2-ACS01', 'Remera Polo Ranglan Modelo Neru det sublimados tela algodon cardado', NULL, NULL, 'Remera Polo Ranglan Modelo Neru det sublimados tela algodon cardado', 1, 3, 10, '2025-03-10 14:29:24', '2025-03-10 14:29:28', NULL),
	(908, 'RP2-ACS02', 'Remera Polo Ranglan Modelo Neru Con Vivo det sublimados tela algodon cardado', NULL, NULL, 'Remera Polo Ranglan Modelo Neru Con Vivo det sublimados tela algodon cardado', 1, 3, 10, '2025-03-10 14:29:24', '2025-03-10 14:29:28', NULL),
	(909, 'RP2-ACS03', 'Remera Polo Ranglan Modelo Clasico Tejido det sublimados tela algodon cardado', NULL, NULL, 'Remera Polo Ranglan Modelo Clasico Tejido det sublimados tela algodon cardado', 1, 3, 10, '2025-03-10 14:29:24', '2025-03-10 14:29:28', NULL),
	(910, 'RP2-ACS04', 'Remera Polo Ranglan Modelo Clasico Entretelado det sublimados tela algodon cardado', NULL, NULL, 'Remera Polo Ranglan Modelo Clasico Entretelado det sublimados tela algodon cardado', 1, 3, 10, '2025-03-10 14:29:24', '2025-03-10 14:29:28', NULL),
	(911, 'RP2-ACS05', 'Remera Polo Ranglan Modelo Tejido Y Carterita  det sublimados tela algodon cardado', NULL, NULL, 'Remera Polo Ranglan Modelo Tejido Y Carterita  det sublimados tela algodon cardado', 1, 3, 10, '2025-03-10 14:29:24', '2025-03-10 14:29:28', NULL),
	(912, 'RP2-ACS06', 'Remera Polo Ranglan Modelo Entretelado Y Carterita  det sublimados tela algodon cardado', NULL, NULL, 'Remera Polo Ranglan Modelo Entretelado Y Carterita  det sublimados tela algodon cardado', 1, 3, 10, '2025-03-10 14:29:24', '2025-03-10 14:29:28', NULL),
	(913, 'RP2-ACS07', 'Remera Polo Ranglan Modelo Tejido Mas V det sublimados tela algodon cardado', NULL, NULL, 'Remera Polo Ranglan Modelo Tejido Mas V det sublimados tela algodon cardado', 1, 3, 10, '2025-03-10 14:29:24', '2025-03-10 14:29:28', NULL),
	(914, 'RP2-ACS08', 'Remera Polo Ranglan Modelo Entretelado Mas V det sublimados tela algodon cardado', NULL, NULL, 'Remera Polo Ranglan Modelo Entretelado Mas V det sublimados tela algodon cardado', 1, 3, 10, '2025-03-10 14:29:24', '2025-03-10 14:29:28', NULL),
	(915, 'RP2-ACS09', 'Remera Polo Ranglan Modelo Entretelado Y Cartera 20Cm det sublimados tela algodon cardado', NULL, NULL, 'Remera Polo Ranglan Modelo Entretelado Y Cartera 20Cm det sublimados tela algodon cardado', 1, 3, 10, '2025-03-10 14:29:24', '2025-03-10 14:29:28', NULL),
	(916, 'RP2-ACS10', 'Remera Polo Ranglan Modelo Tejido Y Cartera 20Cm det sublimados tela algodon cardado', NULL, NULL, 'Remera Polo Ranglan Modelo Tejido Y Cartera 20Cm det sublimados tela algodon cardado', 1, 3, 10, '2025-03-10 14:29:24', '2025-03-10 14:29:28', NULL),
	(917, 'RP2-EVC01', 'Remera Polo Ranglan Modelo Neru solo un color tela Elizabeth viscosa', NULL, NULL, 'Remera Polo Ranglan Modelo Neru solo un color tela Elizabeth viscosa', 1, 1, 10, '2025-03-10 14:29:24', '2025-03-10 14:29:28', NULL),
	(918, 'RP2-EVC02', 'Remera Polo Ranglan Modelo Neru Con Vivo solo un color tela Elizabeth viscosa', NULL, NULL, 'Remera Polo Ranglan Modelo Neru Con Vivo solo un color tela Elizabeth viscosa', 1, 1, 10, '2025-03-10 14:29:24', '2025-03-10 14:29:28', NULL),
	(919, 'RP2-EVC03', 'Remera Polo Ranglan Modelo Clasico Tejido solo un color tela Elizabeth viscosa', NULL, NULL, 'Remera Polo Ranglan Modelo Clasico Tejido solo un color tela Elizabeth viscosa', 1, 1, 10, '2025-03-10 14:29:24', '2025-03-10 14:29:28', NULL),
	(920, 'RP2-EVC04', 'Remera Polo Ranglan Modelo Clasico Entretelado solo un color tela Elizabeth viscosa', NULL, NULL, 'Remera Polo Ranglan Modelo Clasico Entretelado solo un color tela Elizabeth viscosa', 1, 1, 10, '2025-03-10 14:29:24', '2025-03-10 14:29:28', NULL),
	(921, 'RP2-EVC05', 'Remera Polo Ranglan Modelo Tejido Y Carterita  solo un color tela Elizabeth viscosa', NULL, NULL, 'Remera Polo Ranglan Modelo Tejido Y Carterita  solo un color tela Elizabeth viscosa', 1, 1, 10, '2025-03-10 14:29:24', '2025-03-10 14:29:28', NULL),
	(922, 'RP2-EVC06', 'Remera Polo Ranglan Modelo Entretelado Y Carterita  solo un color tela Elizabeth viscosa', NULL, NULL, 'Remera Polo Ranglan Modelo Entretelado Y Carterita  solo un color tela Elizabeth viscosa', 1, 1, 10, '2025-03-10 14:29:24', '2025-03-10 14:29:28', NULL),
	(923, 'RP2-EVC07', 'Remera Polo Ranglan Modelo Tejido Mas V solo un color tela Elizabeth viscosa', NULL, NULL, 'Remera Polo Ranglan Modelo Tejido Mas V solo un color tela Elizabeth viscosa', 1, 1, 10, '2025-03-10 14:29:24', '2025-03-10 14:29:28', NULL),
	(924, 'RP2-EVC08', 'Remera Polo Ranglan Modelo Entretelado Mas V solo un color tela Elizabeth viscosa', NULL, NULL, 'Remera Polo Ranglan Modelo Entretelado Mas V solo un color tela Elizabeth viscosa', 1, 1, 10, '2025-03-10 14:29:24', '2025-03-10 14:29:28', NULL),
	(925, 'RP2-EVC09', 'Remera Polo Ranglan Modelo Entretelado Y Cartera 20Cm solo un color tela Elizabeth viscosa', NULL, NULL, 'Remera Polo Ranglan Modelo Entretelado Y Cartera 20Cm solo un color tela Elizabeth viscosa', 1, 1, 10, '2025-03-10 14:29:24', '2025-03-10 14:29:28', NULL),
	(926, 'RP2-EVC10', 'Remera Polo Ranglan Modelo Tejido Y Cartera 20Cm solo un color tela Elizabeth viscosa', NULL, NULL, 'Remera Polo Ranglan Modelo Tejido Y Cartera 20Cm solo un color tela Elizabeth viscosa', 1, 1, 10, '2025-03-10 14:29:24', '2025-03-10 14:29:28', NULL),
	(927, 'RP2-EVB01', 'Remera Polo Ranglan Modelo Neru combinacion  tela Elizabeth viscosa', NULL, NULL, 'Remera Polo Ranglan Modelo Neru combinacion  tela Elizabeth viscosa', 1, 2, 10, '2025-03-10 14:29:24', '2025-03-10 14:29:28', NULL),
	(928, 'RP2-EVB02', 'Remera Polo Ranglan Modelo Neru Con Vivo combinacion  tela Elizabeth viscosa', NULL, NULL, 'Remera Polo Ranglan Modelo Neru Con Vivo combinacion  tela Elizabeth viscosa', 1, 2, 10, '2025-03-10 14:29:24', '2025-03-10 14:29:28', NULL),
	(929, 'RP2-EVB03', 'Remera Polo Ranglan Modelo Clasico Tejido combinacion  tela Elizabeth viscosa', NULL, NULL, 'Remera Polo Ranglan Modelo Clasico Tejido combinacion  tela Elizabeth viscosa', 1, 2, 10, '2025-03-10 14:29:24', '2025-03-10 14:29:28', NULL),
	(930, 'RP2-EVB04', 'Remera Polo Ranglan Modelo Clasico Entretelado combinacion  tela Elizabeth viscosa', NULL, NULL, 'Remera Polo Ranglan Modelo Clasico Entretelado combinacion  tela Elizabeth viscosa', 1, 2, 10, '2025-03-10 14:29:24', '2025-03-10 14:29:28', NULL),
	(931, 'RP2-EVB05', 'Remera Polo Ranglan Modelo Tejido Y Carterita  combinacion  tela Elizabeth viscosa', NULL, NULL, 'Remera Polo Ranglan Modelo Tejido Y Carterita  combinacion  tela Elizabeth viscosa', 1, 2, 10, '2025-03-10 14:29:24', '2025-03-10 14:29:28', NULL),
	(932, 'RP2-EVB06', 'Remera Polo Ranglan Modelo Entretelado Y Carterita  combinacion  tela Elizabeth viscosa', NULL, NULL, 'Remera Polo Ranglan Modelo Entretelado Y Carterita  combinacion  tela Elizabeth viscosa', 1, 2, 10, '2025-03-10 14:29:24', '2025-03-10 14:29:28', NULL),
	(933, 'RP2-EVB07', 'Remera Polo Ranglan Modelo Tejido Mas V combinacion  tela Elizabeth viscosa', NULL, NULL, 'Remera Polo Ranglan Modelo Tejido Mas V combinacion  tela Elizabeth viscosa', 1, 2, 10, '2025-03-10 14:29:24', '2025-03-10 14:29:28', NULL),
	(934, 'RP2-EVB08', 'Remera Polo Ranglan Modelo Entretelado Mas V combinacion  tela Elizabeth viscosa', NULL, NULL, 'Remera Polo Ranglan Modelo Entretelado Mas V combinacion  tela Elizabeth viscosa', 1, 2, 10, '2025-03-10 14:29:24', '2025-03-10 14:29:28', NULL),
	(935, 'RP2-EVB09', 'Remera Polo Ranglan Modelo Entretelado Y Cartera 20Cm combinacion  tela Elizabeth viscosa', NULL, NULL, 'Remera Polo Ranglan Modelo Entretelado Y Cartera 20Cm combinacion  tela Elizabeth viscosa', 1, 2, 10, '2025-03-10 14:29:24', '2025-03-10 14:29:28', NULL),
	(936, 'RP2-EVB10', 'Remera Polo Ranglan Modelo Tejido Y Cartera 20Cm combinacion  tela Elizabeth viscosa', NULL, NULL, 'Remera Polo Ranglan Modelo Tejido Y Cartera 20Cm combinacion  tela Elizabeth viscosa', 1, 2, 10, '2025-03-10 14:29:24', '2025-03-10 14:29:28', NULL),
	(937, 'RP2-EVS01', 'Remera Polo Ranglan Modelo Neru det sublimados tela Elizabeth viscosa', NULL, NULL, 'Remera Polo Ranglan Modelo Neru det sublimados tela Elizabeth viscosa', 1, 3, 10, '2025-03-10 14:29:24', '2025-03-10 14:29:28', NULL),
	(938, 'RP2-EVS02', 'Remera Polo Ranglan Modelo Neru Con Vivo det sublimados tela Elizabeth viscosa', NULL, NULL, 'Remera Polo Ranglan Modelo Neru Con Vivo det sublimados tela Elizabeth viscosa', 1, 3, 10, '2025-03-10 14:29:24', '2025-03-10 14:29:28', NULL),
	(939, 'RP2-EVS03', 'Remera Polo Ranglan Modelo Clasico Tejido det sublimados tela Elizabeth viscosa', NULL, NULL, 'Remera Polo Ranglan Modelo Clasico Tejido det sublimados tela Elizabeth viscosa', 1, 3, 10, '2025-03-10 14:29:24', '2025-03-10 14:29:28', NULL),
	(940, 'RP2-EVS04', 'Remera Polo Ranglan Modelo Clasico Entretelado det sublimados tela Elizabeth viscosa', NULL, NULL, 'Remera Polo Ranglan Modelo Clasico Entretelado det sublimados tela Elizabeth viscosa', 1, 3, 10, '2025-03-10 14:29:24', '2025-03-10 14:29:28', NULL),
	(941, 'RP2-EVS05', 'Remera Polo Ranglan Modelo Tejido Y Carterita  det sublimados tela Elizabeth viscosa', NULL, NULL, 'Remera Polo Ranglan Modelo Tejido Y Carterita  det sublimados tela Elizabeth viscosa', 1, 3, 10, '2025-03-10 14:29:24', '2025-03-10 14:29:28', NULL),
	(942, 'RP2-EVS06', 'Remera Polo Ranglan Modelo Entretelado Y Carterita  det sublimados tela Elizabeth viscosa', NULL, NULL, 'Remera Polo Ranglan Modelo Entretelado Y Carterita  det sublimados tela Elizabeth viscosa', 1, 3, 10, '2025-03-10 14:29:24', '2025-03-10 14:29:28', NULL),
	(943, 'RP2-EVS07', 'Remera Polo Ranglan Modelo Tejido Mas V det sublimados tela Elizabeth viscosa', NULL, NULL, 'Remera Polo Ranglan Modelo Tejido Mas V det sublimados tela Elizabeth viscosa', 1, 3, 10, '2025-03-10 14:29:24', '2025-03-10 14:29:28', NULL),
	(944, 'RP2-EVS08', 'Remera Polo Ranglan Modelo Entretelado Mas V det sublimados tela Elizabeth viscosa', NULL, NULL, 'Remera Polo Ranglan Modelo Entretelado Mas V det sublimados tela Elizabeth viscosa', 1, 3, 10, '2025-03-10 14:29:24', '2025-03-10 14:29:28', NULL),
	(945, 'RP2-EVS09', 'Remera Polo Ranglan Modelo Entretelado Y Cartera 20Cm det sublimados tela Elizabeth viscosa', NULL, NULL, 'Remera Polo Ranglan Modelo Entretelado Y Cartera 20Cm det sublimados tela Elizabeth viscosa', 1, 3, 10, '2025-03-10 14:29:24', '2025-03-10 14:29:28', NULL),
	(946, 'RP2-EVS10', 'Remera Polo Ranglan Modelo Tejido Y Cartera 20Cm det sublimados tela Elizabeth viscosa', NULL, NULL, 'Remera Polo Ranglan Modelo Tejido Y Cartera 20Cm det sublimados tela Elizabeth viscosa', 1, 3, 10, '2025-03-10 14:29:24', '2025-03-10 14:29:28', NULL),
	(947, 'RP2-EPC01', 'Remera Polo Ranglan Modelo Neru solo un color tela Elizabeth POLIESTER', NULL, NULL, 'Remera Polo Ranglan Modelo Neru solo un color tela Elizabeth POLIESTER', 1, 1, 10, '2025-03-10 14:29:24', '2025-03-10 14:29:28', NULL),
	(948, 'RP2-EPC02', 'Remera Polo Ranglan Modelo Neru Con Vivo solo un color tela Elizabeth POLIESTER', NULL, NULL, 'Remera Polo Ranglan Modelo Neru Con Vivo solo un color tela Elizabeth POLIESTER', 1, 1, 10, '2025-03-10 14:29:24', '2025-03-10 14:29:28', NULL),
	(949, 'RP2-EPC03', 'Remera Polo Ranglan Modelo Clasico Tejido solo un color tela Elizabeth POLIESTER', NULL, NULL, 'Remera Polo Ranglan Modelo Clasico Tejido solo un color tela Elizabeth POLIESTER', 1, 1, 10, '2025-03-10 14:29:24', '2025-03-10 14:29:28', NULL),
	(950, 'RP2-EPC04', 'Remera Polo Ranglan Modelo Clasico Entretelado solo un color tela Elizabeth POLIESTER', NULL, NULL, 'Remera Polo Ranglan Modelo Clasico Entretelado solo un color tela Elizabeth POLIESTER', 1, 1, 10, '2025-03-10 14:29:24', '2025-03-10 14:29:28', NULL),
	(951, 'RP2-EPC05', 'Remera Polo Ranglan Modelo Tejido Y Carterita  solo un color tela Elizabeth POLIESTER', NULL, NULL, 'Remera Polo Ranglan Modelo Tejido Y Carterita  solo un color tela Elizabeth POLIESTER', 1, 1, 10, '2025-03-10 14:29:24', '2025-03-10 14:29:28', NULL),
	(952, 'RP2-EPC06', 'Remera Polo Ranglan Modelo Entretelado Y Carterita  solo un color tela Elizabeth POLIESTER', NULL, NULL, 'Remera Polo Ranglan Modelo Entretelado Y Carterita  solo un color tela Elizabeth POLIESTER', 1, 1, 10, '2025-03-10 14:29:24', '2025-03-10 14:29:28', NULL),
	(953, 'RP2-EPC07', 'Remera Polo Ranglan Modelo Tejido Mas V solo un color tela Elizabeth POLIESTER', NULL, NULL, 'Remera Polo Ranglan Modelo Tejido Mas V solo un color tela Elizabeth POLIESTER', 1, 1, 10, '2025-03-10 14:29:24', '2025-03-10 14:29:28', NULL),
	(954, 'RP2-EPC08', 'Remera Polo Ranglan Modelo Entretelado Mas V solo un color tela Elizabeth POLIESTER', NULL, NULL, 'Remera Polo Ranglan Modelo Entretelado Mas V solo un color tela Elizabeth POLIESTER', 1, 1, 10, '2025-03-10 14:29:24', '2025-03-10 14:29:28', NULL),
	(955, 'RP2-EPC09', 'Remera Polo Ranglan Modelo Entretelado Y Cartera 20Cm solo un color tela Elizabeth POLIESTER', NULL, NULL, 'Remera Polo Ranglan Modelo Entretelado Y Cartera 20Cm solo un color tela Elizabeth POLIESTER', 1, 1, 10, '2025-03-10 14:29:24', '2025-03-10 14:29:28', NULL),
	(956, 'RP2-EPC10', 'Remera Polo Ranglan Modelo Tejido Y Cartera 20Cm solo un color tela Elizabeth POLIESTER', NULL, NULL, 'Remera Polo Ranglan Modelo Tejido Y Cartera 20Cm solo un color tela Elizabeth POLIESTER', 1, 1, 10, '2025-03-10 14:29:24', '2025-03-10 14:29:28', NULL),
	(957, 'RP2-EPB01', 'Remera Polo Ranglan Modelo Neru combinacion  tela Elizabeth POLIESTER', NULL, NULL, 'Remera Polo Ranglan Modelo Neru combinacion  tela Elizabeth POLIESTER', 1, 2, 10, '2025-03-10 14:29:24', '2025-03-10 14:29:28', NULL),
	(958, 'RP2-EPB02', 'Remera Polo Ranglan Modelo Neru Con Vivo combinacion  tela Elizabeth POLIESTER', NULL, NULL, 'Remera Polo Ranglan Modelo Neru Con Vivo combinacion  tela Elizabeth POLIESTER', 1, 2, 10, '2025-03-10 14:29:24', '2025-03-10 14:29:28', NULL),
	(959, 'RP2-EPB03', 'Remera Polo Ranglan Modelo Clasico Tejido combinacion  tela Elizabeth POLIESTER', NULL, NULL, 'Remera Polo Ranglan Modelo Clasico Tejido combinacion  tela Elizabeth POLIESTER', 1, 2, 10, '2025-03-10 14:29:24', '2025-03-10 14:29:28', NULL),
	(960, 'RP2-EPB04', 'Remera Polo Ranglan Modelo Clasico Entretelado combinacion  tela Elizabeth POLIESTER', NULL, NULL, 'Remera Polo Ranglan Modelo Clasico Entretelado combinacion  tela Elizabeth POLIESTER', 1, 2, 10, '2025-03-10 14:29:24', '2025-03-10 14:29:28', NULL),
	(961, 'RP2-EPB05', 'Remera Polo Ranglan Modelo Tejido Y Carterita  combinacion  tela Elizabeth POLIESTER', NULL, NULL, 'Remera Polo Ranglan Modelo Tejido Y Carterita  combinacion  tela Elizabeth POLIESTER', 1, 2, 10, '2025-03-10 14:29:24', '2025-03-10 14:29:28', NULL),
	(962, 'RP2-EPB06', 'Remera Polo Ranglan Modelo Entretelado Y Carterita  combinacion  tela Elizabeth POLIESTER', NULL, NULL, 'Remera Polo Ranglan Modelo Entretelado Y Carterita  combinacion  tela Elizabeth POLIESTER', 1, 2, 10, '2025-03-10 14:29:24', '2025-03-10 14:29:28', NULL),
	(963, 'RP2-EPB07', 'Remera Polo Ranglan Modelo Tejido Mas V combinacion  tela Elizabeth POLIESTER', NULL, NULL, 'Remera Polo Ranglan Modelo Tejido Mas V combinacion  tela Elizabeth POLIESTER', 1, 2, 10, '2025-03-10 14:29:24', '2025-03-10 14:29:28', NULL),
	(964, 'RP2-EPB08', 'Remera Polo Ranglan Modelo Entretelado Mas V combinacion  tela Elizabeth POLIESTER', NULL, NULL, 'Remera Polo Ranglan Modelo Entretelado Mas V combinacion  tela Elizabeth POLIESTER', 1, 2, 10, '2025-03-10 14:29:24', '2025-03-10 14:29:28', NULL),
	(965, 'RP2-EPB09', 'Remera Polo Ranglan Modelo Entretelado Y Cartera 20Cm combinacion  tela Elizabeth POLIESTER', NULL, NULL, 'Remera Polo Ranglan Modelo Entretelado Y Cartera 20Cm combinacion  tela Elizabeth POLIESTER', 1, 2, 10, '2025-03-10 14:29:24', '2025-03-10 14:29:28', NULL),
	(966, 'RP2-EPB10', 'Remera Polo Ranglan Modelo Tejido Y Cartera 20Cm combinacion  tela Elizabeth POLIESTER', NULL, NULL, 'Remera Polo Ranglan Modelo Tejido Y Cartera 20Cm combinacion  tela Elizabeth POLIESTER', 1, 2, 10, '2025-03-10 14:29:24', '2025-03-10 14:29:28', NULL),
	(967, 'RP2-EPS01', 'Remera Polo Ranglan Modelo Neru det sublimados tela Elizabeth POLIESTER', NULL, NULL, 'Remera Polo Ranglan Modelo Neru det sublimados tela Elizabeth POLIESTER', 1, 3, 10, '2025-03-10 14:29:24', '2025-03-10 14:29:28', NULL),
	(968, 'RP2-EPS02', 'Remera Polo Ranglan Modelo Neru Con Vivo det sublimados tela Elizabeth POLIESTER', NULL, NULL, 'Remera Polo Ranglan Modelo Neru Con Vivo det sublimados tela Elizabeth POLIESTER', 1, 3, 10, '2025-03-10 14:29:24', '2025-03-10 14:29:28', NULL),
	(969, 'RP2-EPS03', 'Remera Polo Ranglan Modelo Clasico Tejido det sublimados tela Elizabeth POLIESTER', NULL, NULL, 'Remera Polo Ranglan Modelo Clasico Tejido det sublimados tela Elizabeth POLIESTER', 1, 3, 10, '2025-03-10 14:29:24', '2025-03-10 14:29:28', NULL),
	(970, 'RP2-EPS04', 'Remera Polo Ranglan Modelo Clasico Entretelado det sublimados tela Elizabeth POLIESTER', NULL, NULL, 'Remera Polo Ranglan Modelo Clasico Entretelado det sublimados tela Elizabeth POLIESTER', 1, 3, 10, '2025-03-10 14:29:24', '2025-03-10 14:29:28', NULL),
	(971, 'RP2-EPS05', 'Remera Polo Ranglan Modelo Tejido Y Carterita  det sublimados tela Elizabeth POLIESTER', NULL, NULL, 'Remera Polo Ranglan Modelo Tejido Y Carterita  det sublimados tela Elizabeth POLIESTER', 1, 3, 10, '2025-03-10 14:29:24', '2025-03-10 14:29:28', NULL),
	(972, 'RP2-EPS06', 'Remera Polo Ranglan Modelo Entretelado Y Carterita  det sublimados tela Elizabeth POLIESTER', NULL, NULL, 'Remera Polo Ranglan Modelo Entretelado Y Carterita  det sublimados tela Elizabeth POLIESTER', 1, 3, 10, '2025-03-10 14:29:24', '2025-03-10 14:29:28', NULL),
	(973, 'RP2-EPS07', 'Remera Polo Ranglan Modelo Tejido Mas V det sublimados tela Elizabeth POLIESTER', NULL, NULL, 'Remera Polo Ranglan Modelo Tejido Mas V det sublimados tela Elizabeth POLIESTER', 1, 3, 10, '2025-03-10 14:29:24', '2025-03-10 14:29:28', NULL),
	(974, 'RP2-EPS08', 'Remera Polo Ranglan Modelo Entretelado Mas V det sublimados tela Elizabeth POLIESTER', NULL, NULL, 'Remera Polo Ranglan Modelo Entretelado Mas V det sublimados tela Elizabeth POLIESTER', 1, 3, 10, '2025-03-10 14:29:24', '2025-03-10 14:29:28', NULL),
	(975, 'RP2-EPS09', 'Remera Polo Ranglan Modelo Entretelado Y Cartera 20Cm det sublimados tela Elizabeth POLIESTER', NULL, NULL, 'Remera Polo Ranglan Modelo Entretelado Y Cartera 20Cm det sublimados tela Elizabeth POLIESTER', 1, 3, 10, '2025-03-10 14:29:24', '2025-03-10 14:29:28', NULL),
	(976, 'RP2-EPS10', 'Remera Polo Ranglan Modelo Tejido Y Cartera 20Cm det sublimados tela Elizabeth POLIESTER', NULL, NULL, 'Remera Polo Ranglan Modelo Tejido Y Cartera 20Cm det sublimados tela Elizabeth POLIESTER', 1, 3, 10, '2025-03-10 14:29:24', '2025-03-10 14:29:28', NULL),
	(977, 'CML-S03', 'Camisilla Estandar S03', NULL, NULL, '<p>Tejido Dry<br>Cuello V<br>logo sublimado</p>', 1, 3, 2, '2025-03-10 19:20:13', '2025-03-10 19:20:13', '[]'),
	(978, 'CML-A01', 'Camisilla profesional f01', NULL, NULL, '<p>Tela dry machester&nbsp;</p><p>cuello redondo</p><p>sisa doblada</p><p>tira ruedo</p><p>Molde f01 sin mangas</p>', 1, 5, 2, '2025-03-10 19:25:25', '2025-03-10 19:25:25', '[]'),
	(979, 'CML-C01', 'Camisilla Eco 01 camisola', NULL, NULL, '<p>Sisa y cuello doblado</p><p>sublimacion localizada en frente</p>', 1, 1, 2, '2025-03-10 19:45:08', '2025-03-10 19:45:08', '[]'),
	(980, 'MD-F02', 'Media Kanxa Economico', NULL, NULL, '<p>MARCA: KANXA<br>MODELO: ECONÓMICO<br>TEJIDO POLIESTER</p>', 1, 4, 4, '2025-03-10 20:05:01', '2025-03-10 20:05:01', '[]');

-- Volcando datos para la tabla abprod1.product_centers: ~2 rows (aproximadamente)
INSERT INTO `product_centers` (`id`, `product_id`, `center_id`, `price`, `type_of_valuation`, `created_at`, `updated_at`) VALUES
	(1, 16, 4, 1000, 2, '2025-03-08 14:26:02', '2025-03-08 14:26:02'),
	(2, 1, 4, 1000, 1, '2025-03-14 10:47:57', '2025-03-14 10:47:58');

-- Volcando datos para la tabla abprod1.prod_discounts: ~0 rows (aproximadamente)

-- Volcando datos para la tabla abprod1.questions: ~14 rows (aproximadamente)
INSERT INTO `questions` (`id`, `text`, `type`, `options`, `is_required`, `category_id`, `created_at`, `updated_at`) VALUES
	(1, 'Color base', 'string', NULL, 1, 1, '2025-02-26 15:17:22', '2025-02-26 15:17:22'),
	(2, 'Va tener Nombre?', 'list', '["Si","No"]', 0, 1, '2025-02-26 15:17:22', '2025-02-26 15:17:22'),
	(3, 'Va tener Numero?', 'integer', '["Si","No"]', 1, 1, '2025-02-26 15:17:22', '2025-02-26 16:10:47'),
	(4, 'Auspicio Delantero', 'integer', NULL, 1, 1, '2025-02-26 15:17:22', '2025-02-26 16:11:11'),
	(5, 'Auspicio Manga Izquierda', 'integer', NULL, 1, 1, '2025-02-26 15:17:22', '2025-02-26 16:11:32'),
	(6, 'Auspicio Manga Derecha', 'integer', NULL, 1, 1, '2025-02-26 15:17:22', '2025-02-26 16:11:49'),
	(7, 'Tipo de logo', 'list', '["Bordado","UV","Sublimado"]', 1, 2, '2025-02-26 15:17:22', '2025-02-26 15:17:22'),
	(8, 'Serigrafia', 'list', '["Bordado","UV","Sublimado"]', 1, 2, '2025-02-26 15:17:22', '2025-02-26 15:17:22'),
	(9, 'Auspicio Dorso', 'string', NULL, 1, 1, '2025-02-26 16:10:17', '2025-02-26 16:12:23'),
	(10, 'Tipo de logo (bordado,serigrafia o parche)', 'string', NULL, 1, 3, '2025-02-26 16:13:10', '2025-02-26 16:13:25'),
	(11, 'Tipo de tela', 'string', NULL, 0, 3, '2025-02-26 16:13:50', '2025-02-26 16:13:50'),
	(12, 'Color base', 'string', NULL, 0, 3, '2025-02-26 16:14:19', '2025-02-26 16:30:23'),
	(13, 'Color de Short', 'string', NULL, 0, 1, '2025-02-26 19:13:48', '2025-02-26 19:16:27'),
	(14, 'Color de Media', 'string', NULL, 0, 1, '2025-02-26 19:14:04', '2025-02-26 19:14:04'),
	(15, 'Obs general', 'string', NULL, 1, 1, '2025-03-03 17:11:42', '2025-03-03 17:11:42');

-- Volcando datos para la tabla abprod1.question_categories: ~3 rows (aproximadamente)
INSERT INTO `question_categories` (`id`, `name`, `description`, `created_at`, `updated_at`) VALUES
	(1, 'Deportivo', NULL, '2025-02-26 15:17:22', '2025-02-26 15:17:22'),
	(2, 'Escolar', NULL, '2025-02-26 15:17:22', '2025-02-26 15:17:22'),
	(3, 'Empresarial', NULL, '2025-02-26 15:17:22', '2025-02-26 15:17:22');

-- Volcando datos para la tabla abprod1.reorders: ~0 rows (aproximadamente)

-- Volcando datos para la tabla abprod1.roles: ~3 rows (aproximadamente)
INSERT INTO `roles` (`id`, `name`, `guard_name`, `created_at`, `updated_at`) VALUES
	(1, 'panel_user', 'web', '2025-02-10 19:58:53', '2025-02-10 19:58:53'),
	(2, 'super_admin', 'web', '2025-02-10 20:11:49', '2025-02-10 20:11:49'),
	(3, 'vendedor', 'web', '2025-02-10 20:58:22', '2025-02-10 20:58:22'),
	(4, 'Supervisor de ventas', 'web', '2025-03-04 15:39:34', '2025-03-04 15:39:34'),
	(5, 'Supervisor de produccion', 'web', '2025-03-10 20:23:26', '2025-03-13 20:40:25');

-- Volcando datos para la tabla abprod1.role_has_permissions: ~534 rows (aproximadamente)
INSERT INTO `role_has_permissions` (`permission_id`, `role_id`) VALUES
	(1, 2),
	(2, 2),
	(3, 2),
	(4, 2),
	(5, 2),
	(6, 2),
	(7, 2),
	(8, 2),
	(9, 2),
	(10, 2),
	(11, 2),
	(12, 2),
	(13, 2),
	(14, 2),
	(15, 2),
	(16, 2),
	(17, 2),
	(18, 2),
	(19, 2),
	(20, 2),
	(21, 2),
	(22, 2),
	(23, 2),
	(24, 2),
	(25, 2),
	(26, 2),
	(27, 2),
	(28, 2),
	(29, 2),
	(30, 2),
	(31, 2),
	(32, 2),
	(33, 2),
	(34, 2),
	(35, 2),
	(36, 2),
	(37, 2),
	(38, 2),
	(39, 2),
	(40, 2),
	(41, 2),
	(42, 2),
	(43, 2),
	(44, 2),
	(45, 2),
	(46, 2),
	(47, 2),
	(48, 2),
	(49, 2),
	(50, 2),
	(51, 2),
	(52, 2),
	(53, 2),
	(54, 2),
	(55, 2),
	(56, 2),
	(57, 2),
	(58, 2),
	(59, 2),
	(60, 2),
	(61, 2),
	(62, 2),
	(63, 2),
	(64, 2),
	(65, 2),
	(66, 2),
	(67, 2),
	(68, 2),
	(69, 2),
	(70, 2),
	(71, 2),
	(72, 2),
	(73, 2),
	(74, 2),
	(75, 2),
	(76, 2),
	(77, 2),
	(78, 2),
	(79, 2),
	(80, 2),
	(81, 2),
	(82, 2),
	(83, 2),
	(84, 2),
	(85, 2),
	(86, 2),
	(87, 2),
	(88, 2),
	(89, 2),
	(90, 2),
	(91, 2),
	(92, 2),
	(93, 2),
	(94, 2),
	(95, 2),
	(96, 2),
	(97, 2),
	(98, 2),
	(99, 2),
	(100, 2),
	(101, 2),
	(102, 2),
	(103, 2),
	(104, 2),
	(105, 2),
	(106, 2),
	(107, 2),
	(108, 2),
	(109, 2),
	(110, 2),
	(111, 2),
	(112, 2),
	(113, 2),
	(114, 2),
	(115, 2),
	(116, 2),
	(117, 2),
	(118, 2),
	(119, 2),
	(120, 2),
	(121, 2),
	(122, 2),
	(123, 2),
	(124, 2),
	(125, 2),
	(126, 2),
	(127, 2),
	(128, 2),
	(129, 2),
	(130, 2),
	(131, 2),
	(132, 2),
	(133, 2),
	(134, 2),
	(135, 2),
	(136, 2),
	(137, 2),
	(138, 2),
	(139, 2),
	(140, 2),
	(141, 2),
	(142, 2),
	(143, 2),
	(144, 2),
	(145, 2),
	(146, 2),
	(147, 2),
	(148, 2),
	(149, 2),
	(150, 2),
	(151, 2),
	(152, 2),
	(153, 2),
	(154, 2),
	(155, 2),
	(156, 2),
	(157, 2),
	(158, 2),
	(159, 2),
	(160, 2),
	(161, 2),
	(162, 2),
	(163, 2),
	(164, 2),
	(165, 2),
	(166, 2),
	(167, 2),
	(168, 2),
	(169, 2),
	(170, 2),
	(171, 2),
	(172, 2),
	(173, 2),
	(174, 2),
	(175, 2),
	(176, 2),
	(177, 2),
	(178, 2),
	(179, 2),
	(180, 2),
	(181, 2),
	(182, 2),
	(183, 2),
	(184, 2),
	(185, 2),
	(186, 2),
	(187, 2),
	(188, 2),
	(189, 2),
	(190, 2),
	(191, 2),
	(192, 2),
	(193, 2),
	(194, 2),
	(195, 2),
	(196, 2),
	(197, 2),
	(198, 2),
	(199, 2),
	(200, 2),
	(201, 2),
	(202, 2),
	(203, 2),
	(204, 2),
	(205, 2),
	(206, 2),
	(207, 2),
	(208, 2),
	(209, 2),
	(210, 2),
	(211, 2),
	(212, 2),
	(213, 2),
	(214, 2),
	(215, 2),
	(216, 2),
	(217, 2),
	(218, 2),
	(219, 2),
	(220, 2),
	(221, 2),
	(222, 2),
	(223, 2),
	(224, 2),
	(225, 2),
	(226, 2),
	(227, 2),
	(228, 2),
	(229, 2),
	(230, 2),
	(231, 2),
	(232, 2),
	(233, 2),
	(234, 2),
	(235, 2),
	(236, 2),
	(237, 2),
	(238, 2),
	(239, 2),
	(240, 2),
	(241, 2),
	(242, 2),
	(243, 2),
	(244, 2),
	(245, 2),
	(246, 2),
	(247, 2),
	(248, 2),
	(249, 2),
	(250, 2),
	(251, 2),
	(252, 2),
	(253, 2),
	(254, 2),
	(255, 2),
	(256, 2),
	(257, 2),
	(258, 2),
	(259, 2),
	(260, 2),
	(261, 2),
	(262, 2),
	(263, 2),
	(264, 2),
	(265, 2),
	(266, 2),
	(267, 2),
	(268, 2),
	(269, 2),
	(270, 2),
	(271, 2),
	(272, 2),
	(273, 2),
	(274, 2),
	(275, 2),
	(276, 2),
	(277, 2),
	(278, 2),
	(279, 2),
	(280, 2),
	(281, 2),
	(282, 2),
	(283, 2),
	(284, 2),
	(285, 2),
	(286, 2),
	(287, 2),
	(288, 2),
	(289, 2),
	(290, 2),
	(291, 2),
	(292, 2),
	(293, 2),
	(294, 2),
	(295, 2),
	(296, 2),
	(297, 2),
	(298, 2),
	(299, 2),
	(300, 2),
	(301, 2),
	(302, 2),
	(303, 2),
	(304, 2),
	(305, 2),
	(306, 2),
	(307, 2),
	(308, 2),
	(309, 2),
	(310, 2),
	(311, 2),
	(312, 2),
	(313, 2),
	(314, 2),
	(315, 2),
	(316, 2),
	(317, 2),
	(318, 2),
	(319, 2),
	(320, 2),
	(321, 2),
	(322, 2),
	(323, 2),
	(324, 2),
	(325, 2),
	(326, 2),
	(327, 2),
	(328, 2),
	(329, 2),
	(330, 2),
	(331, 2),
	(332, 2),
	(333, 2),
	(334, 2),
	(335, 2),
	(336, 2),
	(337, 2),
	(338, 2),
	(339, 2),
	(340, 2),
	(341, 2),
	(342, 2),
	(343, 2),
	(344, 2),
	(345, 2),
	(346, 2),
	(347, 2),
	(348, 2),
	(349, 2),
	(350, 2),
	(351, 2),
	(352, 2),
	(353, 2),
	(354, 2),
	(355, 2),
	(356, 2),
	(357, 2),
	(358, 2),
	(359, 2),
	(360, 2),
	(361, 2),
	(362, 2),
	(363, 2),
	(364, 2),
	(365, 2),
	(366, 2),
	(367, 2),
	(368, 2),
	(369, 2),
	(370, 2),
	(371, 2),
	(372, 2),
	(373, 2),
	(374, 2),
	(375, 2),
	(376, 2),
	(377, 2),
	(378, 2),
	(379, 2),
	(380, 2),
	(381, 2),
	(382, 2),
	(383, 2),
	(384, 2),
	(385, 2),
	(386, 2),
	(387, 2),
	(388, 2),
	(389, 2),
	(390, 2),
	(391, 2),
	(392, 2),
	(393, 2),
	(394, 2),
	(395, 2),
	(396, 2),
	(397, 2),
	(398, 2),
	(399, 2),
	(400, 2),
	(401, 2),
	(402, 2),
	(403, 2),
	(404, 2),
	(405, 2),
	(406, 2),
	(407, 2),
	(408, 2),
	(409, 2),
	(410, 2),
	(411, 2),
	(412, 2),
	(413, 2),
	(414, 2),
	(415, 2),
	(416, 2),
	(417, 2),
	(418, 2),
	(419, 2),
	(420, 2),
	(421, 2),
	(422, 2),
	(423, 2),
	(424, 2),
	(425, 2),
	(426, 2),
	(427, 2),
	(428, 2),
	(429, 2),
	(430, 2),
	(431, 2),
	(432, 2),
	(433, 2),
	(434, 2),
	(435, 2),
	(436, 2),
	(437, 2),
	(438, 2),
	(439, 2),
	(440, 2),
	(441, 2),
	(442, 2),
	(443, 2),
	(444, 2),
	(445, 2),
	(446, 2),
	(447, 2),
	(448, 2),
	(449, 2),
	(450, 2),
	(451, 2),
	(452, 2),
	(31, 3),
	(32, 3),
	(33, 3),
	(79, 3),
	(80, 3),
	(81, 3),
	(91, 3),
	(92, 3),
	(103, 3),
	(104, 3),
	(115, 3),
	(116, 3),
	(151, 3),
	(152, 3),
	(163, 3),
	(164, 3),
	(265, 3),
	(266, 3),
	(312, 3),
	(268, 4),
	(269, 4),
	(270, 4),
	(271, 4),
	(272, 4),
	(273, 4),
	(274, 4),
	(275, 4),
	(276, 4),
	(277, 4),
	(278, 4),
	(279, 4),
	(286, 4),
	(287, 4),
	(288, 4),
	(289, 4),
	(290, 4),
	(291, 4),
	(292, 4),
	(293, 4),
	(294, 4),
	(295, 4),
	(296, 4),
	(297, 4),
	(298, 4),
	(299, 4),
	(300, 4),
	(301, 4),
	(302, 4),
	(303, 4),
	(304, 4),
	(305, 4),
	(306, 4),
	(307, 4),
	(308, 4),
	(309, 4),
	(19, 5),
	(43, 5),
	(44, 5),
	(45, 5),
	(46, 5),
	(47, 5),
	(48, 5),
	(49, 5),
	(50, 5),
	(51, 5),
	(52, 5),
	(53, 5),
	(54, 5),
	(79, 5),
	(80, 5),
	(91, 5),
	(103, 5),
	(116, 5),
	(128, 5),
	(163, 5),
	(164, 5),
	(187, 5),
	(188, 5),
	(189, 5),
	(190, 5),
	(191, 5),
	(192, 5),
	(194, 5),
	(390, 5),
	(391, 5);

-- Volcando datos para la tabla abprod1.rolls: ~0 rows (aproximadamente)
INSERT INTO `rolls` (`id`, `date`, `impresora`, `created_at`, `updated_at`) VALUES
	(1, '2025-03-08', '300N', '2025-03-08 17:13:19', '2025-03-08 17:13:19'),
	(2, '2025-03-11', '300n', '2025-03-10 16:45:27', '2025-03-10 16:45:27');

-- Volcando datos para la tabla abprod1.roll_errors: ~0 rows (aproximadamente)

-- Volcando datos para la tabla abprod1.roll_prodts: ~0 rows (aproximadamente)

-- Volcando datos para la tabla abprod1.sales_goals: ~8 rows (aproximadamente)
INSERT INTO `sales_goals` (`id`, `team_id`, `user_id`, `month`, `year`, `amount`, `created_at`, `updated_at`) VALUES
	(1, 3, 36, 3, 2025, 100000000, '2025-03-13 21:43:13', '2025-03-13 21:43:13'),
	(2, 3, 12, 3, 2025, 100000000, '2025-03-13 21:43:27', '2025-03-13 21:43:27'),
	(3, 1, 16, 3, 2025, 100000000, '2025-03-13 21:43:41', '2025-03-13 21:43:41'),
	(4, 1, 29, 3, 2025, 100000000, '2025-03-13 21:43:58', '2025-03-13 21:43:58'),
	(5, 2, 50, 3, 2025, 20000000, '2025-03-13 21:44:50', '2025-03-13 21:44:50'),
	(6, 2, 51, 3, 2025, 20000000, '2025-03-13 21:45:00', '2025-03-13 21:45:00'),
	(7, 2, 53, 2, 2025, 20000000, '2025-03-13 21:45:15', '2025-03-13 21:45:15'),
	(8, 2, 55, 3, 2025, 20000000, '2025-03-13 21:45:25', '2025-03-13 21:45:25'),
	(9, 2, 56, 3, 2025, 20000000, '2025-03-13 21:45:36', '2025-03-13 21:45:36');

-- Volcando datos para la tabla abprod1.sizes: ~37 rows (aproximadamente)
INSERT INTO `sizes` (`id`, `name`, `color`, `created_at`, `updated_at`) VALUES
	(1, 'NORMAL', '', '2025-02-26 15:17:22', '2025-02-26 15:17:22'),
	(2, '1A-CAB', 'bg-lightblue', '2025-02-26 15:17:22', '2025-02-26 15:17:22'),
	(3, '1A-DAM', 'bg-lightpink', '2025-02-26 15:17:22', '2025-02-26 15:17:22'),
	(4, '2A-CAB', 'bg-lightblue', '2025-02-26 15:17:22', '2025-02-26 15:17:22'),
	(5, '2A-DAM', 'bg-lightpink', '2025-02-26 15:17:22', '2025-02-26 15:17:22'),
	(6, '4A-CAB', 'bg-lightblue', '2025-02-26 15:17:22', '2025-02-26 15:17:22'),
	(7, '4A-DAM', 'bg-lightpink', '2025-02-26 15:17:22', '2025-02-26 15:17:22'),
	(8, '6A-CAB', 'bg-lightblue', '2025-02-26 15:17:22', '2025-02-26 15:17:22'),
	(9, '6A-DAM', 'bg-lightpink', '2025-02-26 15:17:22', '2025-02-26 15:17:22'),
	(10, '8A-CAB', 'bg-lightblue', '2025-02-26 15:17:22', '2025-02-26 15:17:22'),
	(11, '8A-DAM', 'bg-lightpink', '2025-02-26 15:17:22', '2025-02-26 15:17:22'),
	(12, '10A-CAB', 'bg-lightblue', '2025-02-26 15:17:22', '2025-02-26 15:17:22'),
	(13, '10A-DAM', 'bg-lightpink', '2025-02-26 15:17:22', '2025-02-26 15:17:22'),
	(14, '14A-CAB', 'bg-lightblue', '2025-02-26 15:17:22', '2025-02-26 15:17:22'),
	(15, '14A-DAM', 'bg-lightpink', '2025-02-26 15:17:22', '2025-02-26 15:17:22'),
	(16, '16A-CAB', 'bg-lightblue', '2025-02-26 15:17:22', '2025-02-26 15:17:22'),
	(17, '16A-DAM', 'bg-lightpink', '2025-02-26 15:17:22', '2025-02-26 15:17:22'),
	(18, 'XP-CAB', '', '2025-02-26 15:17:22', '2025-02-26 15:17:22'),
	(19, 'XP-DAM', 'bg-lightpink', '2025-02-26 15:17:22', '2025-02-26 15:17:22'),
	(20, 'P-CAB', '', '2025-02-26 15:17:22', '2025-02-26 15:17:22'),
	(21, 'P-DAM', 'bg-lightpink', '2025-02-26 15:17:22', '2025-02-26 15:17:22'),
	(22, 'M-CAB', '', '2025-02-26 15:17:22', '2025-02-26 15:17:22'),
	(23, 'M-DAM', 'bg-lightpink', '2025-02-26 15:17:22', '2025-02-26 15:17:22'),
	(24, 'G-CAB', '', '2025-02-26 15:17:22', '2025-02-26 15:17:22'),
	(25, 'G-DAM', 'bg-lightpink', '2025-02-26 15:17:22', '2025-02-26 15:17:22'),
	(26, 'XG-CAB', '', '2025-02-26 15:17:22', '2025-02-26 15:17:22'),
	(27, 'XG-DAM', 'bg-lightpink', '2025-02-26 15:17:22', '2025-02-26 15:17:22'),
	(28, '2XG-CAB', '', '2025-02-26 15:17:22', '2025-02-26 15:17:22'),
	(29, '2XG-DAM', 'bg-lightpink', '2025-02-26 15:17:22', '2025-02-26 15:17:22'),
	(30, '3XG-CAB', '', '2025-02-26 15:17:22', '2025-02-26 15:17:22'),
	(31, '3XG-DAM', 'bg-lightpink', '2025-02-26 15:17:22', '2025-02-26 15:17:22'),
	(32, '4XG-CAB', '', '2025-02-26 15:17:22', '2025-02-26 15:17:22'),
	(33, '4XG-DAM', 'bg-lightpink', '2025-02-26 15:17:22', '2025-02-26 15:17:22'),
	(34, '5XG-CAB', '', '2025-02-26 15:17:22', '2025-02-26 15:17:22'),
	(35, '5XG-DAM', 'bg-lightpink', '2025-02-26 15:17:22', '2025-02-26 15:17:22'),
	(36, '6XG-CAB', '', '2025-02-26 15:17:22', '2025-02-26 15:17:22'),
	(37, '6XG-DAM', 'bg-lightpink', '2025-02-26 15:17:22', '2025-02-26 15:17:22');

-- Volcando datos para la tabla abprod1.size_groups: ~4 rows (aproximadamente)
INSERT INTO `size_groups` (`id`, `name`, `created_at`, `updated_at`) VALUES
	(1, 'Adulto XP-XG', '2025-03-08 17:36:55', '2025-03-10 14:22:16'),
	(2, 'Plus 2XG-4XG', '2025-03-08 17:37:09', '2025-03-10 14:23:52'),
	(3, 'Infantil 1 1A-8A', '2025-03-08 17:37:28', '2025-03-10 14:21:10'),
	(4, 'Infantil 2 10A-16A', '2025-03-08 17:37:34', '2025-03-10 14:21:33');

-- Volcando datos para la tabla abprod1.teams: ~4 rows (aproximadamente)
INSERT INTO `teams` (`id`, `name`, `leader_id`, `created_at`, `updated_at`) VALUES
	(1, 'FIDELIZACION', 4, '2025-02-26 17:22:23', '2025-02-26 17:22:23'),
	(2, 'EXTERNO', 4, '2025-02-26 17:22:41', '2025-02-26 17:22:41'),
	(3, 'DIGITAL', 4, '2025-02-26 17:23:19', '2025-02-26 17:23:19'),
	(4, 'COORPORATIVO', 4, '2025-02-26 17:23:48', '2025-02-26 17:23:48');

-- Volcando datos para la tabla abprod1.team_members: ~11 rows (aproximadamente)
INSERT INTO `team_members` (`id`, `team_id`, `user_id`, `created_at`, `updated_at`) VALUES
	(1, 3, 12, '2025-02-26 17:24:10', '2025-02-26 17:24:10'),
	(2, 3, 36, '2025-02-26 17:24:23', '2025-02-26 17:24:23'),
	(3, 1, 16, '2025-02-26 17:24:39', '2025-02-26 17:24:39'),
	(4, 1, 29, '2025-02-26 17:25:09', '2025-02-26 17:25:09'),
	(5, 1, 23, '2025-02-26 17:25:32', '2025-02-26 17:25:32'),
	(7, 2, 50, '2025-03-04 15:36:13', '2025-03-04 15:36:13'),
	(8, 2, 51, '2025-03-04 15:36:25', '2025-03-04 15:36:25'),
	(9, 2, 53, '2025-03-04 15:36:35', '2025-03-04 15:36:35'),
	(10, 2, 54, '2025-03-04 15:36:49', '2025-03-04 15:36:49'),
	(11, 2, 55, '2025-03-04 15:36:57', '2025-03-04 15:36:57'),
	(12, 2, 56, '2025-03-04 15:37:07', '2025-03-04 15:37:07');

-- Volcando datos para la tabla abprod1.users: ~56 rows (aproximadamente)
INSERT INTO `users` (`id`, `name`, `email`, `email_verified_at`, `password`, `remember_token`, `created_at`, `updated_at`) VALUES
	(1, 'daril diaz', 'darildiaz29@gmail.com', NULL, '$2y$12$EK22xXAjhgL0edxtc0IDK.lINVflCQoMz1EfqSFjWViZfKPe97uFG', NULL, '2025-02-26 15:17:22', '2025-02-26 15:17:22'),
	(2, 'admin', 'admin@abdiez.com', NULL, '$2y$12$xzZv5UmAdgWJyXS/K4N98.jYkrwkK84fWqkX13NLyb6EPb6Z10VIC', NULL, '2025-02-26 15:17:22', '2025-02-26 15:17:22'),
	(3, 'vendedor', 'vendedor@abdiez.com', NULL, '$2y$12$VeehDAOlby7TJWx2IcZBn.dAamxkI9ylLScHuHuB8G5ycJ5xKoaQ6', NULL, '2025-02-26 15:17:22', '2025-02-26 15:17:22'),
	(4, 'Aquino Rojas, Rodrigo Fabian', 'raquino@abdiez.com', NULL, '$2y$12$CAM4e7ckzEV2aXQbTR0zyeC2wsxc/hhX/dTMrzxhHXBG8LYp385Lq', NULL, '2025-02-26 15:17:22', '2025-02-26 15:17:22'),
	(5, 'Areco Gòmez, Ilcia Mariela', 'iareco@abdiez.com	', NULL, '$2y$12$8VKwYp.cMoA0Z4pb0H6voO/M6PpAKDqtPryN3WB/kY1yONdQsQUp2', NULL, '2025-02-26 15:17:22', '2025-02-26 15:17:22'),
	(6, 'Arevalos Alvarenga, Ada Ramona', 'aarevalos@abdiez.com', NULL, '$2y$12$SIVSAedorL9vep3oSrhc.eZHF015cMn7ufunfLfyiA9jTgLXuoSRG', NULL, '2025-02-26 15:17:22', '2025-02-26 15:17:22'),
	(7, 'Beraud Fernandez, Isis Maria Jesus', 'iberaud@abdiez.com', NULL, '$2y$12$foZUHEC103gHai.qsY8lmOErE5viGqexpao1D4qTzxqUqSGRv9pzy', 'h1YO1tJV1EaxFmSgVSng4jjLq6BZ8DretJ2SzTAXfvvcRwUdZyQOtIadN2F1', '2025-02-26 15:17:22', '2025-02-26 15:17:22'),
	(8, 'Bogarín Ríos, Adrian Pastor', 'abogarin@abdiez.com', NULL, '$2y$12$0qmJ/71zzGKCX3J2c0iIyeHHztok4en5gVEwZQMbKoIC/Lly43z52', NULL, '2025-02-26 15:17:22', '2025-02-26 15:17:22'),
	(9, 'Cabrera Barua, Laura Patricia', 'pcabrera@abdiez.com', NULL, '$2y$12$P.yRUeS5GNR/sUqlsPjw6uDgtOxj8idn7VUEKoXXljtdityrqpShy', NULL, '2025-02-26 15:17:22', '2025-02-26 15:17:22'),
	(10, 'Carballo,Antonio', 'acarballo@abdiez.com	', NULL, '$2y$12$956FBWoE3qa.1J8cAT2O8u/NBhAVSQANgicSRD7/wO9fwLhO/hw3K', NULL, '2025-02-26 15:17:22', '2025-02-26 15:17:22'),
	(11, 'Castillo Ortiz, Jesús Alberto', 'jcastillo@abdiez.com', NULL, '$2y$12$mJkuWBVVVRmleKu7wdc/IumGkJGiFlKA5bZ0p0fi.EbIDKIoI2WGW', NULL, '2025-02-26 15:17:22', '2025-02-26 15:17:22'),
	(12, 'Colmán, Liz Sandra', 'lcolman@abdiez.com', NULL, '$2y$12$l/n877YTl2CbLYWieWvPNupG6u.JHd86yxbOIX8Bzof6l7LQn6i/2', 'nXf2nhQxpoHSIHbe9Yk9nPGyATttvkDtCF3ZY7uRcFWg0yNSrn0KlP7vSk5T', '2025-02-26 15:17:22', '2025-02-26 15:17:22'),
	(13, 'Dìaz, Daril Andres', 'ddiaz@abdiez.com', NULL, '$2y$12$AE0OGRBBuhLmaEEvX83An.Wr40N8gRnAPT6o4tFzsw0Fxfw7R7mEq', NULL, '2025-02-26 15:17:22', '2025-02-26 15:17:22'),
	(14, 'Duarte Medina, Ana Liz', 'aduarte@abdiez.com', NULL, '$2y$12$QJNH6cecTa/RgjFqQDctsO8zQrvVJ9ZFbHvJk2QLBPcdKJJjp114a', NULL, '2025-02-26 15:17:22', '2025-02-26 15:17:22'),
	(15, 'Espinola Martinez, Mario', 'mespinola@abdiez.com', NULL, '$2y$12$r0DnJdJJObhC.3K29TTLf.Et105869BmoxroTpgOPRboai.OE0fRC', NULL, '2025-02-26 15:17:22', '2025-02-26 15:17:22'),
	(16, 'Espinola Ramírez, Liz Romina', 'respinola@abdiez.com', NULL, '$2y$12$hnMviZBEe7qzlQUdW/YC7OY8aKJ1QRJxFGD2fgUMYydsgZpZd.n0u', NULL, '2025-02-26 15:17:22', '2025-02-26 15:17:22'),
	(17, 'Irala Cassera, Nadia Monserrath', 'nirala@abdiez.com', NULL, '$2y$12$.PF8fbUBpLhgL6H4u/ZzP.7jHxFxjLQ3hTXNHrIum.z6iFkL/YIrW', NULL, '2025-02-26 15:17:22', '2025-02-26 15:17:22'),
	(18, 'López, Anibal', 'alopez@abdiez.com', NULL, '$2y$12$UdLoYYHp/.aKf4301lCfaesmX5J5/CpptzpNeUg8pZnWjmD7NhsAO', NULL, '2025-02-26 15:17:22', '2025-02-26 15:17:22'),
	(19, 'López, Norma', 'nlopez@abdiez.com', NULL, '$2y$12$ebyCGLvgfgo6rhcxWZCl6ekAQwBXFeczdtIu0U9diiqjYbL7j3.Sy', NULL, '2025-02-26 15:17:22', '2025-02-26 15:17:22'),
	(20, 'López Osmar', 'olopez@abdiez.com', NULL, '$2y$12$7LFZiGLnFjyO.KJzL8CfdOGAkRMBT/hBjJGDKWBHmkh9dMHVYJRH6', NULL, '2025-02-26 15:17:22', '2025-02-26 15:17:22'),
	(21, 'Mancuello, Miryam', 'mmancuello@abdiez.com', NULL, '$2y$12$tv4sF2KaJ6onJGYlGQISHOHuJEaPIYXrWtCxTmMxvlkptZEq212yC', NULL, '2025-02-26 15:17:22', '2025-02-26 15:17:22'),
	(22, 'Martiinez , Leticia', 'lmartinez@abdiez.com', NULL, '$2y$12$ANMXqiXYsP4dxubbcoVYueMCTs4zIUxXZPDDG0eswauJv5uNx8aEK', NULL, '2025-02-26 15:17:22', '2025-02-26 15:17:22'),
	(23, 'Martinez Rojas, Fatima', 'fmartinez@abdiez.com', NULL, '$2y$12$67BPS/FXt3LSIdLllP4/U.AKjdu6O5IH9pL5rI95KqCwt/4kf8Y2.', NULL, '2025-02-26 15:17:22', '2025-02-26 15:17:22'),
	(24, 'Meza Bogarin, Marcial Tobías Isaac', 'mmeza@abdiez.com', NULL, '$2y$12$ylvnqAfwK5VKjr5m30b7MuBB6OBsL1ZPKIynAu0Nrbq5aZWBpKi5i', NULL, '2025-02-26 15:17:22', '2025-02-26 15:17:22'),
	(25, 'Mora Palacios, Cesar Benito	', 'cmora@abdiez.com', NULL, '$2y$12$eywg7Ig.Kq31GPyDI0FSD.DLFc9QhJDfS6cuXLn9Id5boKZcyz37a', NULL, '2025-02-26 15:17:22', '2025-02-26 15:17:22'),
	(26, 'Ozorio Huchense, Ynocencia', 'yozorio@abdiez.com', NULL, '$2y$12$l2tFkqyrpU6wF4zWUNw2He5.6gd7qNRwkLKWVxP1kWblmHJ8emqI2', NULL, '2025-02-26 15:17:22', '2025-02-26 15:17:22'),
	(27, 'Peña Javier', 'lpeña@abdiez.com', NULL, '$2y$12$rACQV6AiBXdv4h9B4Quls.EmHtw9IKHoy.8NOFDTAHv/zGHxxmbB.', NULL, '2025-02-26 15:17:22', '2025-02-26 15:17:22'),
	(28, 'Ramirez, Julio', 'jramirez@abdiez.com', NULL, '$2y$12$S2mFy33DobV8z/5sewv.1eSf0ifvlcofqi/Y/pSHmTuQpT5z/WBuC', NULL, '2025-02-26 15:17:22', '2025-02-26 15:17:22'),
	(29, 'Ramirez Alegre, Laura Carolina	', 'lramirez@abdiez.com', NULL, '$2y$12$7qOLR45qRCoIPileCnTRrOY53M6fM.HR83qxeld9LZFJQrBgg6T1q', NULL, '2025-02-26 15:17:22', '2025-02-26 15:17:22'),
	(30, 'Ramos, Nelly', 'nramos@abdiez.com', NULL, '$2y$12$H8bq51IQV/m9ATkn3ptwcedF13m2u5tZc.x20EkDx70otC8Ej7Gq2', NULL, '2025-02-26 15:17:22', '2025-02-26 15:17:22'),
	(31, 'Rojas Barua, Olga María Liz', 'orojas@abdiez.com', NULL, '$2y$12$176SrUYEKav/wYBx01Fgs.ZBtasnnRon9zsDth4bn7lYEjBL.REdi', NULL, '2025-02-26 15:17:22', '2025-02-26 15:17:22'),
	(32, 'Rojas Insaurralde,Carlos Enrique', 'lrojas@abdiez.com', NULL, '$2y$12$LevlaBktusKVDq/zu.vh7urYwplOSmqIr97Bm9ojg8R0sGsZpsbMa', NULL, '2025-02-26 15:17:22', '2025-02-26 15:17:22'),
	(33, 'Ruíz Britez, Areli', 'arruiz@abdiez.com', NULL, '$2y$12$VbhCny6TftCQ/1FN4hA6GufNYRjnmWlVICzoiTmomFj6PhxVP84hq', NULL, '2025-02-26 15:17:22', '2025-02-26 15:17:22'),
	(34, 'Ruiz Britez, David Abdias', 'druiz@abdiez.com	', NULL, '$2y$12$sBNzGfw6TU74K4aH71vBjeej2sUGQJcRRtBjLJ.2LqM4rPBaObRmC', NULL, '2025-02-26 15:17:22', '2025-02-26 15:17:22'),
	(35, 'Ruíz Martinez, Angela del Rosario', 'aruiz@abdiez.com', NULL, '$2y$12$wFy3Bn3C8kmRJ2zXridrtuLC7CfzrD8RmUlUJ5X6/5DXy.QclOTfK', NULL, '2025-02-26 15:17:22', '2025-02-26 15:17:22'),
	(36, 'Sorensen, Pedro', 'psorensen@abdiez.com', NULL, '$2y$12$WNIe0LCVwgbdelJ35rsMi.n8qSErWzb1b1SqCZ.aDjAXFgQlZCX.2', NULL, '2025-02-26 15:17:22', '2025-02-26 15:17:22'),
	(37, 'Vera Garcìa , Ronaldo Ruben', 'lvera@abdiez.com', NULL, '$2y$12$4K8Vky50GiD/pKb9bj/F5OUV.culVCZ1vNGca3e/oLINWEbSluMxG', NULL, '2025-02-26 15:17:22', '2025-02-26 15:17:22'),
	(38, 'Villalba, Alder	', 'avillalba@abdiez.com', NULL, '$2y$12$FsIWIHVo60.fDpxKiZU99.Hr9mXwkldYMey4PbrQiqf4UGFYhz3hG', NULL, '2025-02-26 15:17:22', '2025-02-26 15:17:22'),
	(39, 'Caballero López, Enry David', 'ecaballero@abdiez.com', NULL, '$2y$12$yFFmzYoRlunZmZtki36r6ueSsBTaBr.uRBgsYLiEvoA2OGxpkyuIy', NULL, '2025-02-26 15:17:22', '2025-02-26 15:17:22'),
	(40, 'Meza Gayozo, Cesar Ramón', 'cmeza@abdiez.com', NULL, '$2y$12$XmpA8SxmpemVER3Iftj3de5RpIj8XkriBTuNGdRNV7JVu8yI0Hgdq', NULL, '2025-02-26 15:17:22', '2025-02-26 15:17:22'),
	(41, 'Vera Acosta, Feliciano', 'fvera@abdiez.com', NULL, '$2y$12$LKGLOTI8RGfHQJgvZmpmPO/KXafN7/fjVvedS.bE1.jbxnQNDz85S', NULL, '2025-02-26 15:17:22', '2025-02-26 15:17:22'),
	(42, 'Viky', 'lviky@abdiez.com', NULL, '$2y$12$ZYTnxxtXic0ZVxJ9Xeamc.SdNKuXsqi0wfDACbvjNwjCPDxEQcojy', NULL, '2025-02-26 15:17:22', '2025-02-26 15:17:22'),
	(43, 'Perla', 'perla.taller@abdiez.com', NULL, '$2y$12$NHlCg67potLGA4z5hyMTiesN11YK6EgBTitlrIgLC8tXoQAp0kh02', NULL, '2025-02-26 15:17:22', '2025-02-26 15:17:22'),
	(44, 'Mauro', 'mauro.taller@abdiez.com', NULL, '$2y$12$g52jt5Mo8iPN5PsHNf2sF.TWREmTG.qcrmixlFsxZiNwOBwJ.8H26', NULL, '2025-02-26 15:17:22', '2025-02-26 15:17:22'),
	(45, 'Marciano', 'marciano.taller@abdiez.com', NULL, '$2y$12$I/ihUbH03m4ZSJ0P81cFD.NfAC34jPiG3oJd2ClJXm.k4.Shot3zW', NULL, '2025-02-26 15:17:22', '2025-02-26 15:17:22'),
	(46, 'Diosnel', 'diosnel.taller@abdiez.com', NULL, '$2y$12$SA1c5xaNDt6lWCtku0zHUuLVrJLCS3t0ocIs1U8wm51hfWpqgxUsq', NULL, '2025-02-26 15:17:22', '2025-02-26 15:17:22'),
	(47, 'Angela Jara', 'Ajara.taller@abdiez.com', NULL, '$2y$12$FXSklXIReoJ7Xi/pydqEn.4qOIDVGKdo8.m1zzdnh1A6bzgkAEWrC', NULL, '2025-02-26 15:17:22', '2025-02-26 15:17:22'),
	(48, 'Anicia', 'anicia.taller@abdiez.com', NULL, '$2y$12$NRLdT9KDz9mNW7Ci13/YYONl3uZ5G0x3YCoDHsq9oDPyZzyYbZIKW', NULL, '2025-02-26 15:17:22', '2025-02-26 15:17:22'),
	(49, 'Yolanda', 'yolanda.taller@abdiez.com', NULL, '$2y$12$vCHwquzAseVey7MOo3PSduYhHSomP.BYGsRzkHPsnAzxiT3px591q', NULL, '2025-02-26 15:17:22', '2025-02-26 15:17:22'),
	(50, 'Alex Quintana', 'aquintana@abdiez.com', NULL, '$2y$12$VQ/CrLkGlHd97jTcHBXlPecqp/1K.2d9Fz6SqSlwg/FYeg6ROQ/uO', NULL, '2025-03-04 15:30:32', '2025-03-04 15:30:32'),
	(51, 'Cecilio Sanabria', 'csanabria@abdiez.com', NULL, '$2y$12$szd44ArAiGXmlTGlOSyy1.hzFTvo8HXLVomCVPS/mbWRtkkZYGnFK', NULL, '2025-03-04 15:31:10', '2025-03-04 15:31:10'),
	(52, 'Eladio Cristaldo', 'ecristaldo@abdiez.com', NULL, '$2y$12$vDhvBcRjK8zz7NoZAEV0l.M.Q2mns58FJoy6IcCNK.1PL19C.2jQu', NULL, '2025-03-04 15:33:30', '2025-03-04 15:33:30'),
	(53, 'halicher Valiente', 'hvaliente@abdiez.com', NULL, '$2y$12$uoWTJipXjyaPhQg7bWWfku3JSCWxRznLjcO/MX9oi6AOzywmSCZ6G', NULL, '2025-03-04 15:34:06', '2025-03-04 15:34:06'),
	(54, 'Isidro Davalos', 'idavalos@abdiez.com', NULL, '$2y$12$pdNDSY8xE2tgnZJjy22ZqeD.A2aZH3A2lNhx3RAcXR25afVUsCo0m', NULL, '2025-03-04 15:34:35', '2025-03-04 15:34:35'),
	(55, 'Sonia Razka', 'srazka@abdiez.com', NULL, '$2y$12$t9uNXPvRpa61OEDMZSQyv.CDGVkuBkF1yiM91WD4ZC7wISW9afqZe', NULL, '2025-03-04 15:35:05', '2025-03-04 15:35:05'),
	(56, 'Francisco Amaro', 'famaro@abdiez.com', NULL, '$2y$12$MeLIJBQTCZu54FvR7CQGgetTKxyxRXXHCJSBTsfx1EasU0WbrwmXK', NULL, '2025-03-04 15:35:38', '2025-03-04 15:35:38');

/*!40103 SET TIME_ZONE=IFNULL(@OLD_TIME_ZONE, 'system') */;
/*!40101 SET SQL_MODE=IFNULL(@OLD_SQL_MODE, '') */;
/*!40014 SET FOREIGN_KEY_CHECKS=IFNULL(@OLD_FOREIGN_KEY_CHECKS, 1) */;
/*!40101 SET CHARACTER_SET_CLIENT=@OLD_CHARACTER_SET_CLIENT */;
/*!40111 SET SQL_NOTES=IFNULL(@OLD_SQL_NOTES, 1) */;
