-- --------------------------------------------------------
-- Host:                         127.0.0.1
-- Versión del servidor:         8.0.30 - MySQL Community Server - GPL
-- SO del servidor:              Win64
-- HeidiSQL Versión:             12.1.0.6537
-- --------------------------------------------------------

/*!40101 SET @OLD_CHARACTER_SET_CLIENT=@@CHARACTER_SET_CLIENT */;
/*!40101 SET NAMES utf8 */;
/*!50503 SET NAMES utf8mb4 */;
/*!40103 SET @OLD_TIME_ZONE=@@TIME_ZONE */;
/*!40103 SET TIME_ZONE='+00:00' */;
/*!40014 SET @OLD_FOREIGN_KEY_CHECKS=@@FOREIGN_KEY_CHECKS, FOREIGN_KEY_CHECKS=0 */;
/*!40101 SET @OLD_SQL_MODE=@@SQL_MODE, SQL_MODE='NO_AUTO_VALUE_ON_ZERO' */;
/*!40111 SET @OLD_SQL_NOTES=@@SQL_NOTES, SQL_NOTES=0 */;

-- Volcando datos para la tabla abprod.categories: ~24 rows (aproximadamente)
INSERT INTO `categories` (`id`, `name`, `code`, `description`, `order`, `is_important`, `created_at`, `updated_at`) VALUES
	(1, 'Camiseta', 'CAM', NULL, 1, 1, '2025-02-19 17:30:11', '2025-02-19 17:30:11'),
	(2, 'Camisilla', 'CMLL', NULL, 2, 1, '2025-02-19 17:30:11', '2025-02-19 17:30:11'),
	(3, 'Short', 'SHT', NULL, 3, 1, '2025-02-19 17:30:11', '2025-02-19 17:30:11'),
	(4, 'Media', 'MED', NULL, 4, 1, '2025-02-19 17:30:11', '2025-02-19 17:30:11'),
	(5, 'Camiseta Manga largas', 'CAMLL', NULL, 5, 1, '2025-02-19 17:30:11', '2025-02-19 17:30:11'),
	(6, 'Botinera', 'BTN', NULL, 6, 1, '2025-02-19 17:30:11', '2025-02-19 17:30:11'),
	(7, 'Blusa', 'BLU', NULL, 7, 1, '2025-02-19 17:30:11', '2025-02-19 17:30:11'),
	(8, 'Camisa', 'CMS', NULL, 8, 1, '2025-02-19 17:30:11', '2025-02-19 17:30:11'),
	(9, 'Remera de algodon ', 'REM', NULL, 9, 1, '2025-02-19 17:30:11', '2025-02-19 17:38:10'),
	(10, 'Remera Polo', 'RP', NULL, 10, 1, '2025-02-19 17:30:11', '2025-02-19 17:30:11'),
	(11, 'Cuellera', 'CUE', NULL, 11, 1, '2025-02-19 17:30:11', '2025-02-19 17:30:11'),
	(12, 'Bandera', 'BDR', NULL, 12, 1, '2025-02-19 17:30:11', '2025-02-19 17:30:11'),
	(13, 'Brazalete', 'BRZ', NULL, 13, 1, '2025-02-19 17:30:11', '2025-02-19 17:30:11'),
	(14, 'Bata Médica', 'BMD', NULL, 14, 1, '2025-02-19 17:30:11', '2025-02-19 17:30:11'),
	(15, 'Bincha', 'BIN', NULL, 15, 1, '2025-02-19 17:30:11', '2025-02-19 17:30:11'),
	(16, 'Crop Top de Algodón', 'CTA', NULL, 16, 1, '2025-02-19 17:30:11', '2025-02-19 17:30:11'),
	(17, 'Body', 'BDY', NULL, 17, 1, '2025-02-19 17:30:11', '2025-02-19 17:30:11'),
	(18, 'Accesorio', 'ACC', NULL, 18, 1, '2025-02-19 17:30:11', '2025-02-19 17:30:11'),
	(19, 'Campera', 'CMP', NULL, 19, 1, '2025-02-19 17:30:11', '2025-02-19 17:30:11'),
	(20, 'Canguro', 'CNG', NULL, 20, 1, '2025-02-19 17:30:11', '2025-02-19 17:30:11'),
	(21, 'Chaleco', 'CHL', NULL, 21, 1, '2025-02-19 17:30:11', '2025-02-19 17:30:11'),
	(22, 'Chaqueta', 'CHQ', NULL, 22, 1, '2025-02-19 17:30:11', '2025-02-19 17:30:11'),
	(23, 'Chomba', 'CHM', NULL, 23, 1, '2025-02-19 17:30:11', '2025-02-19 17:30:11'),
	(24, 'Ciclista', 'CIC', NULL, 24, 1, '2025-02-19 17:30:11', '2025-02-19 17:30:11'),
	(25, 'Pantalon', 'PTN', NULL, 0, 0, '2025-02-19 17:37:49', '2025-02-19 17:37:49'),
	(26, 'Saco', 'SC', NULL, 8, 1, '2025-02-19 17:39:00', '2025-02-19 17:39:00');

-- Volcando datos para la tabla abprod.centers: ~9 rows (aproximadamente)
INSERT INTO `centers` (`id`, `name`, `level`, `created_at`, `updated_at`) VALUES
	(1, 'Diagramacion', 1, '2025-02-19 17:30:11', '2025-02-19 17:30:11'),
	(2, 'Impresion', 2, '2025-02-19 17:30:11', '2025-02-19 17:30:11'),
	(3, 'Sublimacion', 3, '2025-02-19 17:30:11', '2025-02-19 17:30:11'),
	(4, 'Corte', 4, '2025-02-19 17:30:11', '2025-02-19 17:30:11'),
	(5, 'Taller', 5, '2025-02-19 17:30:11', '2025-02-19 17:30:11'),
	(6, 'Plancha', 6, '2025-02-19 17:30:11', '2025-02-19 17:30:11'),
	(7, 'Vinilo y terminado', 7, '2025-02-19 17:30:11', '2025-02-19 17:30:11'),
	(8, 'Bordado', 8, '2025-02-19 17:30:11', '2025-02-19 17:30:11'),
	(9, 'Empaque', 9, '2025-02-19 17:30:11', '2025-02-19 17:30:11');

-- Volcando datos para la tabla abprod.class_centers: ~0 rows (aproximadamente)

-- Volcando datos para la tabla abprod.customers: ~0 rows (aproximadamente)
INSERT INTO `customers` (`id`, `nif`, `name`, `address`, `phone`, `user_id`, `created_at`, `updated_at`) VALUES
	(1, '5192306', 'Daril Diaz', 'Horqueta', '0972813605', 1, '2025-02-19 17:30:11', '2025-02-19 17:30:11');

-- Volcando datos para la tabla abprod.discounts: ~0 rows (aproximadamente)

-- Volcando datos para la tabla abprod.error_orders: ~0 rows (aproximadamente)

-- Volcando datos para la tabla abprod.failed_jobs: ~0 rows (aproximadamente)

-- Volcando datos para la tabla abprod.lines: ~8 rows (aproximadamente)
INSERT INTO `lines` (`id`, `code`, `name`, `created_at`, `updated_at`) VALUES
	(1, 'C', 'Eco', '2025-02-19 17:30:11', '2025-02-19 17:30:11'),
	(2, 'B', 'Basic', '2025-02-19 17:30:11', '2025-02-19 17:30:11'),
	(3, 'S', 'Estandar', '2025-02-19 17:30:11', '2025-02-19 17:30:11'),
	(4, 'F', 'Oficial', '2025-02-19 17:30:11', '2025-02-19 17:30:11'),
	(5, 'A', 'Profesional', '2025-02-19 17:30:11', '2025-02-19 17:30:11'),
	(6, 'R', 'Semi Profesional', '2025-02-19 17:30:11', '2025-02-19 17:30:11'),
	(7, 'PR', 'Premium', '2025-02-19 17:30:11', '2025-02-19 17:30:11'),
	(8, 'E', 'Elite', '2025-02-19 17:30:11', '2025-02-19 17:30:11');

-- Volcando datos para la tabla abprod.migrations: ~0 rows (aproximadamente)
INSERT INTO `migrations` (`id`, `migration`, `batch`) VALUES
	(1, '2014_10_12_000000_create_users_table', 1),
	(2, '2014_10_12_100000_create_password_reset_tokens_table', 1),
	(3, '2019_08_19_000000_create_failed_jobs_table', 1),
	(4, '2019_12_14_000001_create_personal_access_tokens_table', 1),
	(5, '2025_01_27_125717_create_lines_table', 1),
	(6, '2025_01_27_133809_create_categories_table', 1),
	(7, '2025_01_27_133809_create_sizes_table', 1),
	(8, '2025_01_27_133809_create_teams_table', 1),
	(9, '2025_01_27_133810_create_products_table', 1),
	(10, '2025_01_27_133811_create_centers_table', 1),
	(11, '2025_01_27_133811_create_discounts_table', 1),
	(12, '2025_01_27_133811_create_prices_table', 1),
	(13, '2025_01_27_133811_create_product_centers_table', 1),
	(14, '2025_01_27_133812_create_operators_table', 1),
	(15, '2025_01_27_133813_create_question_categories_table', 1),
	(16, '2025_01_27_133813_create_questions_table', 1),
	(17, '2025_01_27_133814_create_customers_table', 1),
	(18, '2025_01_27_133814_create_orders_table', 1),
	(19, '2025_01_27_133814_create_production_table', 1),
	(20, '2025_01_27_133815_create_order_items_table', 1),
	(21, '2025_01_27_133815_create_order_molds_table', 1),
	(22, '2025_01_27_133815_create_productiondets_table', 1),
	(23, '2025_01_27_133816_create_order_references_table', 1),
	(24, '2025_01_27_133817_create_order_item_products_table', 1),
	(25, '2025_01_27_133817_create_orderquestionanswers_table', 1),
	(26, '2025_02_08_124953_create_parts_table', 1),
	(27, '2025_02_08_125001_create_error_orders_table', 1),
	(28, '2025_02_08_125008_create_reorders_table', 1),
	(29, '2025_02_08_142106_create_permission_tables', 1),
	(30, '2025_02_10_173900_create_sales_goals_table', 1),
	(31, '2025_02_10_173900_create_team_members_table', 1),
	(32, '2025_02_12_201940_create_class_centers_table', 1),
	(33, '2025_02_12_202013_create_plannings_table', 1);

-- Volcando datos para la tabla abprod.model_has_permissions: ~0 rows (aproximadamente)

-- Volcando datos para la tabla abprod.model_has_roles: ~2 rows (aproximadamente)
INSERT INTO `model_has_roles` (`role_id`, `model_type`, `model_id`) VALUES
	(2, 'App\\Models\\User', 1),
	(3, 'App\\Models\\User', 3);

-- Volcando datos para la tabla abprod.operators: ~0 rows (aproximadamente)
INSERT INTO `operators` (`id`, `name`, `position`, `user_id`, `center_id`, `created_at`, `updated_at`) VALUES
	(1, 'Tobias', 'Diagramador', 1, 1, '2025-02-19 17:30:11', '2025-02-19 17:30:11');

-- Volcando datos para la tabla abprod.orders: ~0 rows (aproximadamente)
INSERT INTO `orders` (`id`, `bitrix_id`, `customer_id`, `seller_id`, `team_id`, `reference_name`, `issue_date`, `delivery_date`, `shipping_date`, `completion_date`, `total`, `classification_id`, `status`, `created_at`, `updated_at`) VALUES
	(1, NULL, 1, 3, 1, 'jhjhj', '2025-02-19', '2025-03-01', NULL, NULL, 2360000, 1, 0, '2025-02-19 22:34:27', '2025-02-19 22:34:27');

-- Volcando datos para la tabla abprod.order_items: ~0 rows (aproximadamente)
INSERT INTO `order_items` (`id`, `order_id`, `item`, `model`, `name`, `number`, `other`, `size_id`, `quantity`, `price`, `subtotal`, `discount`, `product_id`, `created_at`, `updated_at`) VALUES
	(1, 1, 1, 'Modelo 1', 'jugador 2', '1', '0rh+', 24, 1, 130000, 130000, 0, '[23, 33]', '2025-02-19 22:34:27', '2025-02-19 22:34:27'),
	(2, 1, 2, 'Modelo 1', 'jugador 2', '1', '0rh+', 24, 1, 130000, 130000, 0, '[23, 33]', '2025-02-19 22:34:27', '2025-02-19 22:34:27'),
	(3, 1, 3, 'Modelo 1', 'jugador 2', '1', '0rh+', 24, 1, 130000, 130000, 0, '[23, 33]', '2025-02-19 22:34:27', '2025-02-19 22:34:27'),
	(4, 1, 4, 'Modelo 1', 'jugador 2', '1', '0rh+', 25, 1, 130000, 130000, 0, '[23, 33]', '2025-02-19 22:34:27', '2025-02-19 22:34:27'),
	(5, 1, 5, 'Modelo 1', 'jugador 1', '10', '0rh+', 22, 1, 130000, 130000, 0, '[23, 33]', '2025-02-19 22:34:27', '2025-02-19 22:34:27'),
	(6, 1, 6, 'Modelo 1', 'jugador 1', '10', '0rh+', 23, 1, 130000, 130000, 0, '[23, 33]', '2025-02-19 22:34:27', '2025-02-19 22:34:27'),
	(7, 1, 7, 'Modelo 1', 'jugador 3', NULL, '0rh+', 20, 2, 130000, 260000, 0, '[23, 33]', '2025-02-19 22:34:27', '2025-02-19 22:34:27'),
	(8, 1, 8, 'Modelo 1', 'jugador 3', NULL, '0rh+', 20, 2, 130000, 260000, 0, '[23, 33]', '2025-02-19 22:34:27', '2025-02-19 22:34:27'),
	(9, 1, 9, 'Modelo 1', 'jugador 3', NULL, '0rh+', 20, 2, 130000, 260000, 0, '[23, 33]', '2025-02-19 22:34:27', '2025-02-19 22:34:27'),
	(10, 1, 10, 'Modelo 1', 'jugador 3', NULL, '0rh+', 20, 2, 130000, 260000, 0, '[23, 33]', '2025-02-19 22:34:27', '2025-02-19 22:34:27'),
	(11, 1, 11, 'Modelo 1', 'jugador 2', '1', '0rh+', 24, 1, 90000, 90000, 0, '[23]', '2025-02-19 22:34:27', '2025-02-19 22:34:27'),
	(12, 1, 12, 'Modelo 1', 'jugador 1', '10', '0rh+', 22, 1, 90000, 90000, 0, '[23]', '2025-02-19 22:34:27', '2025-02-19 22:34:27'),
	(13, 1, 13, 'Modelo 1', 'jugador 1', '10', '0rh+', 22, 1, 90000, 90000, 0, '[23]', '2025-02-19 22:34:27', '2025-02-19 22:34:27'),
	(14, 1, 14, 'Modelo 1', 'jugador 1', '10', '0rh+', 22, 1, 90000, 90000, 0, '[23]', '2025-02-19 22:34:27', '2025-02-19 22:34:27'),
	(15, 1, 15, 'Modelo 1', 'jugador 3', NULL, '0rh+', 20, 2, 90000, 180000, 0, '[23]', '2025-02-19 22:34:27', '2025-02-19 22:34:27');

-- Volcando datos para la tabla abprod.order_item_products: ~0 rows (aproximadamente)

-- Volcando datos para la tabla abprod.order_molds: ~0 rows (aproximadamente)
INSERT INTO `order_molds` (`id`, `order_id`, `title`, `imagen`, `created_at`, `updated_at`) VALUES
	(1, 1, 'MODELO 1', 'orders/01JMFV8NGTKB2YXZ9GCA3470RV.HEIC', '2025-02-19 22:34:27', '2025-02-19 22:34:27');

-- Volcando datos para la tabla abprod.order_question_answers: ~0 rows (aproximadamente)
INSERT INTO `order_question_answers` (`id`, `order_id`, `question_id`, `answer`, `created_at`, `updated_at`) VALUES
	(1, 1, 1, '704', '2025-02-19 22:34:27', '2025-02-19 22:34:27'),
	(2, 1, 2, 'si', '2025-02-19 22:34:27', '2025-02-19 22:34:27'),
	(3, 1, 3, '5', '2025-02-19 22:34:27', '2025-02-19 22:34:27');

-- Volcando datos para la tabla abprod.order_references: ~0 rows (aproximadamente)
INSERT INTO `order_references` (`id`, `order_id`, `item`, `product_id`, `size_id`, `quantity`, `price`, `discount`, `created_at`, `updated_at`) VALUES
	(1, 1, 1, 23, 24, 1, 90000, 0, '2025-02-19 22:34:27', '2025-02-19 22:34:27'),
	(2, 1, 1, 33, 24, 1, 40000, 0, '2025-02-19 22:34:27', '2025-02-19 22:34:27'),
	(3, 1, 2, 23, 24, 1, 90000, 0, '2025-02-19 22:34:27', '2025-02-19 22:34:27'),
	(4, 1, 2, 33, 24, 1, 40000, 0, '2025-02-19 22:34:27', '2025-02-19 22:34:27'),
	(5, 1, 3, 23, 24, 1, 90000, 0, '2025-02-19 22:34:27', '2025-02-19 22:34:27'),
	(6, 1, 3, 33, 24, 1, 40000, 0, '2025-02-19 22:34:27', '2025-02-19 22:34:27'),
	(7, 1, 4, 23, 25, 1, 90000, 0, '2025-02-19 22:34:27', '2025-02-19 22:34:27'),
	(8, 1, 4, 33, 25, 1, 40000, 0, '2025-02-19 22:34:27', '2025-02-19 22:34:27'),
	(9, 1, 5, 23, 22, 1, 90000, 0, '2025-02-19 22:34:27', '2025-02-19 22:34:27'),
	(10, 1, 5, 33, 22, 1, 40000, 0, '2025-02-19 22:34:27', '2025-02-19 22:34:27'),
	(11, 1, 6, 23, 23, 1, 90000, 0, '2025-02-19 22:34:27', '2025-02-19 22:34:27'),
	(12, 1, 6, 33, 23, 1, 40000, 0, '2025-02-19 22:34:27', '2025-02-19 22:34:27'),
	(13, 1, 7, 23, 20, 2, 90000, 0, '2025-02-19 22:34:27', '2025-02-19 22:34:27'),
	(14, 1, 7, 33, 20, 2, 40000, 0, '2025-02-19 22:34:27', '2025-02-19 22:34:27'),
	(15, 1, 8, 23, 20, 2, 90000, 0, '2025-02-19 22:34:27', '2025-02-19 22:34:27'),
	(16, 1, 8, 33, 20, 2, 40000, 0, '2025-02-19 22:34:27', '2025-02-19 22:34:27'),
	(17, 1, 9, 23, 20, 2, 90000, 0, '2025-02-19 22:34:27', '2025-02-19 22:34:27'),
	(18, 1, 9, 33, 20, 2, 40000, 0, '2025-02-19 22:34:27', '2025-02-19 22:34:27'),
	(19, 1, 10, 23, 20, 2, 90000, 0, '2025-02-19 22:34:27', '2025-02-19 22:34:27'),
	(20, 1, 10, 33, 20, 2, 40000, 0, '2025-02-19 22:34:27', '2025-02-19 22:34:27'),
	(21, 1, 11, 23, 24, 1, 90000, 0, '2025-02-19 22:34:27', '2025-02-19 22:34:27'),
	(22, 1, 12, 23, 22, 1, 90000, 0, '2025-02-19 22:34:27', '2025-02-19 22:34:27'),
	(23, 1, 13, 23, 22, 1, 90000, 0, '2025-02-19 22:34:27', '2025-02-19 22:34:27'),
	(24, 1, 14, 23, 22, 1, 90000, 0, '2025-02-19 22:34:27', '2025-02-19 22:34:27'),
	(25, 1, 15, 23, 20, 2, 90000, 0, '2025-02-19 22:34:27', '2025-02-19 22:34:27');

-- Volcando datos para la tabla abprod.parts: ~5 rows (aproximadamente)
INSERT INTO `parts` (`id`, `name`, `loss_percentage`, `created_at`, `updated_at`) VALUES
	(1, 'Manga', 20, '2025-02-08 18:59:02', '2025-02-08 18:59:02'),
	(2, 'delantero', 30, '2025-02-08 18:59:18', '2025-02-08 18:59:18'),
	(3, 'dorso', 30, '2025-02-08 18:59:33', '2025-02-08 18:59:33'),
	(4, 'manga larga', 25, '2025-02-08 19:00:02', '2025-02-08 19:00:02'),
	(5, 'detalles', 15, '2025-02-08 19:00:17', '2025-02-08 19:00:17');

-- Volcando datos para la tabla abprod.password_reset_tokens: ~0 rows (aproximadamente)

-- Volcando datos para la tabla abprod.permissions: ~337 rows (aproximadamente)
INSERT INTO `permissions` (`id`, `name`, `guard_name`, `created_at`, `updated_at`) VALUES
	(1, 'view_role', 'web', '2025-02-10 20:33:29', '2025-02-10 20:33:29'),
	(2, 'view_any_role', 'web', '2025-02-10 20:33:29', '2025-02-10 20:33:29'),
	(3, 'create_role', 'web', '2025-02-10 20:33:29', '2025-02-10 20:33:29'),
	(4, 'update_role', 'web', '2025-02-10 20:33:29', '2025-02-10 20:33:29'),
	(5, 'delete_role', 'web', '2025-02-10 20:33:29', '2025-02-10 20:33:29'),
	(6, 'delete_any_role', 'web', '2025-02-10 20:33:29', '2025-02-10 20:33:29'),
	(7, 'view_category', 'web', '2025-02-10 20:56:29', '2025-02-10 20:56:29'),
	(8, 'view_any_category', 'web', '2025-02-10 20:56:29', '2025-02-10 20:56:29'),
	(9, 'create_category', 'web', '2025-02-10 20:56:29', '2025-02-10 20:56:29'),
	(10, 'update_category', 'web', '2025-02-10 20:56:29', '2025-02-10 20:56:29'),
	(11, 'restore_category', 'web', '2025-02-10 20:56:29', '2025-02-10 20:56:29'),
	(12, 'restore_any_category', 'web', '2025-02-10 20:56:29', '2025-02-10 20:56:29'),
	(13, 'replicate_category', 'web', '2025-02-10 20:56:29', '2025-02-10 20:56:29'),
	(14, 'reorder_category', 'web', '2025-02-10 20:56:29', '2025-02-10 20:56:29'),
	(15, 'delete_category', 'web', '2025-02-10 20:56:29', '2025-02-10 20:56:29'),
	(16, 'delete_any_category', 'web', '2025-02-10 20:56:29', '2025-02-10 20:56:29'),
	(17, 'force_delete_category', 'web', '2025-02-10 20:56:29', '2025-02-10 20:56:29'),
	(18, 'force_delete_any_category', 'web', '2025-02-10 20:56:29', '2025-02-10 20:56:29'),
	(19, 'view_center', 'web', '2025-02-10 20:56:29', '2025-02-10 20:56:29'),
	(20, 'view_any_center', 'web', '2025-02-10 20:56:29', '2025-02-10 20:56:29'),
	(21, 'create_center', 'web', '2025-02-10 20:56:29', '2025-02-10 20:56:29'),
	(22, 'update_center', 'web', '2025-02-10 20:56:29', '2025-02-10 20:56:29'),
	(23, 'restore_center', 'web', '2025-02-10 20:56:29', '2025-02-10 20:56:29'),
	(24, 'restore_any_center', 'web', '2025-02-10 20:56:29', '2025-02-10 20:56:29'),
	(25, 'replicate_center', 'web', '2025-02-10 20:56:29', '2025-02-10 20:56:29'),
	(26, 'reorder_center', 'web', '2025-02-10 20:56:29', '2025-02-10 20:56:29'),
	(27, 'delete_center', 'web', '2025-02-10 20:56:29', '2025-02-10 20:56:29'),
	(28, 'delete_any_center', 'web', '2025-02-10 20:56:29', '2025-02-10 20:56:29'),
	(29, 'force_delete_center', 'web', '2025-02-10 20:56:29', '2025-02-10 20:56:29'),
	(30, 'force_delete_any_center', 'web', '2025-02-10 20:56:29', '2025-02-10 20:56:29'),
	(31, 'view_customer', 'web', '2025-02-10 20:56:29', '2025-02-10 20:56:29'),
	(32, 'view_any_customer', 'web', '2025-02-10 20:56:29', '2025-02-10 20:56:29'),
	(33, 'create_customer', 'web', '2025-02-10 20:56:29', '2025-02-10 20:56:29'),
	(34, 'update_customer', 'web', '2025-02-10 20:56:29', '2025-02-10 20:56:29'),
	(35, 'restore_customer', 'web', '2025-02-10 20:56:29', '2025-02-10 20:56:29'),
	(36, 'restore_any_customer', 'web', '2025-02-10 20:56:29', '2025-02-10 20:56:29'),
	(37, 'replicate_customer', 'web', '2025-02-10 20:56:29', '2025-02-10 20:56:29'),
	(38, 'reorder_customer', 'web', '2025-02-10 20:56:29', '2025-02-10 20:56:29'),
	(39, 'delete_customer', 'web', '2025-02-10 20:56:29', '2025-02-10 20:56:29'),
	(40, 'delete_any_customer', 'web', '2025-02-10 20:56:29', '2025-02-10 20:56:29'),
	(41, 'force_delete_customer', 'web', '2025-02-10 20:56:29', '2025-02-10 20:56:29'),
	(42, 'force_delete_any_customer', 'web', '2025-02-10 20:56:29', '2025-02-10 20:56:29'),
	(43, 'view_error::order', 'web', '2025-02-10 20:56:29', '2025-02-10 20:56:29'),
	(44, 'view_any_error::order', 'web', '2025-02-10 20:56:29', '2025-02-10 20:56:29'),
	(45, 'create_error::order', 'web', '2025-02-10 20:56:29', '2025-02-10 20:56:29'),
	(46, 'update_error::order', 'web', '2025-02-10 20:56:29', '2025-02-10 20:56:29'),
	(47, 'restore_error::order', 'web', '2025-02-10 20:56:29', '2025-02-10 20:56:29'),
	(48, 'restore_any_error::order', 'web', '2025-02-10 20:56:29', '2025-02-10 20:56:29'),
	(49, 'replicate_error::order', 'web', '2025-02-10 20:56:29', '2025-02-10 20:56:29'),
	(50, 'reorder_error::order', 'web', '2025-02-10 20:56:29', '2025-02-10 20:56:29'),
	(51, 'delete_error::order', 'web', '2025-02-10 20:56:29', '2025-02-10 20:56:29'),
	(52, 'delete_any_error::order', 'web', '2025-02-10 20:56:29', '2025-02-10 20:56:29'),
	(53, 'force_delete_error::order', 'web', '2025-02-10 20:56:29', '2025-02-10 20:56:29'),
	(54, 'force_delete_any_error::order', 'web', '2025-02-10 20:56:29', '2025-02-10 20:56:29'),
	(55, 'view_line', 'web', '2025-02-10 20:56:29', '2025-02-10 20:56:29'),
	(56, 'view_any_line', 'web', '2025-02-10 20:56:29', '2025-02-10 20:56:29'),
	(57, 'create_line', 'web', '2025-02-10 20:56:29', '2025-02-10 20:56:29'),
	(58, 'update_line', 'web', '2025-02-10 20:56:29', '2025-02-10 20:56:29'),
	(59, 'restore_line', 'web', '2025-02-10 20:56:29', '2025-02-10 20:56:29'),
	(60, 'restore_any_line', 'web', '2025-02-10 20:56:29', '2025-02-10 20:56:29'),
	(61, 'replicate_line', 'web', '2025-02-10 20:56:29', '2025-02-10 20:56:29'),
	(62, 'reorder_line', 'web', '2025-02-10 20:56:29', '2025-02-10 20:56:29'),
	(63, 'delete_line', 'web', '2025-02-10 20:56:29', '2025-02-10 20:56:29'),
	(64, 'delete_any_line', 'web', '2025-02-10 20:56:29', '2025-02-10 20:56:29'),
	(65, 'force_delete_line', 'web', '2025-02-10 20:56:29', '2025-02-10 20:56:29'),
	(66, 'force_delete_any_line', 'web', '2025-02-10 20:56:29', '2025-02-10 20:56:29'),
	(67, 'view_operator', 'web', '2025-02-10 20:56:29', '2025-02-10 20:56:29'),
	(68, 'view_any_operator', 'web', '2025-02-10 20:56:29', '2025-02-10 20:56:29'),
	(69, 'create_operator', 'web', '2025-02-10 20:56:29', '2025-02-10 20:56:29'),
	(70, 'update_operator', 'web', '2025-02-10 20:56:29', '2025-02-10 20:56:29'),
	(71, 'restore_operator', 'web', '2025-02-10 20:56:29', '2025-02-10 20:56:29'),
	(72, 'restore_any_operator', 'web', '2025-02-10 20:56:29', '2025-02-10 20:56:29'),
	(73, 'replicate_operator', 'web', '2025-02-10 20:56:29', '2025-02-10 20:56:29'),
	(74, 'reorder_operator', 'web', '2025-02-10 20:56:29', '2025-02-10 20:56:29'),
	(75, 'delete_operator', 'web', '2025-02-10 20:56:29', '2025-02-10 20:56:29'),
	(76, 'delete_any_operator', 'web', '2025-02-10 20:56:29', '2025-02-10 20:56:29'),
	(77, 'force_delete_operator', 'web', '2025-02-10 20:56:29', '2025-02-10 20:56:29'),
	(78, 'force_delete_any_operator', 'web', '2025-02-10 20:56:29', '2025-02-10 20:56:29'),
	(79, 'view_order', 'web', '2025-02-10 20:56:29', '2025-02-10 20:56:29'),
	(80, 'view_any_order', 'web', '2025-02-10 20:56:29', '2025-02-10 20:56:29'),
	(81, 'create_order', 'web', '2025-02-10 20:56:29', '2025-02-10 20:56:29'),
	(82, 'update_order', 'web', '2025-02-10 20:56:29', '2025-02-10 20:56:29'),
	(83, 'restore_order', 'web', '2025-02-10 20:56:29', '2025-02-10 20:56:29'),
	(84, 'restore_any_order', 'web', '2025-02-10 20:56:29', '2025-02-10 20:56:29'),
	(85, 'replicate_order', 'web', '2025-02-10 20:56:29', '2025-02-10 20:56:29'),
	(86, 'reorder_order', 'web', '2025-02-10 20:56:29', '2025-02-10 20:56:29'),
	(87, 'delete_order', 'web', '2025-02-10 20:56:29', '2025-02-10 20:56:29'),
	(88, 'delete_any_order', 'web', '2025-02-10 20:56:29', '2025-02-10 20:56:29'),
	(89, 'force_delete_order', 'web', '2025-02-10 20:56:29', '2025-02-10 20:56:29'),
	(90, 'force_delete_any_order', 'web', '2025-02-10 20:56:29', '2025-02-10 20:56:29'),
	(91, 'view_order::item', 'web', '2025-02-10 20:56:29', '2025-02-10 20:56:29'),
	(92, 'view_any_order::item', 'web', '2025-02-10 20:56:29', '2025-02-10 20:56:29'),
	(93, 'create_order::item', 'web', '2025-02-10 20:56:29', '2025-02-10 20:56:29'),
	(94, 'update_order::item', 'web', '2025-02-10 20:56:29', '2025-02-10 20:56:29'),
	(95, 'restore_order::item', 'web', '2025-02-10 20:56:29', '2025-02-10 20:56:29'),
	(96, 'restore_any_order::item', 'web', '2025-02-10 20:56:29', '2025-02-10 20:56:29'),
	(97, 'replicate_order::item', 'web', '2025-02-10 20:56:29', '2025-02-10 20:56:29'),
	(98, 'reorder_order::item', 'web', '2025-02-10 20:56:29', '2025-02-10 20:56:29'),
	(99, 'delete_order::item', 'web', '2025-02-10 20:56:29', '2025-02-10 20:56:29'),
	(100, 'delete_any_order::item', 'web', '2025-02-10 20:56:29', '2025-02-10 20:56:29'),
	(101, 'force_delete_order::item', 'web', '2025-02-10 20:56:29', '2025-02-10 20:56:29'),
	(102, 'force_delete_any_order::item', 'web', '2025-02-10 20:56:29', '2025-02-10 20:56:29'),
	(103, 'view_order::mold', 'web', '2025-02-10 20:56:29', '2025-02-10 20:56:29'),
	(104, 'view_any_order::mold', 'web', '2025-02-10 20:56:29', '2025-02-10 20:56:29'),
	(105, 'create_order::mold', 'web', '2025-02-10 20:56:29', '2025-02-10 20:56:29'),
	(106, 'update_order::mold', 'web', '2025-02-10 20:56:29', '2025-02-10 20:56:29'),
	(107, 'restore_order::mold', 'web', '2025-02-10 20:56:29', '2025-02-10 20:56:29'),
	(108, 'restore_any_order::mold', 'web', '2025-02-10 20:56:29', '2025-02-10 20:56:29'),
	(109, 'replicate_order::mold', 'web', '2025-02-10 20:56:29', '2025-02-10 20:56:29'),
	(110, 'reorder_order::mold', 'web', '2025-02-10 20:56:29', '2025-02-10 20:56:29'),
	(111, 'delete_order::mold', 'web', '2025-02-10 20:56:29', '2025-02-10 20:56:29'),
	(112, 'delete_any_order::mold', 'web', '2025-02-10 20:56:29', '2025-02-10 20:56:29'),
	(113, 'force_delete_order::mold', 'web', '2025-02-10 20:56:30', '2025-02-10 20:56:30'),
	(114, 'force_delete_any_order::mold', 'web', '2025-02-10 20:56:30', '2025-02-10 20:56:30'),
	(115, 'view_order::question::answer', 'web', '2025-02-10 20:56:30', '2025-02-10 20:56:30'),
	(116, 'view_any_order::question::answer', 'web', '2025-02-10 20:56:30', '2025-02-10 20:56:30'),
	(117, 'create_order::question::answer', 'web', '2025-02-10 20:56:30', '2025-02-10 20:56:30'),
	(118, 'update_order::question::answer', 'web', '2025-02-10 20:56:30', '2025-02-10 20:56:30'),
	(119, 'restore_order::question::answer', 'web', '2025-02-10 20:56:30', '2025-02-10 20:56:30'),
	(120, 'restore_any_order::question::answer', 'web', '2025-02-10 20:56:30', '2025-02-10 20:56:30'),
	(121, 'replicate_order::question::answer', 'web', '2025-02-10 20:56:30', '2025-02-10 20:56:30'),
	(122, 'reorder_order::question::answer', 'web', '2025-02-10 20:56:30', '2025-02-10 20:56:30'),
	(123, 'delete_order::question::answer', 'web', '2025-02-10 20:56:30', '2025-02-10 20:56:30'),
	(124, 'delete_any_order::question::answer', 'web', '2025-02-10 20:56:30', '2025-02-10 20:56:30'),
	(125, 'force_delete_order::question::answer', 'web', '2025-02-10 20:56:30', '2025-02-10 20:56:30'),
	(126, 'force_delete_any_order::question::answer', 'web', '2025-02-10 20:56:30', '2025-02-10 20:56:30'),
	(127, 'view_order::reference', 'web', '2025-02-10 20:56:30', '2025-02-10 20:56:30'),
	(128, 'view_any_order::reference', 'web', '2025-02-10 20:56:30', '2025-02-10 20:56:30'),
	(129, 'create_order::reference', 'web', '2025-02-10 20:56:30', '2025-02-10 20:56:30'),
	(130, 'update_order::reference', 'web', '2025-02-10 20:56:30', '2025-02-10 20:56:30'),
	(131, 'restore_order::reference', 'web', '2025-02-10 20:56:30', '2025-02-10 20:56:30'),
	(132, 'restore_any_order::reference', 'web', '2025-02-10 20:56:30', '2025-02-10 20:56:30'),
	(133, 'replicate_order::reference', 'web', '2025-02-10 20:56:30', '2025-02-10 20:56:30'),
	(134, 'reorder_order::reference', 'web', '2025-02-10 20:56:30', '2025-02-10 20:56:30'),
	(135, 'delete_order::reference', 'web', '2025-02-10 20:56:30', '2025-02-10 20:56:30'),
	(136, 'delete_any_order::reference', 'web', '2025-02-10 20:56:30', '2025-02-10 20:56:30'),
	(137, 'force_delete_order::reference', 'web', '2025-02-10 20:56:30', '2025-02-10 20:56:30'),
	(138, 'force_delete_any_order::reference', 'web', '2025-02-10 20:56:30', '2025-02-10 20:56:30'),
	(139, 'view_part', 'web', '2025-02-10 20:56:30', '2025-02-10 20:56:30'),
	(140, 'view_any_part', 'web', '2025-02-10 20:56:30', '2025-02-10 20:56:30'),
	(141, 'create_part', 'web', '2025-02-10 20:56:30', '2025-02-10 20:56:30'),
	(142, 'update_part', 'web', '2025-02-10 20:56:30', '2025-02-10 20:56:30'),
	(143, 'restore_part', 'web', '2025-02-10 20:56:30', '2025-02-10 20:56:30'),
	(144, 'restore_any_part', 'web', '2025-02-10 20:56:30', '2025-02-10 20:56:30'),
	(145, 'replicate_part', 'web', '2025-02-10 20:56:30', '2025-02-10 20:56:30'),
	(146, 'reorder_part', 'web', '2025-02-10 20:56:30', '2025-02-10 20:56:30'),
	(147, 'delete_part', 'web', '2025-02-10 20:56:30', '2025-02-10 20:56:30'),
	(148, 'delete_any_part', 'web', '2025-02-10 20:56:30', '2025-02-10 20:56:30'),
	(149, 'force_delete_part', 'web', '2025-02-10 20:56:30', '2025-02-10 20:56:30'),
	(150, 'force_delete_any_part', 'web', '2025-02-10 20:56:30', '2025-02-10 20:56:30'),
	(151, 'view_price', 'web', '2025-02-10 20:56:30', '2025-02-10 20:56:30'),
	(152, 'view_any_price', 'web', '2025-02-10 20:56:30', '2025-02-10 20:56:30'),
	(153, 'create_price', 'web', '2025-02-10 20:56:30', '2025-02-10 20:56:30'),
	(154, 'update_price', 'web', '2025-02-10 20:56:30', '2025-02-10 20:56:30'),
	(155, 'restore_price', 'web', '2025-02-10 20:56:30', '2025-02-10 20:56:30'),
	(156, 'restore_any_price', 'web', '2025-02-10 20:56:30', '2025-02-10 20:56:30'),
	(157, 'replicate_price', 'web', '2025-02-10 20:56:30', '2025-02-10 20:56:30'),
	(158, 'reorder_price', 'web', '2025-02-10 20:56:30', '2025-02-10 20:56:30'),
	(159, 'delete_price', 'web', '2025-02-10 20:56:30', '2025-02-10 20:56:30'),
	(160, 'delete_any_price', 'web', '2025-02-10 20:56:30', '2025-02-10 20:56:30'),
	(161, 'force_delete_price', 'web', '2025-02-10 20:56:30', '2025-02-10 20:56:30'),
	(162, 'force_delete_any_price', 'web', '2025-02-10 20:56:30', '2025-02-10 20:56:30'),
	(163, 'view_product', 'web', '2025-02-10 20:56:30', '2025-02-10 20:56:30'),
	(164, 'view_any_product', 'web', '2025-02-10 20:56:30', '2025-02-10 20:56:30'),
	(165, 'create_product', 'web', '2025-02-10 20:56:30', '2025-02-10 20:56:30'),
	(166, 'update_product', 'web', '2025-02-10 20:56:30', '2025-02-10 20:56:30'),
	(167, 'restore_product', 'web', '2025-02-10 20:56:30', '2025-02-10 20:56:30'),
	(168, 'restore_any_product', 'web', '2025-02-10 20:56:30', '2025-02-10 20:56:30'),
	(169, 'replicate_product', 'web', '2025-02-10 20:56:30', '2025-02-10 20:56:30'),
	(170, 'reorder_product', 'web', '2025-02-10 20:56:30', '2025-02-10 20:56:30'),
	(171, 'delete_product', 'web', '2025-02-10 20:56:30', '2025-02-10 20:56:30'),
	(172, 'delete_any_product', 'web', '2025-02-10 20:56:30', '2025-02-10 20:56:30'),
	(173, 'force_delete_product', 'web', '2025-02-10 20:56:30', '2025-02-10 20:56:30'),
	(174, 'force_delete_any_product', 'web', '2025-02-10 20:56:30', '2025-02-10 20:56:30'),
	(175, 'view_product::center', 'web', '2025-02-10 20:56:30', '2025-02-10 20:56:30'),
	(176, 'view_any_product::center', 'web', '2025-02-10 20:56:30', '2025-02-10 20:56:30'),
	(177, 'create_product::center', 'web', '2025-02-10 20:56:30', '2025-02-10 20:56:30'),
	(178, 'update_product::center', 'web', '2025-02-10 20:56:30', '2025-02-10 20:56:30'),
	(179, 'restore_product::center', 'web', '2025-02-10 20:56:30', '2025-02-10 20:56:30'),
	(180, 'restore_any_product::center', 'web', '2025-02-10 20:56:30', '2025-02-10 20:56:30'),
	(181, 'replicate_product::center', 'web', '2025-02-10 20:56:30', '2025-02-10 20:56:30'),
	(182, 'reorder_product::center', 'web', '2025-02-10 20:56:30', '2025-02-10 20:56:30'),
	(183, 'delete_product::center', 'web', '2025-02-10 20:56:30', '2025-02-10 20:56:30'),
	(184, 'delete_any_product::center', 'web', '2025-02-10 20:56:30', '2025-02-10 20:56:30'),
	(185, 'force_delete_product::center', 'web', '2025-02-10 20:56:30', '2025-02-10 20:56:30'),
	(186, 'force_delete_any_product::center', 'web', '2025-02-10 20:56:30', '2025-02-10 20:56:30'),
	(187, 'view_production', 'web', '2025-02-10 20:56:30', '2025-02-10 20:56:30'),
	(188, 'view_any_production', 'web', '2025-02-10 20:56:30', '2025-02-10 20:56:30'),
	(189, 'create_production', 'web', '2025-02-10 20:56:30', '2025-02-10 20:56:30'),
	(190, 'update_production', 'web', '2025-02-10 20:56:30', '2025-02-10 20:56:30'),
	(191, 'restore_production', 'web', '2025-02-10 20:56:30', '2025-02-10 20:56:30'),
	(192, 'restore_any_production', 'web', '2025-02-10 20:56:30', '2025-02-10 20:56:30'),
	(193, 'replicate_production', 'web', '2025-02-10 20:56:30', '2025-02-10 20:56:30'),
	(194, 'reorder_production', 'web', '2025-02-10 20:56:30', '2025-02-10 20:56:30'),
	(195, 'delete_production', 'web', '2025-02-10 20:56:30', '2025-02-10 20:56:30'),
	(196, 'delete_any_production', 'web', '2025-02-10 20:56:30', '2025-02-10 20:56:30'),
	(197, 'force_delete_production', 'web', '2025-02-10 20:56:30', '2025-02-10 20:56:30'),
	(198, 'force_delete_any_production', 'web', '2025-02-10 20:56:30', '2025-02-10 20:56:30'),
	(199, 'view_productiondet', 'web', '2025-02-10 20:56:30', '2025-02-10 20:56:30'),
	(200, 'view_any_productiondet', 'web', '2025-02-10 20:56:30', '2025-02-10 20:56:30'),
	(201, 'create_productiondet', 'web', '2025-02-10 20:56:30', '2025-02-10 20:56:30'),
	(202, 'update_productiondet', 'web', '2025-02-10 20:56:30', '2025-02-10 20:56:30'),
	(203, 'restore_productiondet', 'web', '2025-02-10 20:56:30', '2025-02-10 20:56:30'),
	(204, 'restore_any_productiondet', 'web', '2025-02-10 20:56:30', '2025-02-10 20:56:30'),
	(205, 'replicate_productiondet', 'web', '2025-02-10 20:56:30', '2025-02-10 20:56:30'),
	(206, 'reorder_productiondet', 'web', '2025-02-10 20:56:30', '2025-02-10 20:56:30'),
	(207, 'delete_productiondet', 'web', '2025-02-10 20:56:30', '2025-02-10 20:56:30'),
	(208, 'delete_any_productiondet', 'web', '2025-02-10 20:56:30', '2025-02-10 20:56:30'),
	(209, 'force_delete_productiondet', 'web', '2025-02-10 20:56:30', '2025-02-10 20:56:30'),
	(210, 'force_delete_any_productiondet', 'web', '2025-02-10 20:56:30', '2025-02-10 20:56:30'),
	(211, 'view_question', 'web', '2025-02-10 20:56:30', '2025-02-10 20:56:30'),
	(212, 'view_any_question', 'web', '2025-02-10 20:56:30', '2025-02-10 20:56:30'),
	(213, 'create_question', 'web', '2025-02-10 20:56:30', '2025-02-10 20:56:30'),
	(214, 'update_question', 'web', '2025-02-10 20:56:30', '2025-02-10 20:56:30'),
	(215, 'restore_question', 'web', '2025-02-10 20:56:30', '2025-02-10 20:56:30'),
	(216, 'restore_any_question', 'web', '2025-02-10 20:56:30', '2025-02-10 20:56:30'),
	(217, 'replicate_question', 'web', '2025-02-10 20:56:30', '2025-02-10 20:56:30'),
	(218, 'reorder_question', 'web', '2025-02-10 20:56:30', '2025-02-10 20:56:30'),
	(219, 'delete_question', 'web', '2025-02-10 20:56:30', '2025-02-10 20:56:30'),
	(220, 'delete_any_question', 'web', '2025-02-10 20:56:30', '2025-02-10 20:56:30'),
	(221, 'force_delete_question', 'web', '2025-02-10 20:56:30', '2025-02-10 20:56:30'),
	(222, 'force_delete_any_question', 'web', '2025-02-10 20:56:30', '2025-02-10 20:56:30'),
	(223, 'view_question::category', 'web', '2025-02-10 20:56:30', '2025-02-10 20:56:30'),
	(224, 'view_any_question::category', 'web', '2025-02-10 20:56:30', '2025-02-10 20:56:30'),
	(225, 'create_question::category', 'web', '2025-02-10 20:56:30', '2025-02-10 20:56:30'),
	(226, 'update_question::category', 'web', '2025-02-10 20:56:30', '2025-02-10 20:56:30'),
	(227, 'restore_question::category', 'web', '2025-02-10 20:56:30', '2025-02-10 20:56:30'),
	(228, 'restore_any_question::category', 'web', '2025-02-10 20:56:30', '2025-02-10 20:56:30'),
	(229, 'replicate_question::category', 'web', '2025-02-10 20:56:30', '2025-02-10 20:56:30'),
	(230, 'reorder_question::category', 'web', '2025-02-10 20:56:30', '2025-02-10 20:56:30'),
	(231, 'delete_question::category', 'web', '2025-02-10 20:56:30', '2025-02-10 20:56:30'),
	(232, 'delete_any_question::category', 'web', '2025-02-10 20:56:30', '2025-02-10 20:56:30'),
	(233, 'force_delete_question::category', 'web', '2025-02-10 20:56:30', '2025-02-10 20:56:30'),
	(234, 'force_delete_any_question::category', 'web', '2025-02-10 20:56:30', '2025-02-10 20:56:30'),
	(235, 'view_reorder', 'web', '2025-02-10 20:56:30', '2025-02-10 20:56:30'),
	(236, 'view_any_reorder', 'web', '2025-02-10 20:56:30', '2025-02-10 20:56:30'),
	(237, 'create_reorder', 'web', '2025-02-10 20:56:30', '2025-02-10 20:56:30'),
	(238, 'update_reorder', 'web', '2025-02-10 20:56:30', '2025-02-10 20:56:30'),
	(239, 'restore_reorder', 'web', '2025-02-10 20:56:30', '2025-02-10 20:56:30'),
	(240, 'restore_any_reorder', 'web', '2025-02-10 20:56:30', '2025-02-10 20:56:30'),
	(241, 'replicate_reorder', 'web', '2025-02-10 20:56:30', '2025-02-10 20:56:30'),
	(242, 'reorder_reorder', 'web', '2025-02-10 20:56:30', '2025-02-10 20:56:30'),
	(243, 'delete_reorder', 'web', '2025-02-10 20:56:30', '2025-02-10 20:56:30'),
	(244, 'delete_any_reorder', 'web', '2025-02-10 20:56:30', '2025-02-10 20:56:30'),
	(245, 'force_delete_reorder', 'web', '2025-02-10 20:56:30', '2025-02-10 20:56:30'),
	(246, 'force_delete_any_reorder', 'web', '2025-02-10 20:56:30', '2025-02-10 20:56:30'),
	(247, 'view_size', 'web', '2025-02-10 20:56:30', '2025-02-10 20:56:30'),
	(248, 'view_any_size', 'web', '2025-02-10 20:56:30', '2025-02-10 20:56:30'),
	(249, 'create_size', 'web', '2025-02-10 20:56:30', '2025-02-10 20:56:30'),
	(250, 'update_size', 'web', '2025-02-10 20:56:30', '2025-02-10 20:56:30'),
	(251, 'delete_size', 'web', '2025-02-10 20:56:30', '2025-02-10 20:56:30'),
	(252, 'delete_any_size', 'web', '2025-02-10 20:56:30', '2025-02-10 20:56:30'),
	(253, 'view_user', 'web', '2025-02-10 20:56:30', '2025-02-10 20:56:30'),
	(254, 'view_any_user', 'web', '2025-02-10 20:56:30', '2025-02-10 20:56:30'),
	(255, 'create_user', 'web', '2025-02-10 20:56:30', '2025-02-10 20:56:30'),
	(256, 'update_user', 'web', '2025-02-10 20:56:30', '2025-02-10 20:56:30'),
	(257, 'restore_user', 'web', '2025-02-10 20:56:30', '2025-02-10 20:56:30'),
	(258, 'restore_any_user', 'web', '2025-02-10 20:56:30', '2025-02-10 20:56:30'),
	(259, 'replicate_user', 'web', '2025-02-10 20:56:30', '2025-02-10 20:56:30'),
	(260, 'reorder_user', 'web', '2025-02-10 20:56:30', '2025-02-10 20:56:30'),
	(261, 'delete_user', 'web', '2025-02-10 20:56:30', '2025-02-10 20:56:30'),
	(262, 'delete_any_user', 'web', '2025-02-10 20:56:30', '2025-02-10 20:56:30'),
	(263, 'force_delete_user', 'web', '2025-02-10 20:56:30', '2025-02-10 20:56:30'),
	(264, 'force_delete_any_user', 'web', '2025-02-10 20:56:30', '2025-02-10 20:56:30'),
	(265, 'page_CronogramaPage', 'web', '2025-02-10 20:56:30', '2025-02-10 20:56:30'),
	(266, 'page_OrderReferenceSummaryPage', 'web', '2025-02-10 20:56:30', '2025-02-10 20:56:30'),
	(267, 'widget_ProductionCount', 'web', '2025-02-10 20:56:30', '2025-02-10 20:56:30'),
	(268, 'view_sales::goal', 'web', '2025-02-11 01:29:03', '2025-02-11 01:29:03'),
	(269, 'view_any_sales::goal', 'web', '2025-02-11 01:29:03', '2025-02-11 01:29:03'),
	(270, 'create_sales::goal', 'web', '2025-02-11 01:29:03', '2025-02-11 01:29:03'),
	(271, 'update_sales::goal', 'web', '2025-02-11 01:29:03', '2025-02-11 01:29:03'),
	(272, 'restore_sales::goal', 'web', '2025-02-11 01:29:03', '2025-02-11 01:29:03'),
	(273, 'restore_any_sales::goal', 'web', '2025-02-11 01:29:03', '2025-02-11 01:29:03'),
	(274, 'replicate_sales::goal', 'web', '2025-02-11 01:29:03', '2025-02-11 01:29:03'),
	(275, 'reorder_sales::goal', 'web', '2025-02-11 01:29:03', '2025-02-11 01:29:03'),
	(276, 'delete_sales::goal', 'web', '2025-02-11 01:29:03', '2025-02-11 01:29:03'),
	(277, 'delete_any_sales::goal', 'web', '2025-02-11 01:29:03', '2025-02-11 01:29:03'),
	(278, 'force_delete_sales::goal', 'web', '2025-02-11 01:29:03', '2025-02-11 01:29:03'),
	(279, 'force_delete_any_sales::goal', 'web', '2025-02-11 01:29:03', '2025-02-11 01:29:03'),
	(280, 'restore_size', 'web', '2025-02-11 01:29:03', '2025-02-11 01:29:03'),
	(281, 'restore_any_size', 'web', '2025-02-11 01:29:03', '2025-02-11 01:29:03'),
	(282, 'replicate_size', 'web', '2025-02-11 01:29:03', '2025-02-11 01:29:03'),
	(283, 'reorder_size', 'web', '2025-02-11 01:29:03', '2025-02-11 01:29:03'),
	(284, 'force_delete_size', 'web', '2025-02-11 01:29:03', '2025-02-11 01:29:03'),
	(285, 'force_delete_any_size', 'web', '2025-02-11 01:29:03', '2025-02-11 01:29:03'),
	(286, 'view_team', 'web', '2025-02-11 01:29:03', '2025-02-11 01:29:03'),
	(287, 'view_any_team', 'web', '2025-02-11 01:29:03', '2025-02-11 01:29:03'),
	(288, 'create_team', 'web', '2025-02-11 01:29:03', '2025-02-11 01:29:03'),
	(289, 'update_team', 'web', '2025-02-11 01:29:03', '2025-02-11 01:29:03'),
	(290, 'restore_team', 'web', '2025-02-11 01:29:03', '2025-02-11 01:29:03'),
	(291, 'restore_any_team', 'web', '2025-02-11 01:29:03', '2025-02-11 01:29:03'),
	(292, 'replicate_team', 'web', '2025-02-11 01:29:03', '2025-02-11 01:29:03'),
	(293, 'reorder_team', 'web', '2025-02-11 01:29:03', '2025-02-11 01:29:03'),
	(294, 'delete_team', 'web', '2025-02-11 01:29:03', '2025-02-11 01:29:03'),
	(295, 'delete_any_team', 'web', '2025-02-11 01:29:03', '2025-02-11 01:29:03'),
	(296, 'force_delete_team', 'web', '2025-02-11 01:29:03', '2025-02-11 01:29:03'),
	(297, 'force_delete_any_team', 'web', '2025-02-11 01:29:03', '2025-02-11 01:29:03'),
	(298, 'view_team::member', 'web', '2025-02-11 01:29:03', '2025-02-11 01:29:03'),
	(299, 'view_any_team::member', 'web', '2025-02-11 01:29:03', '2025-02-11 01:29:03'),
	(300, 'create_team::member', 'web', '2025-02-11 01:29:03', '2025-02-11 01:29:03'),
	(301, 'update_team::member', 'web', '2025-02-11 01:29:03', '2025-02-11 01:29:03'),
	(302, 'restore_team::member', 'web', '2025-02-11 01:29:03', '2025-02-11 01:29:03'),
	(303, 'restore_any_team::member', 'web', '2025-02-11 01:29:03', '2025-02-11 01:29:03'),
	(304, 'replicate_team::member', 'web', '2025-02-11 01:29:03', '2025-02-11 01:29:03'),
	(305, 'reorder_team::member', 'web', '2025-02-11 01:29:03', '2025-02-11 01:29:03'),
	(306, 'delete_team::member', 'web', '2025-02-11 01:29:03', '2025-02-11 01:29:03'),
	(307, 'delete_any_team::member', 'web', '2025-02-11 01:29:03', '2025-02-11 01:29:03'),
	(308, 'force_delete_team::member', 'web', '2025-02-11 01:29:03', '2025-02-11 01:29:03'),
	(309, 'force_delete_any_team::member', 'web', '2025-02-11 01:29:03', '2025-02-11 01:29:03'),
	(310, 'page_orderDashboard', 'web', '2025-02-11 01:29:03', '2025-02-11 01:29:03'),
	(311, 'widget_SalesGoals', 'web', '2025-02-11 01:29:03', '2025-02-11 01:29:03'),
	(312, 'widget_SalesGoalsBySellerChart', 'web', '2025-02-11 01:29:03', '2025-02-11 01:29:03'),
	(313, 'view_class::center', 'web', '2025-02-13 23:03:52', '2025-02-13 23:03:52'),
	(314, 'view_any_class::center', 'web', '2025-02-13 23:03:52', '2025-02-13 23:03:52'),
	(315, 'create_class::center', 'web', '2025-02-13 23:03:52', '2025-02-13 23:03:52'),
	(316, 'update_class::center', 'web', '2025-02-13 23:03:52', '2025-02-13 23:03:52'),
	(317, 'restore_class::center', 'web', '2025-02-13 23:03:52', '2025-02-13 23:03:52'),
	(318, 'restore_any_class::center', 'web', '2025-02-13 23:03:52', '2025-02-13 23:03:52'),
	(319, 'replicate_class::center', 'web', '2025-02-13 23:03:52', '2025-02-13 23:03:52'),
	(320, 'reorder_class::center', 'web', '2025-02-13 23:03:52', '2025-02-13 23:03:52'),
	(321, 'delete_class::center', 'web', '2025-02-13 23:03:52', '2025-02-13 23:03:52'),
	(322, 'delete_any_class::center', 'web', '2025-02-13 23:03:52', '2025-02-13 23:03:52'),
	(323, 'force_delete_class::center', 'web', '2025-02-13 23:03:52', '2025-02-13 23:03:52'),
	(324, 'force_delete_any_class::center', 'web', '2025-02-13 23:03:52', '2025-02-13 23:03:52'),
	(325, 'view_planning', 'web', '2025-02-13 23:03:52', '2025-02-13 23:03:52'),
	(326, 'view_any_planning', 'web', '2025-02-13 23:03:52', '2025-02-13 23:03:52'),
	(327, 'create_planning', 'web', '2025-02-13 23:03:52', '2025-02-13 23:03:52'),
	(328, 'update_planning', 'web', '2025-02-13 23:03:52', '2025-02-13 23:03:52'),
	(329, 'restore_planning', 'web', '2025-02-13 23:03:52', '2025-02-13 23:03:52'),
	(330, 'restore_any_planning', 'web', '2025-02-13 23:03:52', '2025-02-13 23:03:52'),
	(331, 'replicate_planning', 'web', '2025-02-13 23:03:52', '2025-02-13 23:03:52'),
	(332, 'reorder_planning', 'web', '2025-02-13 23:03:52', '2025-02-13 23:03:52'),
	(333, 'delete_planning', 'web', '2025-02-13 23:03:52', '2025-02-13 23:03:52'),
	(334, 'delete_any_planning', 'web', '2025-02-13 23:03:52', '2025-02-13 23:03:52'),
	(335, 'force_delete_planning', 'web', '2025-02-13 23:03:52', '2025-02-13 23:03:52'),
	(336, 'force_delete_any_planning', 'web', '2025-02-13 23:03:52', '2025-02-13 23:03:52'),
	(337, 'page_CronogramaCenterPage', 'web', '2025-02-13 23:03:53', '2025-02-13 23:03:53');

-- Volcando datos para la tabla abprod.personal_access_tokens: ~0 rows (aproximadamente)

-- Volcando datos para la tabla abprod.plannings: ~0 rows (aproximadamente)

-- Volcando datos para la tabla abprod.prices: ~0 rows (aproximadamente)
INSERT INTO `prices` (`id`, `product_id`, `size_id`, `price`, `created_at`, `updated_at`) VALUES
	(1, 23, 1, 90000, '2025-02-19 22:23:23', '2025-02-19 22:23:23'),
	(2, 33, 1, 40000, '2025-02-19 22:23:55', '2025-02-19 22:23:55');

-- Volcando datos para la tabla abprod.productiondets: ~0 rows (aproximadamente)

-- Volcando datos para la tabla abprod.productions: ~0 rows (aproximadamente)

-- Volcando datos para la tabla abprod.products: ~76 rows (aproximadamente)
INSERT INTO `products` (`id`, `code`, `name`, `imagen`, `imagmolde`, `description`, `is_producible`, `line_id`, `category_id`, `created_at`, `updated_at`) VALUES
	(1, 'CAM-E10', 'Camiseta Premium E10', NULL, NULL, 'Tela: molde:', 1, 7, 1, '2025-02-19 17:30:11', '2025-02-19 17:30:11'),
	(2, 'CAM-P10', 'Camiseta Premium P10', NULL, NULL, 'Tela: molde:', 1, 7, 1, '2025-02-19 17:30:11', '2025-02-19 17:30:11'),
	(3, 'CAM-PR02', 'Camiseta Premium Pr02', NULL, NULL, 'Tela: molde:', 1, 7, 1, '2025-02-19 17:30:11', '2025-02-19 17:30:11'),
	(4, 'CAM-PR05', 'Camiseta Premium Pr05', NULL, NULL, 'Tela: molde:', 1, 7, 1, '2025-02-19 17:30:11', '2025-02-19 17:30:11'),
	(5, 'CAM-PR03', 'Camiseta Premium Pr03', NULL, NULL, 'Tela: molde:', 1, 7, 1, '2025-02-19 17:30:11', '2025-02-19 17:30:11'),
	(6, 'CAM-PR04', 'Camiseta Premium Pr04', NULL, NULL, 'Tela: molde:', 1, 7, 1, '2025-02-19 17:30:11', '2025-02-19 17:30:11'),
	(7, 'CAM-PR06', 'Camiseta Premium Pr06', NULL, NULL, 'Tela: molde:', 1, 7, 1, '2025-02-19 17:30:11', '2025-02-19 17:30:11'),
	(8, 'CAM-PR07', 'Camiseta Premium Pr07', NULL, NULL, 'Tela: molde:', 1, 7, 1, '2025-02-19 17:30:11', '2025-02-19 17:30:11'),
	(9, 'CML-PR01', 'Camisilla Premium Pr01', NULL, NULL, 'Tela: molde:', 1, 7, 1, '2025-02-19 17:30:11', '2025-02-19 17:30:11'),
	(10, 'SHT-PR01', 'Short Premium Pr01', NULL, NULL, 'Tela: molde:', 1, 7, 3, '2025-02-19 17:30:11', '2025-02-19 17:30:11'),
	(11, 'MD-PR01', 'Media Premium', NULL, NULL, 'Tela: molde:', 0, 7, 4, '2025-02-19 17:30:11', '2025-02-19 17:30:11'),
	(12, 'SHT-P10', 'Short Premium P10', NULL, NULL, 'Tela: molde:', 1, 7, 3, '2025-02-19 17:30:11', '2025-02-19 17:30:11'),
	(13, 'SHT-E10', 'Short Premium E10', NULL, NULL, 'Tela: molde:', 1, 7, 3, '2025-02-19 17:30:11', '2025-02-19 17:30:11'),
	(14, 'SHT-PR02', 'Short Premium Pr02', NULL, NULL, 'Tela: molde:', 1, 7, 3, '2025-02-19 17:30:11', '2025-02-19 17:30:11'),
	(15, 'SHT-PR03', 'Short Premium Pr03', NULL, NULL, 'Tela: molde:', 1, 7, 3, '2025-02-19 17:30:11', '2025-02-19 17:30:11'),
	(16, 'CAM-A01', 'Camiseta Profesional A01', NULL, NULL, 'Tela: molde:', 1, 5, 1, '2025-02-19 17:30:11', '2025-02-19 17:30:11'),
	(17, 'CAM-A02', 'Camiseta Profesional A02', NULL, NULL, 'Tela: molde:', 1, 5, 1, '2025-02-19 17:30:11', '2025-02-19 17:30:11'),
	(18, 'CAM-A03', 'Camiseta Profesional A03', NULL, NULL, 'Tela: molde:', 1, 5, 1, '2025-02-19 17:30:11', '2025-02-19 17:30:11'),
	(19, 'CAM-A04', 'Camiseta Profesional A04', NULL, NULL, 'Tela: molde:', 1, 5, 1, '2025-02-19 17:30:11', '2025-02-19 17:30:11'),
	(20, 'CAM-A05', 'Camiseta Profesional A05', NULL, NULL, 'Tela: molde:', 1, 5, 1, '2025-02-19 17:30:11', '2025-02-19 17:30:11'),
	(21, 'CAM-A06', 'Camiseta Profesional A06', NULL, NULL, 'Tela: molde:', 1, 5, 1, '2025-02-19 17:30:11', '2025-02-19 17:30:11'),
	(22, 'SHT-A01', 'Short Profesional Sublimado 100%', NULL, NULL, 'Tela: molde:', 1, 5, 3, '2025-02-19 17:30:11', '2025-02-19 17:30:11'),
	(23, 'CAM-F01', 'Camiseta Oficial F01', NULL, NULL, '<p>Tela: dry&nbsp;</p><p>molde: f01</p><p>logo parche</p><p>cuello rendodo rib</p><p>manga recta</p>', 1, 4, 1, '2025-02-19 17:30:11', '2025-02-19 23:12:59'),
	(24, 'CAM-F02', 'Camiseta Oficial F02', NULL, NULL, 'Tela: molde:', 1, 4, 1, '2025-02-19 17:30:11', '2025-02-19 17:30:11'),
	(25, 'CAM-F03', 'Camiseta Oficial F03', NULL, NULL, 'Tela: molde:', 1, 4, 1, '2025-02-19 17:30:11', '2025-02-19 17:30:11'),
	(26, 'CAM-F04', 'Camiseta Oficial F04', NULL, NULL, 'Tela: molde:', 1, 4, 1, '2025-02-19 17:30:11', '2025-02-19 17:30:11'),
	(27, 'CAM-F05', 'Camiseta Oficial F05', NULL, NULL, 'Tela: molde:', 1, 4, 1, '2025-02-19 17:30:11', '2025-02-19 17:30:11'),
	(28, 'CAM-F06', 'Camiseta Oficial F06', NULL, NULL, 'Tela: molde:', 1, 4, 1, '2025-02-19 17:30:11', '2025-02-19 17:30:11'),
	(29, 'CAM-F07', 'Camiseta Oficial F07', NULL, NULL, 'Tela: molde:', 1, 4, 1, '2025-02-19 17:30:11', '2025-02-19 17:30:11'),
	(30, 'CAM-F08', 'Camiseta Oficial F08', NULL, NULL, 'Tela: molde:', 1, 4, 1, '2025-02-19 17:30:11', '2025-02-19 17:30:11'),
	(31, 'CAM-F09', 'Camiseta Oficial F09', NULL, NULL, 'Tela: molde:', 1, 4, 1, '2025-02-19 17:30:11', '2025-02-19 17:30:11'),
	(32, 'CAM-F10', 'Camiseta Oficial F10', NULL, NULL, 'Tela: molde:', 1, 4, 1, '2025-02-19 17:30:11', '2025-02-19 17:30:11'),
	(33, 'SHT-F01', 'Short Oficial F01', NULL, NULL, 'Tela: molde:', 1, 4, 3, '2025-02-19 17:30:11', '2025-02-19 17:30:11'),
	(34, 'SHT-F02', 'Short Oficial F02', NULL, NULL, 'Tela: molde:', 1, 4, 3, '2025-02-19 17:30:11', '2025-02-19 17:30:11'),
	(35, 'SHT-F03', 'Short Oficial F03', NULL, NULL, 'Tela: molde:', 1, 4, 3, '2025-02-19 17:30:11', '2025-02-19 17:30:11'),
	(36, 'SHT-F04', 'Short Oficial F04', NULL, NULL, 'Tela: molde:', 1, 4, 3, '2025-02-19 17:30:11', '2025-02-19 17:30:11'),
	(37, 'SHT-F05', 'Short Oficial F05', NULL, NULL, 'Tela: molde:', 1, 4, 3, '2025-02-19 17:30:11', '2025-02-19 17:30:11'),
	(38, 'SHT-F06', 'Short Oficial F06', NULL, NULL, 'Tela: molde:', 1, 4, 3, '2025-02-19 17:30:11', '2025-02-19 17:30:11'),
	(39, 'MD-F01', 'Media Zebin', NULL, NULL, 'Tela: molde:', 0, 4, 4, '2025-02-19 17:30:11', '2025-02-19 17:30:11'),
	(40, 'CAM-S01', 'Camiseta Estandar S01', NULL, NULL, 'Tela: molde:', 1, 3, 1, '2025-02-19 17:30:11', '2025-02-19 17:30:11'),
	(41, 'CAM-S02', 'Camiseta Estandar S02', NULL, NULL, 'Tela: molde:', 1, 3, 1, '2025-02-19 17:30:11', '2025-02-19 17:30:11'),
	(42, 'CAM-S03', 'Camiseta Estandar S03', NULL, NULL, 'Tela: molde:', 1, 3, 1, '2025-02-19 17:30:11', '2025-02-19 17:30:11'),
	(43, 'CAM-S04', 'Camiseta Estandar S04', NULL, NULL, 'Tela: molde:', 1, 3, 1, '2025-02-19 17:30:11', '2025-02-19 17:30:11'),
	(44, 'SH-S01', 'Short Estandar', NULL, NULL, 'Tela: molde:', 1, 3, 3, '2025-02-19 17:30:11', '2025-02-19 17:30:11'),
	(45, 'MD-S01', 'Media Zebin', NULL, NULL, 'Tela: molde:', 1, 3, 1, '2025-02-19 17:30:11', '2025-02-19 17:30:11'),
	(46, 'CAM-B01', 'Camiseta Basic B01', NULL, NULL, 'Tela: molde:', 1, 2, 1, '2025-02-19 17:30:11', '2025-02-19 17:30:11'),
	(47, 'CAM-B02', 'Camiseta Basic B02', NULL, NULL, 'Tela: molde:', 1, 2, 1, '2025-02-19 17:30:11', '2025-02-19 17:30:11'),
	(48, 'CAM-B03', 'Camiseta Basic B03', NULL, NULL, 'Tela: molde:', 1, 2, 1, '2025-02-19 17:30:11', '2025-02-19 17:30:11'),
	(49, 'CAM-B04', 'Camiseta Basic B04', NULL, NULL, 'Tela: molde:', 1, 2, 1, '2025-02-19 17:30:11', '2025-02-19 17:30:11'),
	(50, 'CAMLG-F01', 'Camiseta Manga Larga Oficial F01', NULL, NULL, 'Tela: molde:', 1, 4, 1, '2025-02-19 17:30:11', '2025-02-19 17:30:11'),
	(51, 'CAMLG-F03', 'Camiseta Manga Larga Oficial F03', NULL, NULL, 'Tela: molde:', 1, 4, 1, '2025-02-19 17:30:11', '2025-02-19 17:30:11'),
	(52, 'PTN-05', 'Pantalon Acolchado Oficial', NULL, NULL, 'Tela: molde:', 1, 4, 1, '2025-02-19 17:30:11', '2025-02-19 17:30:11'),
	(53, 'CML-E10', 'Camisilla Premium E10', NULL, NULL, 'Tela: molde:', 1, 7, 1, '2025-02-19 17:30:11', '2025-02-19 17:30:11'),
	(54, 'CML-F01', 'Camisilla Oficial', NULL, NULL, 'Tela: molde:', 1, 4, 2, '2025-02-19 17:30:11', '2025-02-19 17:30:11'),
	(55, 'CML-S01', 'Camisilla Entrenamiento Estandar', NULL, NULL, 'Tela: molde:', 1, 3, 2, '2025-02-19 17:30:11', '2025-02-19 17:30:11'),
	(56, 'CML-B01', 'Camisola De Entrenamiento Oficial', NULL, NULL, 'Tela: molde:', 1, 4, 2, '2025-02-19 17:30:11', '2025-02-19 17:30:11'),
	(57, 'TM01', 'Termica Manga Corta', NULL, NULL, 'Tela: molde:', 1, 4, 1, '2025-02-19 17:30:11', '2025-02-19 17:30:11'),
	(58, 'TM02', 'Termica Manga Larga', NULL, NULL, 'Tela: molde:', 1, 4, 1, '2025-02-19 17:30:11', '2025-02-19 17:30:11'),
	(59, 'TM03', 'Calza Corta termica', NULL, NULL, 'Tela: molde:', 1, 4, 1, '2025-02-19 17:30:11', '2025-02-19 17:30:11'),
	(60, 'TM04', 'Calza Larga termica', NULL, NULL, 'Tela: molde:', 1, 4, 1, '2025-02-19 17:30:11', '2025-02-19 17:30:11'),
	(61, 'CAM-F11', 'Camiseta con cuello polo', NULL, NULL, 'Tela: molde:', 1, 4, 1, '2025-02-19 17:30:11', '2025-02-19 17:30:11'),
	(62, 'REM-S08', 'Remera Polo Clasico', NULL, NULL, 'Tela: molde:', 1, 4, 1, '2025-02-19 17:30:11', '2025-02-19 17:30:11'),
	(63, 'SC-F01', 'Campera deportiva Oficial', NULL, NULL, 'Tela: molde:', 1, 4, 1, '2025-02-19 17:30:11', '2025-02-19 17:30:11'),
	(64, 'PTN-F01', 'Jogin Tira Sublimada', NULL, NULL, 'Tela: molde:', 1, 4, 1, '2025-02-19 17:30:11', '2025-02-19 17:30:11'),
	(65, 'SC-S01', 'Campera deportiva Estandar', NULL, NULL, 'Tela: molde:', 1, 3, 1, '2025-02-19 17:30:11', '2025-02-19 17:30:11'),
	(66, 'PTN-S01', 'Jogin Tira Simple', NULL, NULL, 'Tela: molde:', 1, 3, 1, '2025-02-19 17:30:11', '2025-02-19 17:30:11'),
	(67, 'SC-B01', 'Campera deportiva Basic', NULL, NULL, 'Tela: molde:', 1, 2, 1, '2025-02-19 17:30:11', '2025-02-19 17:30:11'),
	(68, 'PTN-B01', 'Buzo Pantalon', NULL, NULL, 'Tela: molde:', 1, 2, 1, '2025-02-19 17:30:11', '2025-02-19 17:30:11'),
	(69, 'SC-C01', 'Campera deportiva escolar', NULL, NULL, 'Tela: molde:', 1, 1, 1, '2025-02-19 17:30:11', '2025-02-19 17:30:11'),
	(70, 'PTN-C01', 'Buzo Pantalon', NULL, NULL, 'Tela: molde:', 1, 1, 1, '2025-02-19 17:30:11', '2025-02-19 17:30:11'),
	(71, 'SC-PR01', 'Campera deportiva Premium', NULL, NULL, 'Tela: molde:', 1, 7, 1, '2025-02-19 17:30:11', '2025-02-19 17:30:11'),
	(72, 'PTN-PR01', 'Buzo Pantalon Premium', NULL, NULL, 'Tela: molde:', 1, 7, 1, '2025-02-19 17:30:11', '2025-02-19 17:30:11'),
	(73, 'AC-01', 'Mochilita de Tela Personalizada', NULL, NULL, 'Tela: molde:', 1, 4, 1, '2025-02-19 17:30:11', '2025-02-19 17:30:11'),
	(74, 'AC-02', 'Botinera', NULL, NULL, 'Tela: molde:', 1, 4, 1, '2025-02-19 17:30:11', '2025-02-19 17:30:11'),
	(75, 'AC-03', 'Neceser', NULL, NULL, 'Tela: molde:', 1, 4, 1, '2025-02-19 17:30:11', '2025-02-19 17:30:11'),
	(76, 'AC-04', 'Bolson', NULL, NULL, 'Tela: molde:', 1, 4, 1, '2025-02-19 17:30:11', '2025-02-19 17:30:11');

-- Volcando datos para la tabla abprod.product_centers: ~0 rows (aproximadamente)

-- Volcando datos para la tabla abprod.questions: ~4 rows (aproximadamente)
INSERT INTO `questions` (`id`, `text`, `type`, `options`, `is_required`, `category_id`, `created_at`, `updated_at`) VALUES
	(1, 'Color base', 'string', NULL, 1, 1, '2025-02-19 17:30:11', '2025-02-19 17:30:11'),
	(2, 'Va tener Nombre?', 'list', '["Si","No"]', 0, 1, '2025-02-19 17:30:11', '2025-02-19 17:30:11'),
	(3, 'Auspicio delantero', 'integer', NULL, 1, 1, '2025-02-19 17:30:11', '2025-02-19 17:30:11'),
	(4, 'Tipo de logo', 'list', '["Bordado","UV","Sublimado"]', 1, 2, '2025-02-19 17:30:11', '2025-02-19 17:30:11');

-- Volcando datos para la tabla abprod.question_categories: ~3 rows (aproximadamente)
INSERT INTO `question_categories` (`id`, `name`, `description`, `created_at`, `updated_at`) VALUES
	(1, 'Deportivo', NULL, '2025-02-19 17:30:11', '2025-02-19 17:30:11'),
	(2, 'Escolar', NULL, '2025-02-19 17:30:11', '2025-02-19 17:30:11'),
	(3, 'Empresarial', NULL, '2025-02-19 17:30:11', '2025-02-19 17:30:11');

-- Volcando datos para la tabla abprod.reorders: ~0 rows (aproximadamente)

-- Volcando datos para la tabla abprod.roles: ~3 rows (aproximadamente)
INSERT INTO `roles` (`id`, `name`, `guard_name`, `created_at`, `updated_at`) VALUES
	(1, 'panel_user', 'web', '2025-02-10 19:58:53', '2025-02-10 19:58:53'),
	(2, 'super_admin', 'web', '2025-02-10 20:11:49', '2025-02-10 20:11:49'),
	(3, 'vendedor', 'web', '2025-02-10 20:58:22', '2025-02-10 20:58:22');

-- Volcando datos para la tabla abprod.role_has_permissions: ~351 rows (aproximadamente)
INSERT INTO `role_has_permissions` (`permission_id`, `role_id`) VALUES
	(1, 2),
	(2, 2),
	(3, 2),
	(4, 2),
	(5, 2),
	(6, 2),
	(7, 2),
	(8, 2),
	(9, 2),
	(10, 2),
	(11, 2),
	(12, 2),
	(13, 2),
	(14, 2),
	(15, 2),
	(16, 2),
	(17, 2),
	(18, 2),
	(19, 2),
	(20, 2),
	(21, 2),
	(22, 2),
	(23, 2),
	(24, 2),
	(25, 2),
	(26, 2),
	(27, 2),
	(28, 2),
	(29, 2),
	(30, 2),
	(31, 2),
	(32, 2),
	(33, 2),
	(34, 2),
	(35, 2),
	(36, 2),
	(37, 2),
	(38, 2),
	(39, 2),
	(40, 2),
	(41, 2),
	(42, 2),
	(43, 2),
	(44, 2),
	(45, 2),
	(46, 2),
	(47, 2),
	(48, 2),
	(49, 2),
	(50, 2),
	(51, 2),
	(52, 2),
	(53, 2),
	(54, 2),
	(55, 2),
	(56, 2),
	(57, 2),
	(58, 2),
	(59, 2),
	(60, 2),
	(61, 2),
	(62, 2),
	(63, 2),
	(64, 2),
	(65, 2),
	(66, 2),
	(67, 2),
	(68, 2),
	(69, 2),
	(70, 2),
	(71, 2),
	(72, 2),
	(73, 2),
	(74, 2),
	(75, 2),
	(76, 2),
	(77, 2),
	(78, 2),
	(79, 2),
	(80, 2),
	(81, 2),
	(82, 2),
	(83, 2),
	(84, 2),
	(85, 2),
	(86, 2),
	(87, 2),
	(88, 2),
	(89, 2),
	(90, 2),
	(91, 2),
	(92, 2),
	(93, 2),
	(94, 2),
	(95, 2),
	(96, 2),
	(97, 2),
	(98, 2),
	(99, 2),
	(100, 2),
	(101, 2),
	(102, 2),
	(103, 2),
	(104, 2),
	(105, 2),
	(106, 2),
	(107, 2),
	(108, 2),
	(109, 2),
	(110, 2),
	(111, 2),
	(112, 2),
	(113, 2),
	(114, 2),
	(115, 2),
	(116, 2),
	(117, 2),
	(118, 2),
	(119, 2),
	(120, 2),
	(121, 2),
	(122, 2),
	(123, 2),
	(124, 2),
	(125, 2),
	(126, 2),
	(127, 2),
	(128, 2),
	(129, 2),
	(130, 2),
	(131, 2),
	(132, 2),
	(133, 2),
	(134, 2),
	(135, 2),
	(136, 2),
	(137, 2),
	(138, 2),
	(139, 2),
	(140, 2),
	(141, 2),
	(142, 2),
	(143, 2),
	(144, 2),
	(145, 2),
	(146, 2),
	(147, 2),
	(148, 2),
	(149, 2),
	(150, 2),
	(151, 2),
	(152, 2),
	(153, 2),
	(154, 2),
	(155, 2),
	(156, 2),
	(157, 2),
	(158, 2),
	(159, 2),
	(160, 2),
	(161, 2),
	(162, 2),
	(163, 2),
	(164, 2),
	(165, 2),
	(166, 2),
	(167, 2),
	(168, 2),
	(169, 2),
	(170, 2),
	(171, 2),
	(172, 2),
	(173, 2),
	(174, 2),
	(175, 2),
	(176, 2),
	(177, 2),
	(178, 2),
	(179, 2),
	(180, 2),
	(181, 2),
	(182, 2),
	(183, 2),
	(184, 2),
	(185, 2),
	(186, 2),
	(187, 2),
	(188, 2),
	(189, 2),
	(190, 2),
	(191, 2),
	(192, 2),
	(193, 2),
	(194, 2),
	(195, 2),
	(196, 2),
	(197, 2),
	(198, 2),
	(199, 2),
	(200, 2),
	(201, 2),
	(202, 2),
	(203, 2),
	(204, 2),
	(205, 2),
	(206, 2),
	(207, 2),
	(208, 2),
	(209, 2),
	(210, 2),
	(211, 2),
	(212, 2),
	(213, 2),
	(214, 2),
	(215, 2),
	(216, 2),
	(217, 2),
	(218, 2),
	(219, 2),
	(220, 2),
	(221, 2),
	(222, 2),
	(223, 2),
	(224, 2),
	(225, 2),
	(226, 2),
	(227, 2),
	(228, 2),
	(229, 2),
	(230, 2),
	(231, 2),
	(232, 2),
	(233, 2),
	(234, 2),
	(235, 2),
	(236, 2),
	(237, 2),
	(238, 2),
	(239, 2),
	(240, 2),
	(241, 2),
	(242, 2),
	(243, 2),
	(244, 2),
	(245, 2),
	(246, 2),
	(247, 2),
	(248, 2),
	(249, 2),
	(250, 2),
	(251, 2),
	(252, 2),
	(253, 2),
	(254, 2),
	(255, 2),
	(256, 2),
	(257, 2),
	(258, 2),
	(259, 2),
	(260, 2),
	(261, 2),
	(262, 2),
	(263, 2),
	(264, 2),
	(265, 2),
	(266, 2),
	(267, 2),
	(268, 2),
	(269, 2),
	(270, 2),
	(271, 2),
	(272, 2),
	(273, 2),
	(274, 2),
	(275, 2),
	(276, 2),
	(277, 2),
	(278, 2),
	(279, 2),
	(280, 2),
	(281, 2),
	(282, 2),
	(283, 2),
	(284, 2),
	(285, 2),
	(286, 2),
	(287, 2),
	(288, 2),
	(289, 2),
	(290, 2),
	(291, 2),
	(292, 2),
	(293, 2),
	(294, 2),
	(295, 2),
	(296, 2),
	(297, 2),
	(298, 2),
	(299, 2),
	(300, 2),
	(301, 2),
	(302, 2),
	(303, 2),
	(304, 2),
	(305, 2),
	(306, 2),
	(307, 2),
	(308, 2),
	(309, 2),
	(310, 2),
	(311, 2),
	(312, 2),
	(313, 2),
	(314, 2),
	(315, 2),
	(316, 2),
	(317, 2),
	(318, 2),
	(319, 2),
	(320, 2),
	(321, 2),
	(322, 2),
	(323, 2),
	(324, 2),
	(325, 2),
	(326, 2),
	(327, 2),
	(328, 2),
	(329, 2),
	(330, 2),
	(331, 2),
	(332, 2),
	(333, 2),
	(334, 2),
	(335, 2),
	(336, 2),
	(337, 2),
	(79, 3),
	(80, 3),
	(81, 3),
	(91, 3),
	(92, 3),
	(103, 3),
	(104, 3),
	(115, 3),
	(116, 3),
	(163, 3),
	(164, 3),
	(265, 3),
	(266, 3),
	(312, 3);

-- Volcando datos para la tabla abprod.sales_goals: ~0 rows (aproximadamente)

-- Volcando datos para la tabla abprod.sizes: ~37 rows (aproximadamente)
INSERT INTO `sizes` (`id`, `name`, `created_at`, `updated_at`) VALUES
	(1, 'NORMAL', '2025-02-19 17:30:11', '2025-02-19 17:30:11'),
	(2, '1A-CAB', '2025-02-19 17:30:11', '2025-02-19 17:30:11'),
	(3, '1A-DAM', '2025-02-19 17:30:11', '2025-02-19 17:30:11'),
	(4, '2A-CAB', '2025-02-19 17:30:11', '2025-02-19 17:30:11'),
	(5, '2A-DAM', '2025-02-19 17:30:11', '2025-02-19 17:30:11'),
	(6, '4A-CAB', '2025-02-19 17:30:11', '2025-02-19 17:30:11'),
	(7, '4A-DAM', '2025-02-19 17:30:11', '2025-02-19 17:30:11'),
	(8, '6A-CAB', '2025-02-19 17:30:11', '2025-02-19 17:30:11'),
	(9, '6A-DAM', '2025-02-19 17:30:11', '2025-02-19 17:30:11'),
	(10, '8A-CAB', '2025-02-19 17:30:11', '2025-02-19 17:30:11'),
	(11, '8A-DAM', '2025-02-19 17:30:11', '2025-02-19 17:30:11'),
	(12, '10A-CAB', '2025-02-19 17:30:11', '2025-02-19 17:30:11'),
	(13, '10A-DAM', '2025-02-19 17:30:11', '2025-02-19 17:30:11'),
	(14, '14A-CAB', '2025-02-19 17:30:11', '2025-02-19 17:30:11'),
	(15, '14A-DAM', '2025-02-19 17:30:11', '2025-02-19 17:30:11'),
	(16, '16A-CAB', '2025-02-19 17:30:11', '2025-02-19 17:30:11'),
	(17, '16A-DAM', '2025-02-19 17:30:11', '2025-02-19 17:30:11'),
	(18, 'XP-CAB', '2025-02-19 17:30:11', '2025-02-19 17:30:11'),
	(19, 'XP-DAM', '2025-02-19 17:30:11', '2025-02-19 17:30:11'),
	(20, 'P-CAB', '2025-02-19 17:30:11', '2025-02-19 17:30:11'),
	(21, 'P-DAM', '2025-02-19 17:30:11', '2025-02-19 17:30:11'),
	(22, 'M-CAB', '2025-02-19 17:30:11', '2025-02-19 17:30:11'),
	(23, 'M-DAM', '2025-02-19 17:30:11', '2025-02-19 17:30:11'),
	(24, 'G-CAB', '2025-02-19 17:30:11', '2025-02-19 17:30:11'),
	(25, 'G-DAM', '2025-02-19 17:30:11', '2025-02-19 17:30:11'),
	(26, 'XG-CAB', '2025-02-19 17:30:11', '2025-02-19 17:30:11'),
	(27, 'XG-DAM', '2025-02-19 17:30:11', '2025-02-19 17:30:11'),
	(28, '2XG-CAB', '2025-02-19 17:30:11', '2025-02-19 17:30:11'),
	(29, '2XG-DAM', '2025-02-19 17:30:11', '2025-02-19 17:30:11'),
	(30, '3XG-CAB', '2025-02-19 17:30:11', '2025-02-19 17:30:11'),
	(31, '3XG-DAM', '2025-02-19 17:30:11', '2025-02-19 17:30:11'),
	(32, '4XG-CAB', '2025-02-19 17:30:11', '2025-02-19 17:30:11'),
	(33, '4XG-DAM', '2025-02-19 17:30:11', '2025-02-19 17:30:11'),
	(34, '5XG-CAB', '2025-02-19 17:30:11', '2025-02-19 17:30:11'),
	(35, '5XG-DAM', '2025-02-19 17:30:11', '2025-02-19 17:30:11'),
	(36, '6XG-CAB', '2025-02-19 17:30:11', '2025-02-19 17:30:11'),
	(37, '6XG-DAM', '2025-02-19 17:30:11', '2025-02-19 17:30:11');

-- Volcando datos para la tabla abprod.teams: ~0 rows (aproximadamente)
INSERT INTO `teams` (`id`, `name`, `leader_id`, `created_at`, `updated_at`) VALUES
	(1, 'Interno', 1, '2025-02-19 22:29:39', '2025-02-19 22:29:39');

-- Volcando datos para la tabla abprod.team_members: ~0 rows (aproximadamente)

-- Volcando datos para la tabla abprod.users: ~2 rows (aproximadamente)
INSERT INTO `users` (`id`, `name`, `email`, `email_verified_at`, `password`, `remember_token`, `created_at`, `updated_at`) VALUES
	(1, 'daril diaz', 'darildiaz29@gmail.com', NULL, '$2y$12$FyGbVFztNT6TYXFfifPES.j0uabyqfskZD3sE3Y7A4uRpJdnqrhmK', NULL, '2025-02-19 17:30:11', '2025-02-19 17:30:11'),
	(2, 'admin', 'admin@abdiez.com', NULL, '$2y$12$burbNc6LZcroPW23nfBIFOXXvt3JS6eGnwHpXjjwn4o5SYy8G02m2', NULL, '2025-02-19 17:30:11', '2025-02-19 17:30:11'),
	(3, 'vendedor', 'vendedor@abdiez.com', NULL, '$2y$12$n1CeITTXc1UzdttZvh1U6ekvOHlv2ckB9wFEYS81rJTHZngZg1cTy', NULL, '2025-02-19 17:30:11', '2025-02-19 17:30:11');

/*!40103 SET TIME_ZONE=IFNULL(@OLD_TIME_ZONE, 'system') */;
/*!40101 SET SQL_MODE=IFNULL(@OLD_SQL_MODE, '') */;
/*!40014 SET FOREIGN_KEY_CHECKS=IFNULL(@OLD_FOREIGN_KEY_CHECKS, 1) */;
/*!40101 SET CHARACTER_SET_CLIENT=@OLD_CHARACTER_SET_CLIENT */;
/*!40111 SET SQL_NOTES=IFNULL(@OLD_SQL_NOTES, 1) */;
