-- --------------------------------------------------------
-- Host:                         127.0.0.1
-- Versión del servidor:         8.0.30 - MySQL Community Server - GPL
-- SO del servidor:              Win64
-- HeidiSQL Versión:             12.1.0.6537
-- --------------------------------------------------------

/*!40101 SET @OLD_CHARACTER_SET_CLIENT=@@CHARACTER_SET_CLIENT */;
/*!40101 SET NAMES utf8 */;
/*!50503 SET NAMES utf8mb4 */;
/*!40103 SET @OLD_TIME_ZONE=@@TIME_ZONE */;
/*!40103 SET TIME_ZONE='+00:00' */;
/*!40014 SET @OLD_FOREIGN_KEY_CHECKS=@@FOREIGN_KEY_CHECKS, FOREIGN_KEY_CHECKS=0 */;
/*!40101 SET @OLD_SQL_MODE=@@SQL_MODE, SQL_MODE='NO_AUTO_VALUE_ON_ZERO' */;
/*!40111 SET @OLD_SQL_NOTES=@@SQL_NOTES, SQL_NOTES=0 */;

-- Volcando datos para la tabla abprod.categories: ~9 rows (aproximadamente)
INSERT INTO `categories` (`id`, `name`, `description`, `order`, `is_important`, `created_at`, `updated_at`, `code`) VALUES
	(1, 'Camiseta', NULL, 1, 1, '2025-02-05 21:46:09', '2025-02-05 21:46:09', NULL),
	(2, 'Camisilla', NULL, 2, 1, '2025-02-05 21:46:09', '2025-02-05 21:46:09', NULL),
	(3, 'Short', NULL, 3, 1, '2025-02-05 21:46:09', '2025-02-05 21:46:09', NULL),
	(4, 'Media', NULL, 4, 1, '2025-02-05 21:46:09', '2025-02-05 21:46:09', NULL),
	(5, 'Camiseta Manga largas', NULL, 5, 1, '2025-02-05 21:46:09', '2025-02-05 21:46:09', NULL),
	(6, 'Botinera', NULL, 6, 1, '2025-02-05 21:46:09', '2025-02-05 21:46:09', NULL),
	(7, 'Blusa Allegra', NULL, 8, 0, '2025-02-05 21:46:09', '2025-02-05 21:46:09', NULL),
	(8, 'Camisa', NULL, 9, 0, '2025-02-05 21:46:09', '2025-02-05 21:46:09', NULL),
	(9, 'Remera', NULL, 10, 0, '2025-02-05 21:46:09', '2025-02-05 21:46:09', NULL);

-- Volcando datos para la tabla abprod.centers: ~10 rows (aproximadamente)
INSERT INTO `centers` (`id`, `name`, `level`, `created_at`, `updated_at`) VALUES
	(1, 'Diagramacion', 2, '2025-02-05 21:46:09', '2025-02-08 14:09:15'),
	(2, 'Impresion', 3, '2025-02-05 21:46:09', '2025-02-08 14:09:24'),
	(3, 'Sublimacion', 4, '2025-02-05 21:46:09', '2025-02-08 14:09:33'),
	(4, 'Corte', 1, '2025-02-05 21:46:09', '2025-02-08 14:07:09'),
	(5, 'Taller', 5, '2025-02-05 21:46:09', '2025-02-05 21:46:09'),
	(6, 'Plancha', 6, '2025-02-05 21:46:10', '2025-02-05 21:46:10'),
	(7, 'Vinilo y terminado', 7, '2025-02-05 21:46:10', '2025-02-05 21:46:10'),
	(8, 'Bordado', 8, '2025-02-05 21:46:10', '2025-02-05 21:46:10'),
	(9, 'Empaque', 9, '2025-02-05 21:46:10', '2025-02-05 21:46:10'),
	(10, 'Compras', 1, '2025-02-13 20:02:50', '2025-02-13 20:02:50');

-- Volcando datos para la tabla abprod.class_centers: ~9 rows (aproximadamente)
INSERT INTO `class_centers` (`id`, `category_id`, `center_id`, `created_at`, `updated_at`, `item`) VALUES
	(1, 1, 1, '2025-02-13 13:49:26', '2025-02-13 13:51:37', 1),
	(2, 1, 4, '2025-02-13 13:49:42', '2025-02-13 13:49:42', 1),
	(3, 1, 2, '2025-02-13 13:51:50', '2025-02-13 13:51:50', 2),
	(4, 1, 3, '2025-02-13 13:52:02', '2025-02-13 13:52:02', 3),
	(5, 1, 5, '2025-02-13 13:52:14', '2025-02-13 13:52:14', 4),
	(6, 1, 8, '2025-02-13 13:52:28', '2025-02-13 13:52:28', 5),
	(7, 1, 7, '2025-02-13 13:52:36', '2025-02-13 13:52:36', 6),
	(8, 1, 6, '2025-02-13 13:53:20', '2025-02-13 13:53:32', 7),
	(9, 1, 9, '2025-02-13 13:53:45', '2025-02-13 13:53:45', 8);

-- Volcando datos para la tabla abprod.customers: ~1 rows (aproximadamente)
INSERT INTO `customers` (`id`, `nif`, `name`, `address`, `phone`, `user_id`, `created_at`, `updated_at`) VALUES
	(1, '5192306', 'Daril Diaz', 'Horqueta', '0972813605', 1, '2025-02-05 21:46:10', '2025-02-05 21:46:10');

-- Volcando datos para la tabla abprod.discounts: ~0 rows (aproximadamente)

-- Volcando datos para la tabla abprod.error_orders: ~3 rows (aproximadamente)
INSERT INTO `error_orders` (`id`, `date`, `order_id`, `center_id`, `product_id`, `part_id`, `item`, `obs_det`, `tela`, `quantity`, `created_at`, `updated_at`, `obs_error`) VALUES
	(1, '2025-02-08', 1, 1, 1, 1, 1, 'manga g orden:11', 0, 2, '2025-02-08 16:05:48', '2025-02-08 16:34:18', 'salio manchado'),
	(2, '2025-02-08', 1, 3, 1, 1, 1, NULL, 1, 1, '2025-02-08 16:29:37', '2025-02-08 16:34:46', 'se arrugo\n'),
	(3, '2025-02-09', 10, 1, 1, 3, 1, 'trtr', 1, 2, '2025-02-10 00:32:57', '2025-02-10 00:32:57', 'wrtwret');

-- Volcando datos para la tabla abprod.failed_jobs: ~0 rows (aproximadamente)

-- Volcando datos para la tabla abprod.lines: ~8 rows (aproximadamente)
INSERT INTO `lines` (`id`, `code`, `name`, `created_at`, `updated_at`) VALUES
	(1, 'C', 'Eco', '2025-02-05 21:46:09', '2025-02-05 21:46:09'),
	(2, 'B', 'Basic', '2025-02-05 21:46:09', '2025-02-05 21:46:09'),
	(3, 'S', 'Estandar', '2025-02-05 21:46:09', '2025-02-05 21:46:09'),
	(4, 'F', 'Oficial', '2025-02-05 21:46:09', '2025-02-05 21:46:09'),
	(5, 'A', 'Profesional', '2025-02-05 21:46:09', '2025-02-05 21:46:09'),
	(6, 'R', 'Semi Profesional', '2025-02-05 21:46:09', '2025-02-05 21:46:09'),
	(7, 'PR', 'Premium', '2025-02-05 21:46:09', '2025-02-05 21:46:09'),
	(8, 'E', 'Elite', '2025-02-05 21:46:09', '2025-02-05 21:46:09');

-- Volcando datos para la tabla abprod.migrations: ~33 rows (aproximadamente)
INSERT INTO `migrations` (`id`, `migration`, `batch`) VALUES
	(1, '2014_10_12_000000_create_users_table', 1),
	(2, '2014_10_12_100000_create_password_reset_tokens_table', 1),
	(3, '2019_08_19_000000_create_failed_jobs_table', 1),
	(4, '2019_12_14_000001_create_personal_access_tokens_table', 1),
	(5, '2025_01_27_125717_create_lines_table', 1),
	(6, '2025_01_27_133809_create_categories_table', 1),
	(7, '2025_01_27_133809_create_sizes_table', 1),
	(8, '2025_01_27_133810_create_products_table', 1),
	(9, '2025_01_27_133811_create_centers_table', 1),
	(10, '2025_01_27_133811_create_discounts_table', 1),
	(11, '2025_01_27_133811_create_prices_table', 1),
	(12, '2025_01_27_133811_create_product_centers_table', 1),
	(13, '2025_01_27_133812_create_operators_table', 1),
	(14, '2025_01_27_133813_create_question_categories_table', 1),
	(15, '2025_01_27_133813_create_questions_table', 1),
	(16, '2025_01_27_133814_create_customers_table', 1),
	(17, '2025_01_27_133814_create_orders_table', 1),
	(18, '2025_01_27_133814_create_production_table', 1),
	(19, '2025_01_27_133815_create_order_items_table', 1),
	(20, '2025_01_27_133815_create_order_molds_table', 1),
	(21, '2025_01_27_133815_create_productiondets_table', 1),
	(22, '2025_01_27_133816_create_order_references_table', 1),
	(23, '2025_01_27_133817_create_order_item_products_table', 1),
	(24, '2025_01_27_133817_create_orderquestionanswers_table', 1),
	(25, '2025_02_08_124953_create_parts_table', 2),
	(26, '2025_02_08_125001_create_error_orders_table', 2),
	(28, '2025_02_08_125008_create_reorders_table', 3),
	(33, '2025_02_08_142106_create_permission_tables', 4),
	(34, '2025_01_27_133809_create_teams_table', 5),
	(35, '2025_02_10_173900_create_sales_goals_table', 5),
	(36, '2025_02_10_173900_create_team_members_table', 5),
	(37, '2025_02_12_201940_create_class_centers_table', 6),
	(38, '2025_02_12_202013_create_plannings_table', 6);

-- Volcando datos para la tabla abprod.model_has_permissions: ~0 rows (aproximadamente)

-- Volcando datos para la tabla abprod.model_has_roles: ~2 rows (aproximadamente)
INSERT INTO `model_has_roles` (`role_id`, `model_type`, `model_id`) VALUES
	(2, 'App\\Models\\User', 1),
	(3, 'App\\Models\\User', 3);

-- Volcando datos para la tabla abprod.operators: ~1 rows (aproximadamente)
INSERT INTO `operators` (`id`, `name`, `position`, `user_id`, `center_id`, `created_at`, `updated_at`) VALUES
	(1, 'Tobias', 'Diagramador', 1, 1, '2025-02-05 21:46:10', '2025-02-05 21:46:10');

-- Volcando datos para la tabla abprod.orders: ~11 rows (aproximadamente)
INSERT INTO `orders` (`id`, `bitrix_id`, `customer_id`, `seller_id`, `reference_name`, `issue_date`, `delivery_date`, `total`, `classification_id`, `status`, `created_at`, `updated_at`, `shipping_date`, `completion_date`, `team_id`) VALUES
	(1, 24254, 1, 1, 'ORD-20250205-2104', '2025-02-05', '2025-02-15', 45000, 1, 0, '2025-02-05 21:48:22', '2025-02-05 21:48:22', '2025-02-10', '2025-02-10', 1),
	(2, NULL, 1, 1, 'ORD-20250205-4100', '2025-02-05', '2025-02-15', 45, 1, 2, '2025-02-05 23:08:46', '2025-02-07 22:42:55', '2025-02-07', '2025-02-07', 1),
	(8, NULL, 1, 1, 'ORD-20250206-9094', '2025-01-06', '2025-02-16', 22, 1, 0, '2025-02-06 18:00:34', '2025-02-06 18:00:34', '2025-02-10', '2025-02-10', 1),
	(10, NULL, 1, 1, 'ORD-20250206-2071', '2025-02-06', '2025-02-16', 0, 1, 0, '2025-02-06 21:16:57', '2025-02-06 21:16:57', '2025-02-10', '2025-02-10', 1),
	(11, NULL, 1, 1, 'sport prueba 3', '2025-02-10', '2025-02-20', 900, 1, 0, '2025-02-10 17:04:23', '2025-02-10 17:04:23', '2025-02-10', '2025-02-10', 2),
	(12, NULL, 1, 3, 'sport prueba 3', '2025-02-10', '2025-02-20', 45, 1, 0, '2025-02-10 18:02:25', '2025-02-10 18:02:25', '2025-02-10', '2025-02-10', 2),
	(13, NULL, 1, 3, 'sport prueba 3', '2025-02-10', '2025-02-20', 2500, 1, 0, '2025-02-10 19:15:32', '2025-02-10 19:15:32', '2025-02-10', '2025-02-10', 3),
	(14, 134134, 1, 1, 'sport prueba 3', '2025-02-11', '2025-02-21', 800450, 1, 0, '2025-02-11 14:02:52', '2025-02-11 14:02:52', NULL, NULL, NULL),
	(15, NULL, 1, 1, 'sport prueba 1', '2025-02-11', '2025-02-21', 800450, 1, 0, '2025-02-11 14:24:10', '2025-02-11 14:24:10', NULL, NULL, NULL),
	(16, NULL, 1, 3, 'sport prueba 3', '2025-02-12', '2025-02-22', 45, 1, 0, '2025-02-12 23:08:45', '2025-02-12 23:08:45', NULL, NULL, 2),
	(17, NULL, 1, 1, 'sport prueba 3', '2025-02-13', '2025-02-17', 800450, 1, 0, '2025-02-13 15:39:26', '2025-02-13 15:39:26', NULL, NULL, 1);

-- Volcando datos para la tabla abprod.order_items: ~81 rows (aproximadamente)
INSERT INTO `order_items` (`id`, `order_id`, `item`, `model`, `name`, `number`, `other`, `size_id`, `quantity`, `price`, `subtotal`, `discount`, `product_id`, `created_at`, `updated_at`) VALUES
	(1, 1, 1, 'MODELO 1', NULL, NULL, NULL, 23, 1, 45, 45, 0, '["1"]', '2025-02-05 21:48:22', '2025-02-05 21:48:22'),
	(2, 2, 1, 'MODELO 1', NULL, NULL, NULL, 22, 1, 45, 45, 0, '["1"]', '2025-02-05 23:08:46', '2025-02-05 23:08:46'),
	(8, 8, 1, 'MODELO 1', NULL, NULL, NULL, 1, 1, 0, 0, 0, '[]', '2025-02-06 18:00:34', '2025-02-06 18:00:34'),
	(10, 10, 1, 'MODELO 1', NULL, NULL, NULL, 1, 1, 0, 0, 0, '[]', '2025-02-06 21:16:57', '2025-02-06 21:16:57'),
	(11, 11, 1, 'oficial', 'jugador 1', '10', '0rh+', 22, 1, 45, 45, 0, '[1]', '2025-02-10 17:04:23', '2025-02-10 17:04:23'),
	(12, 11, 2, 'oficial', 'jugador 2', '1', '0rh+', 24, 1, 45, 45, 0, '[1]', '2025-02-10 17:04:23', '2025-02-10 17:04:23'),
	(13, 11, 3, 'oficial', 'jugador 3', NULL, '0rh+', 20, 2, 45, 90, 0, '[1]', '2025-02-10 17:04:23', '2025-02-10 17:04:23'),
	(14, 11, 4, 'oficial', 'jugador 1', '10', '0rh+', 22, 1, 45, 45, 0, '[1]', '2025-02-10 17:04:23', '2025-02-10 17:04:23'),
	(15, 11, 5, 'oficial', 'jugador 2', '1', '0rh+', 24, 1, 45, 45, 0, '[1]', '2025-02-10 17:04:23', '2025-02-10 17:04:23'),
	(16, 11, 6, 'oficial', 'jugador 3', NULL, '0rh+', 20, 2, 45, 90, 0, '[1]', '2025-02-10 17:04:23', '2025-02-10 17:04:23'),
	(17, 11, 7, 'oficial', 'jugador 1', '10', '0rh+', 22, 1, 45, 45, 0, '[1]', '2025-02-10 17:04:23', '2025-02-10 17:04:23'),
	(18, 11, 8, 'oficial', 'jugador 2', '1', '0rh+', 24, 1, 45, 45, 0, '[1]', '2025-02-10 17:04:23', '2025-02-10 17:04:23'),
	(19, 11, 9, 'oficial', 'jugador 3', NULL, '0rh+', 20, 2, 45, 90, 0, '[1]', '2025-02-10 17:04:23', '2025-02-10 17:04:23'),
	(20, 11, 10, 'oficial', 'jugador 1', '10', '0rh+', 22, 1, 45, 45, 0, '[1]', '2025-02-10 17:04:23', '2025-02-10 17:04:23'),
	(21, 11, 11, 'oficial', 'jugador 2', '1', '0rh+', 24, 1, 45, 45, 0, '[1]', '2025-02-10 17:04:23', '2025-02-10 17:04:23'),
	(22, 11, 12, 'oficial', 'jugador 3', NULL, '0rh+', 20, 2, 45, 90, 0, '[1]', '2025-02-10 17:04:23', '2025-02-10 17:04:23'),
	(23, 11, 13, 'oficial', 'jugador 1', '10', '0rh+', 22, 1, 45, 45, 0, '[1]', '2025-02-10 17:04:23', '2025-02-10 17:04:23'),
	(24, 11, 14, 'oficial', 'jugador 2', '1', '0rh+', 24, 1, 45, 45, 0, '[1]', '2025-02-10 17:04:23', '2025-02-10 17:04:23'),
	(25, 11, 15, 'oficial', 'jugador 3', NULL, '0rh+', 20, 2, 45, 90, 0, '[1]', '2025-02-10 17:04:23', '2025-02-10 17:04:23'),
	(26, 12, 1, 'MODELO 1', 'gfsfg', 'sfgs', 'sfgsfg', 23, 1, 45, 45, 0, '["1"]', '2025-02-10 18:02:25', '2025-02-10 18:02:25'),
	(27, 13, 1, 'oficial', 'jugador 1', '10', '0rh+', 22, 1, 45, 45, 0, '[1]', '2025-02-10 19:15:32', '2025-02-10 19:15:32'),
	(28, 13, 2, 'oficial', 'jugador 2', '1', '0rh+', 24, 1, 45, 45, 0, '[1]', '2025-02-10 19:15:32', '2025-02-10 19:15:32'),
	(29, 13, 3, 'oficial', 'jugador 3', NULL, '0rh+', 20, 2, 45, 90, 0, '[1]', '2025-02-10 19:15:32', '2025-02-10 19:15:32'),
	(30, 13, 4, 'oficial', 'jugador 1', '10', '0rh+', 22, 1, 45, 45, 0, '[1]', '2025-02-10 19:15:32', '2025-02-10 19:15:32'),
	(31, 13, 5, 'oficial', 'jugador 2', '1', '0rh+', 24, 1, 45, 45, 0, '[1]', '2025-02-10 19:15:32', '2025-02-10 19:15:32'),
	(32, 13, 6, 'oficial', 'jugador 3', NULL, '0rh+', 20, 2, 45, 90, 0, '[1]', '2025-02-10 19:15:32', '2025-02-10 19:15:32'),
	(33, 13, 7, 'oficial', 'jugador 1', '10', '0rh+', 22, 1, 45, 45, 0, '[1]', '2025-02-10 19:15:32', '2025-02-10 19:15:32'),
	(34, 13, 8, 'oficial', 'jugador 2', '1', '0rh+', 24, 1, 45, 45, 0, '[1]', '2025-02-10 19:15:32', '2025-02-10 19:15:32'),
	(35, 13, 9, 'oficial', 'jugador 3', NULL, '0rh+', 20, 2, 45, 90, 0, '[1]', '2025-02-10 19:15:32', '2025-02-10 19:15:32'),
	(36, 13, 10, 'oficial', 'jugador 1', '10', '0rh+', 22, 1, 45, 45, 0, '[1]', '2025-02-10 19:15:32', '2025-02-10 19:15:32'),
	(37, 13, 11, 'oficial', 'jugador 2', '1', '0rh+', 24, 1, 45, 45, 0, '[1]', '2025-02-10 19:15:32', '2025-02-10 19:15:32'),
	(38, 13, 12, 'oficial', 'jugador 3', NULL, '0rh+', 20, 2, 45, 90, 0, '[1]', '2025-02-10 19:15:32', '2025-02-10 19:15:32'),
	(39, 13, 13, 'oficial', 'jugador 1', '10', '0rh+', 22, 1, 45, 45, 0, '[1]', '2025-02-10 19:15:32', '2025-02-10 19:15:32'),
	(40, 13, 14, 'oficial', 'jugador 2', '1', '0rh+', 24, 1, 45, 45, 0, '[1]', '2025-02-10 19:15:32', '2025-02-10 19:15:32'),
	(41, 13, 15, 'oficial', 'jugador 3', NULL, '0rh+', 20, 2, 45, 90, 0, '[1]', '2025-02-10 19:15:32', '2025-02-10 19:15:32'),
	(42, 14, 1, 'oficial', 'jugador 1', '10', '0rh+', 22, 1, 45, 45, 0, '[1]', '2025-02-11 14:02:52', '2025-02-11 14:02:52'),
	(43, 14, 2, 'oficial', 'jugador 2', '1', '0rh+', 24, 1, 45, 45, 0, '[1]', '2025-02-11 14:02:52', '2025-02-11 14:02:52'),
	(44, 14, 3, 'oficial', 'jugador 3', NULL, '0rh+', 20, 2, 80000, 160000, 0, '[1]', '2025-02-11 14:02:52', '2025-02-11 14:02:52'),
	(45, 14, 4, 'oficial', 'jugador 1', '10', '0rh+', 22, 1, 45, 45, 0, '[1]', '2025-02-11 14:02:52', '2025-02-11 14:02:52'),
	(46, 14, 5, 'oficial', 'jugador 2', '1', '0rh+', 24, 1, 45, 45, 0, '[1]', '2025-02-11 14:02:52', '2025-02-11 14:02:52'),
	(47, 14, 6, 'oficial', 'jugador 3', NULL, '0rh+', 20, 2, 80000, 160000, 0, '[1]', '2025-02-11 14:02:52', '2025-02-11 14:02:52'),
	(48, 14, 7, 'oficial', 'jugador 1', '10', '0rh+', 22, 1, 45, 45, 0, '[1]', '2025-02-11 14:02:52', '2025-02-11 14:02:52'),
	(49, 14, 8, 'oficial', 'jugador 2', '1', '0rh+', 24, 1, 45, 45, 0, '[1]', '2025-02-11 14:02:52', '2025-02-11 14:02:52'),
	(50, 14, 9, 'oficial', 'jugador 3', NULL, '0rh+', 20, 2, 80000, 160000, 0, '[1]', '2025-02-11 14:02:52', '2025-02-11 14:02:52'),
	(51, 14, 10, 'oficial', 'jugador 1', '10', '0rh+', 22, 1, 45, 45, 0, '[1]', '2025-02-11 14:02:52', '2025-02-11 14:02:52'),
	(52, 14, 11, 'oficial', 'jugador 2', '1', '0rh+', 24, 1, 45, 45, 0, '[1]', '2025-02-11 14:02:52', '2025-02-11 14:02:52'),
	(53, 14, 12, 'oficial', 'jugador 3', NULL, '0rh+', 20, 2, 80000, 160000, 0, '[1]', '2025-02-11 14:02:52', '2025-02-11 14:02:52'),
	(54, 14, 13, 'oficial', 'jugador 1', '10', '0rh+', 22, 1, 45, 45, 0, '[1]', '2025-02-11 14:02:52', '2025-02-11 14:02:52'),
	(55, 14, 14, 'oficial', 'jugador 2', '1', '0rh+', 24, 1, 45, 45, 0, '[1]', '2025-02-11 14:02:52', '2025-02-11 14:02:52'),
	(56, 14, 15, 'oficial', 'jugador 3', NULL, '0rh+', 20, 3, 80000, 240000, 0, '[1]', '2025-02-11 14:02:52', '2025-02-11 14:02:52'),
	(57, 15, 1, 'oficial', 'jugador 1', '10', '0rh+', 22, 1, 45, 45, 0, '[1]', '2025-02-11 14:24:10', '2025-02-11 14:24:10'),
	(58, 15, 2, 'oficial', 'jugador 2', '1', '0rh+', 24, 1, 45, 45, 0, '[1]', '2025-02-11 14:24:10', '2025-02-11 14:24:10'),
	(59, 15, 3, 'oficial', 'jugador 3', NULL, '0rh+', 20, 2, 80000, 160000, 0, '[1]', '2025-02-11 14:24:10', '2025-02-11 14:24:10'),
	(60, 15, 4, 'oficial', 'jugador 1', '10', '0rh+', 22, 1, 45, 45, 0, '[1]', '2025-02-11 14:24:10', '2025-02-11 14:24:10'),
	(61, 15, 5, 'oficial', 'jugador 2', '1', '0rh+', 24, 1, 45, 45, 0, '[1]', '2025-02-11 14:24:10', '2025-02-11 14:24:10'),
	(62, 15, 6, 'oficial', 'jugador 3', NULL, '0rh+', 20, 2, 80000, 160000, 0, '[1]', '2025-02-11 14:24:10', '2025-02-11 14:24:10'),
	(63, 15, 7, 'oficial', 'jugador 1', '10', '0rh+', 22, 1, 45, 45, 0, '[1]', '2025-02-11 14:24:10', '2025-02-11 14:24:10'),
	(64, 15, 8, 'oficial', 'jugador 2', '1', '0rh+', 24, 1, 45, 45, 0, '[1]', '2025-02-11 14:24:10', '2025-02-11 14:24:10'),
	(65, 15, 9, 'oficial', 'jugador 3', NULL, '0rh+', 20, 2, 80000, 160000, 0, '[1]', '2025-02-11 14:24:10', '2025-02-11 14:24:10'),
	(66, 15, 10, 'oficial', 'jugador 1', '10', '0rh+', 22, 1, 45, 45, 0, '[1]', '2025-02-11 14:24:10', '2025-02-11 14:24:10'),
	(67, 15, 11, 'oficial', 'jugador 2', '1', '0rh+', 24, 1, 45, 45, 0, '[1]', '2025-02-11 14:24:10', '2025-02-11 14:24:10'),
	(68, 15, 12, 'oficial', 'jugador 3', NULL, '0rh+', 20, 2, 80000, 160000, 0, '[1]', '2025-02-11 14:24:10', '2025-02-11 14:24:10'),
	(69, 15, 13, 'oficial', 'jugador 1', '10', '0rh+', 22, 1, 45, 45, 0, '[1]', '2025-02-11 14:24:10', '2025-02-11 14:24:10'),
	(70, 15, 14, 'oficial', 'jugador 2', '1', '0rh+', 24, 1, 45, 45, 0, '[1]', '2025-02-11 14:24:10', '2025-02-11 14:24:10'),
	(71, 15, 15, 'oficial', 'jugador 3', NULL, '0rh+', 20, 2, 80000, 160000, 0, '[1]', '2025-02-11 14:24:10', '2025-02-11 14:24:10'),
	(72, 16, 1, 'MODELO 1', NULL, NULL, NULL, 23, 1, 45, 45, 0, '["1"]', '2025-02-12 23:08:45', '2025-02-12 23:08:45'),
	(73, 17, 1, 'oficial', 'jugador 1', '10', '0rh+', 22, 1, 45, 45, 0, '[1]', '2025-02-13 15:39:26', '2025-02-13 15:39:26'),
	(74, 17, 2, 'oficial', 'jugador 2', '1', '0rh+', 24, 1, 45, 45, 0, '[1]', '2025-02-13 15:39:26', '2025-02-13 15:39:26'),
	(75, 17, 3, 'oficial', 'jugador 3', NULL, '0rh+', 20, 2, 80000, 160000, 0, '[1]', '2025-02-13 15:39:26', '2025-02-13 15:39:26'),
	(76, 17, 4, 'oficial', 'jugador 1', '10', '0rh+', 22, 1, 45, 45, 0, '[1]', '2025-02-13 15:39:26', '2025-02-13 15:39:26'),
	(77, 17, 5, 'oficial', 'jugador 2', '1', '0rh+', 24, 1, 45, 45, 0, '[1]', '2025-02-13 15:39:26', '2025-02-13 15:39:26'),
	(78, 17, 6, 'oficial', 'jugador 3', NULL, '0rh+', 20, 2, 80000, 160000, 0, '[1]', '2025-02-13 15:39:26', '2025-02-13 15:39:26'),
	(79, 17, 7, 'oficial', 'jugador 1', '10', '0rh+', 22, 1, 45, 45, 0, '[1]', '2025-02-13 15:39:26', '2025-02-13 15:39:26'),
	(80, 17, 8, 'oficial', 'jugador 2', '1', '0rh+', 24, 1, 45, 45, 0, '[1]', '2025-02-13 15:39:26', '2025-02-13 15:39:26'),
	(81, 17, 9, 'oficial', 'jugador 3', NULL, '0rh+', 20, 2, 80000, 160000, 0, '[1]', '2025-02-13 15:39:26', '2025-02-13 15:39:26'),
	(82, 17, 10, 'oficial', 'jugador 1', '10', '0rh+', 22, 1, 45, 45, 0, '[1]', '2025-02-13 15:39:26', '2025-02-13 15:39:26'),
	(83, 17, 11, 'oficial', 'jugador 2', '1', '0rh+', 24, 1, 45, 45, 0, '[1]', '2025-02-13 15:39:26', '2025-02-13 15:39:26'),
	(84, 17, 12, 'oficial', 'jugador 3', NULL, '0rh+', 20, 2, 80000, 160000, 0, '[1]', '2025-02-13 15:39:26', '2025-02-13 15:39:26'),
	(85, 17, 13, 'oficial', 'jugador 1', '10', '0rh+', 22, 1, 45, 45, 0, '[1]', '2025-02-13 15:39:26', '2025-02-13 15:39:26'),
	(86, 17, 14, 'oficial', 'jugador 2', '1', '0rh+', 24, 1, 45, 45, 0, '[1]', '2025-02-13 15:39:26', '2025-02-13 15:39:26'),
	(87, 17, 15, 'oficial', 'jugador 3', NULL, '0rh+', 20, 2, 80000, 160000, 0, '[1]', '2025-02-13 15:39:26', '2025-02-13 15:39:26');

-- Volcando datos para la tabla abprod.order_item_products: ~1 rows (aproximadamente)
INSERT INTO `order_item_products` (`id`, `order_item_id`, `reference_id`, `size_id`, `price`, `quantity`, `created_at`, `updated_at`) VALUES
	(1, 1, 1, 12, 1, 1, '2025-02-05 19:43:09', '2025-02-05 19:43:10');

-- Volcando datos para la tabla abprod.order_molds: ~12 rows (aproximadamente)
INSERT INTO `order_molds` (`id`, `order_id`, `title`, `imagen`, `created_at`, `updated_at`) VALUES
	(1, 1, 'MODELO 1', 'orders/01JKED8EHBZ2AQE4MK3XRBFGRD.png', '2025-02-05 21:48:22', '2025-02-06 22:54:43'),
	(2, 2, 'MODELO 1', NULL, '2025-02-05 23:08:46', '2025-02-05 23:08:46'),
	(3, 2, 'MODELO 2', NULL, '2025-02-05 23:08:46', '2025-02-05 23:08:46'),
	(9, 8, 'MODELO 1', NULL, '2025-02-06 18:00:34', '2025-02-06 18:00:34'),
	(11, 10, 'MODELO 1', NULL, '2025-02-06 21:16:57', '2025-02-06 21:16:57'),
	(12, 11, 'MODELO 1', 'orders/01JKR2SV2N8PBB3Q2R68AF3MTR.png', '2025-02-10 17:04:23', '2025-02-10 17:04:23'),
	(13, 12, 'MODELO 1', 'orders/01JKR64331YVRG8W9Q6Y90BYC7.png', '2025-02-10 18:02:25', '2025-02-10 18:02:25'),
	(14, 13, 'MODELO 1', 'orders/01JKRA9ZWJG8J45B81ZMWYA9SP.png', '2025-02-10 19:15:32', '2025-02-10 19:15:32'),
	(15, 14, 'MODELO 1', NULL, '2025-02-11 14:02:52', '2025-02-11 14:02:52'),
	(16, 15, 'MODELO 1', NULL, '2025-02-11 14:24:10', '2025-02-11 14:24:10'),
	(17, 16, 'MODELO 1', NULL, '2025-02-12 23:08:45', '2025-02-12 23:08:45'),
	(18, 17, 'MODELO 1', NULL, '2025-02-13 15:39:26', '2025-02-13 15:39:26');

-- Volcando datos para la tabla abprod.order_question_answers: ~25 rows (aproximadamente)
INSERT INTO `order_question_answers` (`id`, `order_id`, `question_id`, `answer`, `created_at`, `updated_at`) VALUES
	(4, 8, 1, '1', '2025-02-06 18:00:34', '2025-02-06 18:00:34'),
	(5, 10, 3, 'dfadfa', '2025-02-06 21:16:57', '2025-02-06 21:16:57'),
	(6, 10, 1, 'adfadf', '2025-02-06 21:16:57', '2025-02-06 21:16:57'),
	(7, 10, 4, 'adfadf', '2025-02-06 21:16:57', '2025-02-06 21:16:57'),
	(8, 11, 1, 'color 740', '2025-02-10 17:04:23', '2025-02-10 17:04:23'),
	(9, 11, 2, 'si', '2025-02-10 17:04:23', '2025-02-10 17:04:23'),
	(10, 11, 3, '5', '2025-02-10 17:04:23', '2025-02-10 17:04:23'),
	(11, 12, 1, 'd', '2025-02-10 18:02:25', '2025-02-10 18:02:25'),
	(12, 12, 2, 'd', '2025-02-10 18:02:25', '2025-02-10 18:02:25'),
	(13, 12, 3, 'd', '2025-02-10 18:02:25', '2025-02-10 18:02:25'),
	(14, 13, 1, 'azul marino', '2025-02-10 19:15:32', '2025-02-10 19:15:32'),
	(15, 13, 2, 'si', '2025-02-10 19:15:32', '2025-02-10 19:15:32'),
	(16, 13, 3, '5', '2025-02-10 19:15:32', '2025-02-10 19:15:32'),
	(17, 14, 1, '125', '2025-02-11 14:02:52', '2025-02-11 14:02:52'),
	(18, 14, 2, 'si', '2025-02-11 14:02:52', '2025-02-11 14:02:52'),
	(19, 14, 3, 'no', '2025-02-11 14:02:52', '2025-02-11 14:02:52'),
	(20, 15, 1, '1', '2025-02-11 14:24:10', '2025-02-11 14:24:10'),
	(21, 15, 2, '1', '2025-02-11 14:24:10', '2025-02-11 14:24:10'),
	(22, 15, 3, '1', '2025-02-11 14:24:10', '2025-02-11 14:24:10'),
	(23, 16, 1, '5', '2025-02-12 23:08:45', '2025-02-12 23:08:45'),
	(24, 16, 2, '5', '2025-02-12 23:08:45', '2025-02-12 23:08:45'),
	(25, 16, 3, '5', '2025-02-12 23:08:45', '2025-02-12 23:08:45'),
	(26, 17, 1, '2', '2025-02-13 15:39:26', '2025-02-13 15:39:26'),
	(27, 17, 2, '2', '2025-02-13 15:39:26', '2025-02-13 15:39:26'),
	(28, 17, 3, '2', '2025-02-13 15:39:26', '2025-02-13 15:39:26');

-- Volcando datos para la tabla abprod.order_references: ~81 rows (aproximadamente)
INSERT INTO `order_references` (`id`, `order_id`, `item`, `product_id`, `size_id`, `quantity`, `price`, `discount`, `created_at`, `updated_at`) VALUES
	(1, 1, 1, 1, 23, 1, 45, 0, '2025-02-05 21:48:22', '2025-02-05 21:48:22'),
	(2, 2, 1, 1, 22, 1, 45, 0, '2025-02-05 23:08:46', '2025-02-05 23:08:46'),
	(7, 8, 1, 1, 1, 1, 1, 0, '2025-02-06 18:00:34', '2025-02-06 18:00:34'),
	(9, 10, 1, 1, 1, 21, 1, 0, '2025-02-06 21:16:57', '2025-02-06 21:16:57'),
	(10, 11, 1, 1, 22, 1, 45, 0, '2025-02-10 17:04:23', '2025-02-10 17:04:23'),
	(11, 11, 2, 1, 24, 1, 45, 0, '2025-02-10 17:04:23', '2025-02-10 17:04:23'),
	(12, 11, 3, 1, 20, 2, 45, 0, '2025-02-10 17:04:23', '2025-02-10 17:04:23'),
	(13, 11, 4, 1, 22, 1, 45, 0, '2025-02-10 17:04:23', '2025-02-10 17:04:23'),
	(14, 11, 5, 1, 24, 1, 45, 0, '2025-02-10 17:04:23', '2025-02-10 17:04:23'),
	(15, 11, 6, 1, 20, 2, 45, 0, '2025-02-10 17:04:23', '2025-02-10 17:04:23'),
	(16, 11, 7, 1, 22, 1, 45, 0, '2025-02-10 17:04:23', '2025-02-10 17:04:23'),
	(17, 11, 8, 1, 24, 1, 45, 0, '2025-02-10 17:04:23', '2025-02-10 17:04:23'),
	(18, 11, 9, 1, 20, 2, 45, 0, '2025-02-10 17:04:23', '2025-02-10 17:04:23'),
	(19, 11, 10, 1, 22, 1, 45, 0, '2025-02-10 17:04:23', '2025-02-10 17:04:23'),
	(20, 11, 11, 1, 24, 1, 45, 0, '2025-02-10 17:04:23', '2025-02-10 17:04:23'),
	(21, 11, 12, 1, 20, 2, 45, 0, '2025-02-10 17:04:23', '2025-02-10 17:04:23'),
	(22, 11, 13, 1, 22, 1, 45, 0, '2025-02-10 17:04:23', '2025-02-10 17:04:23'),
	(23, 11, 14, 1, 24, 1, 45, 0, '2025-02-10 17:04:23', '2025-02-10 17:04:23'),
	(24, 11, 15, 1, 20, 2, 45, 0, '2025-02-10 17:04:23', '2025-02-10 17:04:23'),
	(25, 12, 1, 1, 23, 1, 45, 0, '2025-02-10 18:02:25', '2025-02-10 18:02:25'),
	(26, 13, 1, 1, 22, 1, 45, 0, '2025-02-10 19:15:32', '2025-02-10 19:15:32'),
	(27, 13, 2, 1, 24, 1, 45, 0, '2025-02-10 19:15:32', '2025-02-10 19:15:32'),
	(28, 13, 3, 1, 20, 2, 45, 0, '2025-02-10 19:15:32', '2025-02-10 19:15:32'),
	(29, 13, 4, 1, 22, 1, 45, 0, '2025-02-10 19:15:32', '2025-02-10 19:15:32'),
	(30, 13, 5, 1, 24, 1, 45, 0, '2025-02-10 19:15:32', '2025-02-10 19:15:32'),
	(31, 13, 6, 1, 20, 2, 45, 0, '2025-02-10 19:15:32', '2025-02-10 19:15:32'),
	(32, 13, 7, 1, 22, 1, 45, 0, '2025-02-10 19:15:32', '2025-02-10 19:15:32'),
	(33, 13, 8, 1, 24, 1, 45, 0, '2025-02-10 19:15:32', '2025-02-10 19:15:32'),
	(34, 13, 9, 1, 20, 2, 45, 0, '2025-02-10 19:15:32', '2025-02-10 19:15:32'),
	(35, 13, 10, 1, 22, 1, 45, 0, '2025-02-10 19:15:32', '2025-02-10 19:15:32'),
	(36, 13, 11, 1, 24, 1, 45, 0, '2025-02-10 19:15:32', '2025-02-10 19:15:32'),
	(37, 13, 12, 1, 20, 2, 45, 0, '2025-02-10 19:15:32', '2025-02-10 19:15:32'),
	(38, 13, 13, 1, 22, 1, 45, 0, '2025-02-10 19:15:32', '2025-02-10 19:15:32'),
	(39, 13, 14, 1, 24, 1, 45, 0, '2025-02-10 19:15:32', '2025-02-10 19:15:32'),
	(40, 13, 15, 1, 20, 2, 45, 0, '2025-02-10 19:15:32', '2025-02-10 19:15:32'),
	(41, 14, 1, 1, 22, 1, 45, 0, '2025-02-11 14:02:52', '2025-02-11 14:02:52'),
	(42, 14, 2, 1, 24, 1, 45, 0, '2025-02-11 14:02:52', '2025-02-11 14:02:52'),
	(43, 14, 3, 1, 20, 2, 80000, 0, '2025-02-11 14:02:52', '2025-02-11 14:02:52'),
	(44, 14, 4, 1, 22, 1, 45, 0, '2025-02-11 14:02:52', '2025-02-11 14:02:52'),
	(45, 14, 5, 1, 24, 1, 45, 0, '2025-02-11 14:02:52', '2025-02-11 14:02:52'),
	(46, 14, 6, 1, 20, 2, 80000, 0, '2025-02-11 14:02:52', '2025-02-11 14:02:52'),
	(47, 14, 7, 1, 22, 1, 45, 0, '2025-02-11 14:02:52', '2025-02-11 14:02:52'),
	(48, 14, 8, 1, 24, 1, 45, 0, '2025-02-11 14:02:52', '2025-02-11 14:02:52'),
	(49, 14, 9, 1, 20, 2, 80000, 0, '2025-02-11 14:02:52', '2025-02-11 14:02:52'),
	(50, 14, 10, 1, 22, 1, 45, 0, '2025-02-11 14:02:52', '2025-02-11 14:02:52'),
	(51, 14, 11, 1, 24, 1, 45, 0, '2025-02-11 14:02:52', '2025-02-11 14:02:52'),
	(52, 14, 12, 1, 20, 2, 80000, 0, '2025-02-11 14:02:52', '2025-02-11 14:02:52'),
	(53, 14, 13, 1, 22, 1, 45, 0, '2025-02-11 14:02:52', '2025-02-11 14:02:52'),
	(54, 14, 14, 1, 24, 1, 45, 0, '2025-02-11 14:02:52', '2025-02-11 14:02:52'),
	(55, 14, 15, 1, 20, 3, 80000, 0, '2025-02-11 14:02:52', '2025-02-11 14:02:52'),
	(56, 15, 1, 1, 22, 1, 45, 0, '2025-02-11 14:24:10', '2025-02-11 14:24:10'),
	(57, 15, 2, 1, 24, 1, 45, 0, '2025-02-11 14:24:10', '2025-02-11 14:24:10'),
	(58, 15, 3, 1, 20, 2, 80000, 0, '2025-02-11 14:24:10', '2025-02-11 14:24:10'),
	(59, 15, 4, 1, 22, 1, 45, 0, '2025-02-11 14:24:10', '2025-02-11 14:24:10'),
	(60, 15, 5, 1, 24, 1, 45, 0, '2025-02-11 14:24:10', '2025-02-11 14:24:10'),
	(61, 15, 6, 1, 20, 2, 80000, 0, '2025-02-11 14:24:10', '2025-02-11 14:24:10'),
	(62, 15, 7, 1, 22, 1, 45, 0, '2025-02-11 14:24:10', '2025-02-11 14:24:10'),
	(63, 15, 8, 1, 24, 1, 45, 0, '2025-02-11 14:24:10', '2025-02-11 14:24:10'),
	(64, 15, 9, 1, 20, 2, 80000, 0, '2025-02-11 14:24:10', '2025-02-11 14:24:10'),
	(65, 15, 10, 1, 22, 1, 45, 0, '2025-02-11 14:24:10', '2025-02-11 14:24:10'),
	(66, 15, 11, 1, 24, 1, 45, 0, '2025-02-11 14:24:10', '2025-02-11 14:24:10'),
	(67, 15, 12, 1, 20, 2, 80000, 0, '2025-02-11 14:24:10', '2025-02-11 14:24:10'),
	(68, 15, 13, 1, 22, 1, 45, 0, '2025-02-11 14:24:10', '2025-02-11 14:24:10'),
	(69, 15, 14, 1, 24, 1, 45, 0, '2025-02-11 14:24:10', '2025-02-11 14:24:10'),
	(70, 15, 15, 1, 20, 2, 80000, 0, '2025-02-11 14:24:10', '2025-02-11 14:24:10'),
	(71, 16, 1, 1, 23, 1, 45, 0, '2025-02-12 23:08:45', '2025-02-12 23:08:45'),
	(72, 17, 1, 1, 22, 1, 45, 0, '2025-02-13 15:39:26', '2025-02-13 15:39:26'),
	(73, 17, 2, 1, 24, 1, 45, 0, '2025-02-13 15:39:26', '2025-02-13 15:39:26'),
	(74, 17, 3, 1, 20, 2, 80000, 0, '2025-02-13 15:39:26', '2025-02-13 15:39:26'),
	(75, 17, 4, 1, 22, 1, 45, 0, '2025-02-13 15:39:26', '2025-02-13 15:39:26'),
	(76, 17, 5, 1, 24, 1, 45, 0, '2025-02-13 15:39:26', '2025-02-13 15:39:26'),
	(77, 17, 6, 1, 20, 2, 80000, 0, '2025-02-13 15:39:26', '2025-02-13 15:39:26'),
	(78, 17, 7, 1, 22, 1, 45, 0, '2025-02-13 15:39:26', '2025-02-13 15:39:26'),
	(79, 17, 8, 1, 24, 1, 45, 0, '2025-02-13 15:39:26', '2025-02-13 15:39:26'),
	(80, 17, 9, 1, 20, 2, 80000, 0, '2025-02-13 15:39:26', '2025-02-13 15:39:26'),
	(81, 17, 10, 1, 22, 1, 45, 0, '2025-02-13 15:39:26', '2025-02-13 15:39:26'),
	(82, 17, 11, 1, 24, 1, 45, 0, '2025-02-13 15:39:26', '2025-02-13 15:39:26'),
	(83, 17, 12, 1, 20, 2, 80000, 0, '2025-02-13 15:39:26', '2025-02-13 15:39:26'),
	(84, 17, 13, 1, 22, 1, 45, 0, '2025-02-13 15:39:26', '2025-02-13 15:39:26'),
	(85, 17, 14, 1, 24, 1, 45, 0, '2025-02-13 15:39:26', '2025-02-13 15:39:26'),
	(86, 17, 15, 1, 20, 2, 80000, 0, '2025-02-13 15:39:26', '2025-02-13 15:39:26');

-- Volcando datos para la tabla abprod.parts: ~5 rows (aproximadamente)
INSERT INTO `parts` (`id`, `name`, `loss_percentage`, `created_at`, `updated_at`) VALUES
	(1, 'Manga', 20, '2025-02-08 15:59:02', '2025-02-08 15:59:02'),
	(2, 'delantero', 30, '2025-02-08 15:59:18', '2025-02-08 15:59:18'),
	(3, 'dorso', 30, '2025-02-08 15:59:33', '2025-02-08 15:59:33'),
	(4, 'manga larga', 25, '2025-02-08 16:00:02', '2025-02-08 16:00:02'),
	(5, 'detalles', 15, '2025-02-08 16:00:17', '2025-02-08 16:00:17');

-- Volcando datos para la tabla abprod.password_reset_tokens: ~0 rows (aproximadamente)

-- Volcando datos para la tabla abprod.permissions: ~337 rows (aproximadamente)
INSERT INTO `permissions` (`id`, `name`, `guard_name`, `created_at`, `updated_at`) VALUES
	(1, 'view_role', 'web', '2025-02-10 17:33:29', '2025-02-10 17:33:29'),
	(2, 'view_any_role', 'web', '2025-02-10 17:33:29', '2025-02-10 17:33:29'),
	(3, 'create_role', 'web', '2025-02-10 17:33:29', '2025-02-10 17:33:29'),
	(4, 'update_role', 'web', '2025-02-10 17:33:29', '2025-02-10 17:33:29'),
	(5, 'delete_role', 'web', '2025-02-10 17:33:29', '2025-02-10 17:33:29'),
	(6, 'delete_any_role', 'web', '2025-02-10 17:33:29', '2025-02-10 17:33:29'),
	(7, 'view_category', 'web', '2025-02-10 17:56:29', '2025-02-10 17:56:29'),
	(8, 'view_any_category', 'web', '2025-02-10 17:56:29', '2025-02-10 17:56:29'),
	(9, 'create_category', 'web', '2025-02-10 17:56:29', '2025-02-10 17:56:29'),
	(10, 'update_category', 'web', '2025-02-10 17:56:29', '2025-02-10 17:56:29'),
	(11, 'restore_category', 'web', '2025-02-10 17:56:29', '2025-02-10 17:56:29'),
	(12, 'restore_any_category', 'web', '2025-02-10 17:56:29', '2025-02-10 17:56:29'),
	(13, 'replicate_category', 'web', '2025-02-10 17:56:29', '2025-02-10 17:56:29'),
	(14, 'reorder_category', 'web', '2025-02-10 17:56:29', '2025-02-10 17:56:29'),
	(15, 'delete_category', 'web', '2025-02-10 17:56:29', '2025-02-10 17:56:29'),
	(16, 'delete_any_category', 'web', '2025-02-10 17:56:29', '2025-02-10 17:56:29'),
	(17, 'force_delete_category', 'web', '2025-02-10 17:56:29', '2025-02-10 17:56:29'),
	(18, 'force_delete_any_category', 'web', '2025-02-10 17:56:29', '2025-02-10 17:56:29'),
	(19, 'view_center', 'web', '2025-02-10 17:56:29', '2025-02-10 17:56:29'),
	(20, 'view_any_center', 'web', '2025-02-10 17:56:29', '2025-02-10 17:56:29'),
	(21, 'create_center', 'web', '2025-02-10 17:56:29', '2025-02-10 17:56:29'),
	(22, 'update_center', 'web', '2025-02-10 17:56:29', '2025-02-10 17:56:29'),
	(23, 'restore_center', 'web', '2025-02-10 17:56:29', '2025-02-10 17:56:29'),
	(24, 'restore_any_center', 'web', '2025-02-10 17:56:29', '2025-02-10 17:56:29'),
	(25, 'replicate_center', 'web', '2025-02-10 17:56:29', '2025-02-10 17:56:29'),
	(26, 'reorder_center', 'web', '2025-02-10 17:56:29', '2025-02-10 17:56:29'),
	(27, 'delete_center', 'web', '2025-02-10 17:56:29', '2025-02-10 17:56:29'),
	(28, 'delete_any_center', 'web', '2025-02-10 17:56:29', '2025-02-10 17:56:29'),
	(29, 'force_delete_center', 'web', '2025-02-10 17:56:29', '2025-02-10 17:56:29'),
	(30, 'force_delete_any_center', 'web', '2025-02-10 17:56:29', '2025-02-10 17:56:29'),
	(31, 'view_customer', 'web', '2025-02-10 17:56:29', '2025-02-10 17:56:29'),
	(32, 'view_any_customer', 'web', '2025-02-10 17:56:29', '2025-02-10 17:56:29'),
	(33, 'create_customer', 'web', '2025-02-10 17:56:29', '2025-02-10 17:56:29'),
	(34, 'update_customer', 'web', '2025-02-10 17:56:29', '2025-02-10 17:56:29'),
	(35, 'restore_customer', 'web', '2025-02-10 17:56:29', '2025-02-10 17:56:29'),
	(36, 'restore_any_customer', 'web', '2025-02-10 17:56:29', '2025-02-10 17:56:29'),
	(37, 'replicate_customer', 'web', '2025-02-10 17:56:29', '2025-02-10 17:56:29'),
	(38, 'reorder_customer', 'web', '2025-02-10 17:56:29', '2025-02-10 17:56:29'),
	(39, 'delete_customer', 'web', '2025-02-10 17:56:29', '2025-02-10 17:56:29'),
	(40, 'delete_any_customer', 'web', '2025-02-10 17:56:29', '2025-02-10 17:56:29'),
	(41, 'force_delete_customer', 'web', '2025-02-10 17:56:29', '2025-02-10 17:56:29'),
	(42, 'force_delete_any_customer', 'web', '2025-02-10 17:56:29', '2025-02-10 17:56:29'),
	(43, 'view_error::order', 'web', '2025-02-10 17:56:29', '2025-02-10 17:56:29'),
	(44, 'view_any_error::order', 'web', '2025-02-10 17:56:29', '2025-02-10 17:56:29'),
	(45, 'create_error::order', 'web', '2025-02-10 17:56:29', '2025-02-10 17:56:29'),
	(46, 'update_error::order', 'web', '2025-02-10 17:56:29', '2025-02-10 17:56:29'),
	(47, 'restore_error::order', 'web', '2025-02-10 17:56:29', '2025-02-10 17:56:29'),
	(48, 'restore_any_error::order', 'web', '2025-02-10 17:56:29', '2025-02-10 17:56:29'),
	(49, 'replicate_error::order', 'web', '2025-02-10 17:56:29', '2025-02-10 17:56:29'),
	(50, 'reorder_error::order', 'web', '2025-02-10 17:56:29', '2025-02-10 17:56:29'),
	(51, 'delete_error::order', 'web', '2025-02-10 17:56:29', '2025-02-10 17:56:29'),
	(52, 'delete_any_error::order', 'web', '2025-02-10 17:56:29', '2025-02-10 17:56:29'),
	(53, 'force_delete_error::order', 'web', '2025-02-10 17:56:29', '2025-02-10 17:56:29'),
	(54, 'force_delete_any_error::order', 'web', '2025-02-10 17:56:29', '2025-02-10 17:56:29'),
	(55, 'view_line', 'web', '2025-02-10 17:56:29', '2025-02-10 17:56:29'),
	(56, 'view_any_line', 'web', '2025-02-10 17:56:29', '2025-02-10 17:56:29'),
	(57, 'create_line', 'web', '2025-02-10 17:56:29', '2025-02-10 17:56:29'),
	(58, 'update_line', 'web', '2025-02-10 17:56:29', '2025-02-10 17:56:29'),
	(59, 'restore_line', 'web', '2025-02-10 17:56:29', '2025-02-10 17:56:29'),
	(60, 'restore_any_line', 'web', '2025-02-10 17:56:29', '2025-02-10 17:56:29'),
	(61, 'replicate_line', 'web', '2025-02-10 17:56:29', '2025-02-10 17:56:29'),
	(62, 'reorder_line', 'web', '2025-02-10 17:56:29', '2025-02-10 17:56:29'),
	(63, 'delete_line', 'web', '2025-02-10 17:56:29', '2025-02-10 17:56:29'),
	(64, 'delete_any_line', 'web', '2025-02-10 17:56:29', '2025-02-10 17:56:29'),
	(65, 'force_delete_line', 'web', '2025-02-10 17:56:29', '2025-02-10 17:56:29'),
	(66, 'force_delete_any_line', 'web', '2025-02-10 17:56:29', '2025-02-10 17:56:29'),
	(67, 'view_operator', 'web', '2025-02-10 17:56:29', '2025-02-10 17:56:29'),
	(68, 'view_any_operator', 'web', '2025-02-10 17:56:29', '2025-02-10 17:56:29'),
	(69, 'create_operator', 'web', '2025-02-10 17:56:29', '2025-02-10 17:56:29'),
	(70, 'update_operator', 'web', '2025-02-10 17:56:29', '2025-02-10 17:56:29'),
	(71, 'restore_operator', 'web', '2025-02-10 17:56:29', '2025-02-10 17:56:29'),
	(72, 'restore_any_operator', 'web', '2025-02-10 17:56:29', '2025-02-10 17:56:29'),
	(73, 'replicate_operator', 'web', '2025-02-10 17:56:29', '2025-02-10 17:56:29'),
	(74, 'reorder_operator', 'web', '2025-02-10 17:56:29', '2025-02-10 17:56:29'),
	(75, 'delete_operator', 'web', '2025-02-10 17:56:29', '2025-02-10 17:56:29'),
	(76, 'delete_any_operator', 'web', '2025-02-10 17:56:29', '2025-02-10 17:56:29'),
	(77, 'force_delete_operator', 'web', '2025-02-10 17:56:29', '2025-02-10 17:56:29'),
	(78, 'force_delete_any_operator', 'web', '2025-02-10 17:56:29', '2025-02-10 17:56:29'),
	(79, 'view_order', 'web', '2025-02-10 17:56:29', '2025-02-10 17:56:29'),
	(80, 'view_any_order', 'web', '2025-02-10 17:56:29', '2025-02-10 17:56:29'),
	(81, 'create_order', 'web', '2025-02-10 17:56:29', '2025-02-10 17:56:29'),
	(82, 'update_order', 'web', '2025-02-10 17:56:29', '2025-02-10 17:56:29'),
	(83, 'restore_order', 'web', '2025-02-10 17:56:29', '2025-02-10 17:56:29'),
	(84, 'restore_any_order', 'web', '2025-02-10 17:56:29', '2025-02-10 17:56:29'),
	(85, 'replicate_order', 'web', '2025-02-10 17:56:29', '2025-02-10 17:56:29'),
	(86, 'reorder_order', 'web', '2025-02-10 17:56:29', '2025-02-10 17:56:29'),
	(87, 'delete_order', 'web', '2025-02-10 17:56:29', '2025-02-10 17:56:29'),
	(88, 'delete_any_order', 'web', '2025-02-10 17:56:29', '2025-02-10 17:56:29'),
	(89, 'force_delete_order', 'web', '2025-02-10 17:56:29', '2025-02-10 17:56:29'),
	(90, 'force_delete_any_order', 'web', '2025-02-10 17:56:29', '2025-02-10 17:56:29'),
	(91, 'view_order::item', 'web', '2025-02-10 17:56:29', '2025-02-10 17:56:29'),
	(92, 'view_any_order::item', 'web', '2025-02-10 17:56:29', '2025-02-10 17:56:29'),
	(93, 'create_order::item', 'web', '2025-02-10 17:56:29', '2025-02-10 17:56:29'),
	(94, 'update_order::item', 'web', '2025-02-10 17:56:29', '2025-02-10 17:56:29'),
	(95, 'restore_order::item', 'web', '2025-02-10 17:56:29', '2025-02-10 17:56:29'),
	(96, 'restore_any_order::item', 'web', '2025-02-10 17:56:29', '2025-02-10 17:56:29'),
	(97, 'replicate_order::item', 'web', '2025-02-10 17:56:29', '2025-02-10 17:56:29'),
	(98, 'reorder_order::item', 'web', '2025-02-10 17:56:29', '2025-02-10 17:56:29'),
	(99, 'delete_order::item', 'web', '2025-02-10 17:56:29', '2025-02-10 17:56:29'),
	(100, 'delete_any_order::item', 'web', '2025-02-10 17:56:29', '2025-02-10 17:56:29'),
	(101, 'force_delete_order::item', 'web', '2025-02-10 17:56:29', '2025-02-10 17:56:29'),
	(102, 'force_delete_any_order::item', 'web', '2025-02-10 17:56:29', '2025-02-10 17:56:29'),
	(103, 'view_order::mold', 'web', '2025-02-10 17:56:29', '2025-02-10 17:56:29'),
	(104, 'view_any_order::mold', 'web', '2025-02-10 17:56:29', '2025-02-10 17:56:29'),
	(105, 'create_order::mold', 'web', '2025-02-10 17:56:29', '2025-02-10 17:56:29'),
	(106, 'update_order::mold', 'web', '2025-02-10 17:56:29', '2025-02-10 17:56:29'),
	(107, 'restore_order::mold', 'web', '2025-02-10 17:56:29', '2025-02-10 17:56:29'),
	(108, 'restore_any_order::mold', 'web', '2025-02-10 17:56:29', '2025-02-10 17:56:29'),
	(109, 'replicate_order::mold', 'web', '2025-02-10 17:56:29', '2025-02-10 17:56:29'),
	(110, 'reorder_order::mold', 'web', '2025-02-10 17:56:29', '2025-02-10 17:56:29'),
	(111, 'delete_order::mold', 'web', '2025-02-10 17:56:29', '2025-02-10 17:56:29'),
	(112, 'delete_any_order::mold', 'web', '2025-02-10 17:56:29', '2025-02-10 17:56:29'),
	(113, 'force_delete_order::mold', 'web', '2025-02-10 17:56:30', '2025-02-10 17:56:30'),
	(114, 'force_delete_any_order::mold', 'web', '2025-02-10 17:56:30', '2025-02-10 17:56:30'),
	(115, 'view_order::question::answer', 'web', '2025-02-10 17:56:30', '2025-02-10 17:56:30'),
	(116, 'view_any_order::question::answer', 'web', '2025-02-10 17:56:30', '2025-02-10 17:56:30'),
	(117, 'create_order::question::answer', 'web', '2025-02-10 17:56:30', '2025-02-10 17:56:30'),
	(118, 'update_order::question::answer', 'web', '2025-02-10 17:56:30', '2025-02-10 17:56:30'),
	(119, 'restore_order::question::answer', 'web', '2025-02-10 17:56:30', '2025-02-10 17:56:30'),
	(120, 'restore_any_order::question::answer', 'web', '2025-02-10 17:56:30', '2025-02-10 17:56:30'),
	(121, 'replicate_order::question::answer', 'web', '2025-02-10 17:56:30', '2025-02-10 17:56:30'),
	(122, 'reorder_order::question::answer', 'web', '2025-02-10 17:56:30', '2025-02-10 17:56:30'),
	(123, 'delete_order::question::answer', 'web', '2025-02-10 17:56:30', '2025-02-10 17:56:30'),
	(124, 'delete_any_order::question::answer', 'web', '2025-02-10 17:56:30', '2025-02-10 17:56:30'),
	(125, 'force_delete_order::question::answer', 'web', '2025-02-10 17:56:30', '2025-02-10 17:56:30'),
	(126, 'force_delete_any_order::question::answer', 'web', '2025-02-10 17:56:30', '2025-02-10 17:56:30'),
	(127, 'view_order::reference', 'web', '2025-02-10 17:56:30', '2025-02-10 17:56:30'),
	(128, 'view_any_order::reference', 'web', '2025-02-10 17:56:30', '2025-02-10 17:56:30'),
	(129, 'create_order::reference', 'web', '2025-02-10 17:56:30', '2025-02-10 17:56:30'),
	(130, 'update_order::reference', 'web', '2025-02-10 17:56:30', '2025-02-10 17:56:30'),
	(131, 'restore_order::reference', 'web', '2025-02-10 17:56:30', '2025-02-10 17:56:30'),
	(132, 'restore_any_order::reference', 'web', '2025-02-10 17:56:30', '2025-02-10 17:56:30'),
	(133, 'replicate_order::reference', 'web', '2025-02-10 17:56:30', '2025-02-10 17:56:30'),
	(134, 'reorder_order::reference', 'web', '2025-02-10 17:56:30', '2025-02-10 17:56:30'),
	(135, 'delete_order::reference', 'web', '2025-02-10 17:56:30', '2025-02-10 17:56:30'),
	(136, 'delete_any_order::reference', 'web', '2025-02-10 17:56:30', '2025-02-10 17:56:30'),
	(137, 'force_delete_order::reference', 'web', '2025-02-10 17:56:30', '2025-02-10 17:56:30'),
	(138, 'force_delete_any_order::reference', 'web', '2025-02-10 17:56:30', '2025-02-10 17:56:30'),
	(139, 'view_part', 'web', '2025-02-10 17:56:30', '2025-02-10 17:56:30'),
	(140, 'view_any_part', 'web', '2025-02-10 17:56:30', '2025-02-10 17:56:30'),
	(141, 'create_part', 'web', '2025-02-10 17:56:30', '2025-02-10 17:56:30'),
	(142, 'update_part', 'web', '2025-02-10 17:56:30', '2025-02-10 17:56:30'),
	(143, 'restore_part', 'web', '2025-02-10 17:56:30', '2025-02-10 17:56:30'),
	(144, 'restore_any_part', 'web', '2025-02-10 17:56:30', '2025-02-10 17:56:30'),
	(145, 'replicate_part', 'web', '2025-02-10 17:56:30', '2025-02-10 17:56:30'),
	(146, 'reorder_part', 'web', '2025-02-10 17:56:30', '2025-02-10 17:56:30'),
	(147, 'delete_part', 'web', '2025-02-10 17:56:30', '2025-02-10 17:56:30'),
	(148, 'delete_any_part', 'web', '2025-02-10 17:56:30', '2025-02-10 17:56:30'),
	(149, 'force_delete_part', 'web', '2025-02-10 17:56:30', '2025-02-10 17:56:30'),
	(150, 'force_delete_any_part', 'web', '2025-02-10 17:56:30', '2025-02-10 17:56:30'),
	(151, 'view_price', 'web', '2025-02-10 17:56:30', '2025-02-10 17:56:30'),
	(152, 'view_any_price', 'web', '2025-02-10 17:56:30', '2025-02-10 17:56:30'),
	(153, 'create_price', 'web', '2025-02-10 17:56:30', '2025-02-10 17:56:30'),
	(154, 'update_price', 'web', '2025-02-10 17:56:30', '2025-02-10 17:56:30'),
	(155, 'restore_price', 'web', '2025-02-10 17:56:30', '2025-02-10 17:56:30'),
	(156, 'restore_any_price', 'web', '2025-02-10 17:56:30', '2025-02-10 17:56:30'),
	(157, 'replicate_price', 'web', '2025-02-10 17:56:30', '2025-02-10 17:56:30'),
	(158, 'reorder_price', 'web', '2025-02-10 17:56:30', '2025-02-10 17:56:30'),
	(159, 'delete_price', 'web', '2025-02-10 17:56:30', '2025-02-10 17:56:30'),
	(160, 'delete_any_price', 'web', '2025-02-10 17:56:30', '2025-02-10 17:56:30'),
	(161, 'force_delete_price', 'web', '2025-02-10 17:56:30', '2025-02-10 17:56:30'),
	(162, 'force_delete_any_price', 'web', '2025-02-10 17:56:30', '2025-02-10 17:56:30'),
	(163, 'view_product', 'web', '2025-02-10 17:56:30', '2025-02-10 17:56:30'),
	(164, 'view_any_product', 'web', '2025-02-10 17:56:30', '2025-02-10 17:56:30'),
	(165, 'create_product', 'web', '2025-02-10 17:56:30', '2025-02-10 17:56:30'),
	(166, 'update_product', 'web', '2025-02-10 17:56:30', '2025-02-10 17:56:30'),
	(167, 'restore_product', 'web', '2025-02-10 17:56:30', '2025-02-10 17:56:30'),
	(168, 'restore_any_product', 'web', '2025-02-10 17:56:30', '2025-02-10 17:56:30'),
	(169, 'replicate_product', 'web', '2025-02-10 17:56:30', '2025-02-10 17:56:30'),
	(170, 'reorder_product', 'web', '2025-02-10 17:56:30', '2025-02-10 17:56:30'),
	(171, 'delete_product', 'web', '2025-02-10 17:56:30', '2025-02-10 17:56:30'),
	(172, 'delete_any_product', 'web', '2025-02-10 17:56:30', '2025-02-10 17:56:30'),
	(173, 'force_delete_product', 'web', '2025-02-10 17:56:30', '2025-02-10 17:56:30'),
	(174, 'force_delete_any_product', 'web', '2025-02-10 17:56:30', '2025-02-10 17:56:30'),
	(175, 'view_product::center', 'web', '2025-02-10 17:56:30', '2025-02-10 17:56:30'),
	(176, 'view_any_product::center', 'web', '2025-02-10 17:56:30', '2025-02-10 17:56:30'),
	(177, 'create_product::center', 'web', '2025-02-10 17:56:30', '2025-02-10 17:56:30'),
	(178, 'update_product::center', 'web', '2025-02-10 17:56:30', '2025-02-10 17:56:30'),
	(179, 'restore_product::center', 'web', '2025-02-10 17:56:30', '2025-02-10 17:56:30'),
	(180, 'restore_any_product::center', 'web', '2025-02-10 17:56:30', '2025-02-10 17:56:30'),
	(181, 'replicate_product::center', 'web', '2025-02-10 17:56:30', '2025-02-10 17:56:30'),
	(182, 'reorder_product::center', 'web', '2025-02-10 17:56:30', '2025-02-10 17:56:30'),
	(183, 'delete_product::center', 'web', '2025-02-10 17:56:30', '2025-02-10 17:56:30'),
	(184, 'delete_any_product::center', 'web', '2025-02-10 17:56:30', '2025-02-10 17:56:30'),
	(185, 'force_delete_product::center', 'web', '2025-02-10 17:56:30', '2025-02-10 17:56:30'),
	(186, 'force_delete_any_product::center', 'web', '2025-02-10 17:56:30', '2025-02-10 17:56:30'),
	(187, 'view_production', 'web', '2025-02-10 17:56:30', '2025-02-10 17:56:30'),
	(188, 'view_any_production', 'web', '2025-02-10 17:56:30', '2025-02-10 17:56:30'),
	(189, 'create_production', 'web', '2025-02-10 17:56:30', '2025-02-10 17:56:30'),
	(190, 'update_production', 'web', '2025-02-10 17:56:30', '2025-02-10 17:56:30'),
	(191, 'restore_production', 'web', '2025-02-10 17:56:30', '2025-02-10 17:56:30'),
	(192, 'restore_any_production', 'web', '2025-02-10 17:56:30', '2025-02-10 17:56:30'),
	(193, 'replicate_production', 'web', '2025-02-10 17:56:30', '2025-02-10 17:56:30'),
	(194, 'reorder_production', 'web', '2025-02-10 17:56:30', '2025-02-10 17:56:30'),
	(195, 'delete_production', 'web', '2025-02-10 17:56:30', '2025-02-10 17:56:30'),
	(196, 'delete_any_production', 'web', '2025-02-10 17:56:30', '2025-02-10 17:56:30'),
	(197, 'force_delete_production', 'web', '2025-02-10 17:56:30', '2025-02-10 17:56:30'),
	(198, 'force_delete_any_production', 'web', '2025-02-10 17:56:30', '2025-02-10 17:56:30'),
	(199, 'view_productiondet', 'web', '2025-02-10 17:56:30', '2025-02-10 17:56:30'),
	(200, 'view_any_productiondet', 'web', '2025-02-10 17:56:30', '2025-02-10 17:56:30'),
	(201, 'create_productiondet', 'web', '2025-02-10 17:56:30', '2025-02-10 17:56:30'),
	(202, 'update_productiondet', 'web', '2025-02-10 17:56:30', '2025-02-10 17:56:30'),
	(203, 'restore_productiondet', 'web', '2025-02-10 17:56:30', '2025-02-10 17:56:30'),
	(204, 'restore_any_productiondet', 'web', '2025-02-10 17:56:30', '2025-02-10 17:56:30'),
	(205, 'replicate_productiondet', 'web', '2025-02-10 17:56:30', '2025-02-10 17:56:30'),
	(206, 'reorder_productiondet', 'web', '2025-02-10 17:56:30', '2025-02-10 17:56:30'),
	(207, 'delete_productiondet', 'web', '2025-02-10 17:56:30', '2025-02-10 17:56:30'),
	(208, 'delete_any_productiondet', 'web', '2025-02-10 17:56:30', '2025-02-10 17:56:30'),
	(209, 'force_delete_productiondet', 'web', '2025-02-10 17:56:30', '2025-02-10 17:56:30'),
	(210, 'force_delete_any_productiondet', 'web', '2025-02-10 17:56:30', '2025-02-10 17:56:30'),
	(211, 'view_question', 'web', '2025-02-10 17:56:30', '2025-02-10 17:56:30'),
	(212, 'view_any_question', 'web', '2025-02-10 17:56:30', '2025-02-10 17:56:30'),
	(213, 'create_question', 'web', '2025-02-10 17:56:30', '2025-02-10 17:56:30'),
	(214, 'update_question', 'web', '2025-02-10 17:56:30', '2025-02-10 17:56:30'),
	(215, 'restore_question', 'web', '2025-02-10 17:56:30', '2025-02-10 17:56:30'),
	(216, 'restore_any_question', 'web', '2025-02-10 17:56:30', '2025-02-10 17:56:30'),
	(217, 'replicate_question', 'web', '2025-02-10 17:56:30', '2025-02-10 17:56:30'),
	(218, 'reorder_question', 'web', '2025-02-10 17:56:30', '2025-02-10 17:56:30'),
	(219, 'delete_question', 'web', '2025-02-10 17:56:30', '2025-02-10 17:56:30'),
	(220, 'delete_any_question', 'web', '2025-02-10 17:56:30', '2025-02-10 17:56:30'),
	(221, 'force_delete_question', 'web', '2025-02-10 17:56:30', '2025-02-10 17:56:30'),
	(222, 'force_delete_any_question', 'web', '2025-02-10 17:56:30', '2025-02-10 17:56:30'),
	(223, 'view_question::category', 'web', '2025-02-10 17:56:30', '2025-02-10 17:56:30'),
	(224, 'view_any_question::category', 'web', '2025-02-10 17:56:30', '2025-02-10 17:56:30'),
	(225, 'create_question::category', 'web', '2025-02-10 17:56:30', '2025-02-10 17:56:30'),
	(226, 'update_question::category', 'web', '2025-02-10 17:56:30', '2025-02-10 17:56:30'),
	(227, 'restore_question::category', 'web', '2025-02-10 17:56:30', '2025-02-10 17:56:30'),
	(228, 'restore_any_question::category', 'web', '2025-02-10 17:56:30', '2025-02-10 17:56:30'),
	(229, 'replicate_question::category', 'web', '2025-02-10 17:56:30', '2025-02-10 17:56:30'),
	(230, 'reorder_question::category', 'web', '2025-02-10 17:56:30', '2025-02-10 17:56:30'),
	(231, 'delete_question::category', 'web', '2025-02-10 17:56:30', '2025-02-10 17:56:30'),
	(232, 'delete_any_question::category', 'web', '2025-02-10 17:56:30', '2025-02-10 17:56:30'),
	(233, 'force_delete_question::category', 'web', '2025-02-10 17:56:30', '2025-02-10 17:56:30'),
	(234, 'force_delete_any_question::category', 'web', '2025-02-10 17:56:30', '2025-02-10 17:56:30'),
	(235, 'view_reorder', 'web', '2025-02-10 17:56:30', '2025-02-10 17:56:30'),
	(236, 'view_any_reorder', 'web', '2025-02-10 17:56:30', '2025-02-10 17:56:30'),
	(237, 'create_reorder', 'web', '2025-02-10 17:56:30', '2025-02-10 17:56:30'),
	(238, 'update_reorder', 'web', '2025-02-10 17:56:30', '2025-02-10 17:56:30'),
	(239, 'restore_reorder', 'web', '2025-02-10 17:56:30', '2025-02-10 17:56:30'),
	(240, 'restore_any_reorder', 'web', '2025-02-10 17:56:30', '2025-02-10 17:56:30'),
	(241, 'replicate_reorder', 'web', '2025-02-10 17:56:30', '2025-02-10 17:56:30'),
	(242, 'reorder_reorder', 'web', '2025-02-10 17:56:30', '2025-02-10 17:56:30'),
	(243, 'delete_reorder', 'web', '2025-02-10 17:56:30', '2025-02-10 17:56:30'),
	(244, 'delete_any_reorder', 'web', '2025-02-10 17:56:30', '2025-02-10 17:56:30'),
	(245, 'force_delete_reorder', 'web', '2025-02-10 17:56:30', '2025-02-10 17:56:30'),
	(246, 'force_delete_any_reorder', 'web', '2025-02-10 17:56:30', '2025-02-10 17:56:30'),
	(247, 'view_size', 'web', '2025-02-10 17:56:30', '2025-02-10 17:56:30'),
	(248, 'view_any_size', 'web', '2025-02-10 17:56:30', '2025-02-10 17:56:30'),
	(249, 'create_size', 'web', '2025-02-10 17:56:30', '2025-02-10 17:56:30'),
	(250, 'update_size', 'web', '2025-02-10 17:56:30', '2025-02-10 17:56:30'),
	(251, 'delete_size', 'web', '2025-02-10 17:56:30', '2025-02-10 17:56:30'),
	(252, 'delete_any_size', 'web', '2025-02-10 17:56:30', '2025-02-10 17:56:30'),
	(253, 'view_user', 'web', '2025-02-10 17:56:30', '2025-02-10 17:56:30'),
	(254, 'view_any_user', 'web', '2025-02-10 17:56:30', '2025-02-10 17:56:30'),
	(255, 'create_user', 'web', '2025-02-10 17:56:30', '2025-02-10 17:56:30'),
	(256, 'update_user', 'web', '2025-02-10 17:56:30', '2025-02-10 17:56:30'),
	(257, 'restore_user', 'web', '2025-02-10 17:56:30', '2025-02-10 17:56:30'),
	(258, 'restore_any_user', 'web', '2025-02-10 17:56:30', '2025-02-10 17:56:30'),
	(259, 'replicate_user', 'web', '2025-02-10 17:56:30', '2025-02-10 17:56:30'),
	(260, 'reorder_user', 'web', '2025-02-10 17:56:30', '2025-02-10 17:56:30'),
	(261, 'delete_user', 'web', '2025-02-10 17:56:30', '2025-02-10 17:56:30'),
	(262, 'delete_any_user', 'web', '2025-02-10 17:56:30', '2025-02-10 17:56:30'),
	(263, 'force_delete_user', 'web', '2025-02-10 17:56:30', '2025-02-10 17:56:30'),
	(264, 'force_delete_any_user', 'web', '2025-02-10 17:56:30', '2025-02-10 17:56:30'),
	(265, 'page_CronogramaPage', 'web', '2025-02-10 17:56:30', '2025-02-10 17:56:30'),
	(266, 'page_OrderReferenceSummaryPage', 'web', '2025-02-10 17:56:30', '2025-02-10 17:56:30'),
	(267, 'widget_ProductionCount', 'web', '2025-02-10 17:56:30', '2025-02-10 17:56:30'),
	(268, 'view_sales::goal', 'web', '2025-02-10 22:29:03', '2025-02-10 22:29:03'),
	(269, 'view_any_sales::goal', 'web', '2025-02-10 22:29:03', '2025-02-10 22:29:03'),
	(270, 'create_sales::goal', 'web', '2025-02-10 22:29:03', '2025-02-10 22:29:03'),
	(271, 'update_sales::goal', 'web', '2025-02-10 22:29:03', '2025-02-10 22:29:03'),
	(272, 'restore_sales::goal', 'web', '2025-02-10 22:29:03', '2025-02-10 22:29:03'),
	(273, 'restore_any_sales::goal', 'web', '2025-02-10 22:29:03', '2025-02-10 22:29:03'),
	(274, 'replicate_sales::goal', 'web', '2025-02-10 22:29:03', '2025-02-10 22:29:03'),
	(275, 'reorder_sales::goal', 'web', '2025-02-10 22:29:03', '2025-02-10 22:29:03'),
	(276, 'delete_sales::goal', 'web', '2025-02-10 22:29:03', '2025-02-10 22:29:03'),
	(277, 'delete_any_sales::goal', 'web', '2025-02-10 22:29:03', '2025-02-10 22:29:03'),
	(278, 'force_delete_sales::goal', 'web', '2025-02-10 22:29:03', '2025-02-10 22:29:03'),
	(279, 'force_delete_any_sales::goal', 'web', '2025-02-10 22:29:03', '2025-02-10 22:29:03'),
	(280, 'restore_size', 'web', '2025-02-10 22:29:03', '2025-02-10 22:29:03'),
	(281, 'restore_any_size', 'web', '2025-02-10 22:29:03', '2025-02-10 22:29:03'),
	(282, 'replicate_size', 'web', '2025-02-10 22:29:03', '2025-02-10 22:29:03'),
	(283, 'reorder_size', 'web', '2025-02-10 22:29:03', '2025-02-10 22:29:03'),
	(284, 'force_delete_size', 'web', '2025-02-10 22:29:03', '2025-02-10 22:29:03'),
	(285, 'force_delete_any_size', 'web', '2025-02-10 22:29:03', '2025-02-10 22:29:03'),
	(286, 'view_team', 'web', '2025-02-10 22:29:03', '2025-02-10 22:29:03'),
	(287, 'view_any_team', 'web', '2025-02-10 22:29:03', '2025-02-10 22:29:03'),
	(288, 'create_team', 'web', '2025-02-10 22:29:03', '2025-02-10 22:29:03'),
	(289, 'update_team', 'web', '2025-02-10 22:29:03', '2025-02-10 22:29:03'),
	(290, 'restore_team', 'web', '2025-02-10 22:29:03', '2025-02-10 22:29:03'),
	(291, 'restore_any_team', 'web', '2025-02-10 22:29:03', '2025-02-10 22:29:03'),
	(292, 'replicate_team', 'web', '2025-02-10 22:29:03', '2025-02-10 22:29:03'),
	(293, 'reorder_team', 'web', '2025-02-10 22:29:03', '2025-02-10 22:29:03'),
	(294, 'delete_team', 'web', '2025-02-10 22:29:03', '2025-02-10 22:29:03'),
	(295, 'delete_any_team', 'web', '2025-02-10 22:29:03', '2025-02-10 22:29:03'),
	(296, 'force_delete_team', 'web', '2025-02-10 22:29:03', '2025-02-10 22:29:03'),
	(297, 'force_delete_any_team', 'web', '2025-02-10 22:29:03', '2025-02-10 22:29:03'),
	(298, 'view_team::member', 'web', '2025-02-10 22:29:03', '2025-02-10 22:29:03'),
	(299, 'view_any_team::member', 'web', '2025-02-10 22:29:03', '2025-02-10 22:29:03'),
	(300, 'create_team::member', 'web', '2025-02-10 22:29:03', '2025-02-10 22:29:03'),
	(301, 'update_team::member', 'web', '2025-02-10 22:29:03', '2025-02-10 22:29:03'),
	(302, 'restore_team::member', 'web', '2025-02-10 22:29:03', '2025-02-10 22:29:03'),
	(303, 'restore_any_team::member', 'web', '2025-02-10 22:29:03', '2025-02-10 22:29:03'),
	(304, 'replicate_team::member', 'web', '2025-02-10 22:29:03', '2025-02-10 22:29:03'),
	(305, 'reorder_team::member', 'web', '2025-02-10 22:29:03', '2025-02-10 22:29:03'),
	(306, 'delete_team::member', 'web', '2025-02-10 22:29:03', '2025-02-10 22:29:03'),
	(307, 'delete_any_team::member', 'web', '2025-02-10 22:29:03', '2025-02-10 22:29:03'),
	(308, 'force_delete_team::member', 'web', '2025-02-10 22:29:03', '2025-02-10 22:29:03'),
	(309, 'force_delete_any_team::member', 'web', '2025-02-10 22:29:03', '2025-02-10 22:29:03'),
	(310, 'page_orderDashboard', 'web', '2025-02-10 22:29:03', '2025-02-10 22:29:03'),
	(311, 'widget_SalesGoals', 'web', '2025-02-10 22:29:03', '2025-02-10 22:29:03'),
	(312, 'widget_SalesGoalsBySellerChart', 'web', '2025-02-10 22:29:03', '2025-02-10 22:29:03'),
	(313, 'view_class::center', 'web', '2025-02-13 20:03:52', '2025-02-13 20:03:52'),
	(314, 'view_any_class::center', 'web', '2025-02-13 20:03:52', '2025-02-13 20:03:52'),
	(315, 'create_class::center', 'web', '2025-02-13 20:03:52', '2025-02-13 20:03:52'),
	(316, 'update_class::center', 'web', '2025-02-13 20:03:52', '2025-02-13 20:03:52'),
	(317, 'restore_class::center', 'web', '2025-02-13 20:03:52', '2025-02-13 20:03:52'),
	(318, 'restore_any_class::center', 'web', '2025-02-13 20:03:52', '2025-02-13 20:03:52'),
	(319, 'replicate_class::center', 'web', '2025-02-13 20:03:52', '2025-02-13 20:03:52'),
	(320, 'reorder_class::center', 'web', '2025-02-13 20:03:52', '2025-02-13 20:03:52'),
	(321, 'delete_class::center', 'web', '2025-02-13 20:03:52', '2025-02-13 20:03:52'),
	(322, 'delete_any_class::center', 'web', '2025-02-13 20:03:52', '2025-02-13 20:03:52'),
	(323, 'force_delete_class::center', 'web', '2025-02-13 20:03:52', '2025-02-13 20:03:52'),
	(324, 'force_delete_any_class::center', 'web', '2025-02-13 20:03:52', '2025-02-13 20:03:52'),
	(325, 'view_planning', 'web', '2025-02-13 20:03:52', '2025-02-13 20:03:52'),
	(326, 'view_any_planning', 'web', '2025-02-13 20:03:52', '2025-02-13 20:03:52'),
	(327, 'create_planning', 'web', '2025-02-13 20:03:52', '2025-02-13 20:03:52'),
	(328, 'update_planning', 'web', '2025-02-13 20:03:52', '2025-02-13 20:03:52'),
	(329, 'restore_planning', 'web', '2025-02-13 20:03:52', '2025-02-13 20:03:52'),
	(330, 'restore_any_planning', 'web', '2025-02-13 20:03:52', '2025-02-13 20:03:52'),
	(331, 'replicate_planning', 'web', '2025-02-13 20:03:52', '2025-02-13 20:03:52'),
	(332, 'reorder_planning', 'web', '2025-02-13 20:03:52', '2025-02-13 20:03:52'),
	(333, 'delete_planning', 'web', '2025-02-13 20:03:52', '2025-02-13 20:03:52'),
	(334, 'delete_any_planning', 'web', '2025-02-13 20:03:52', '2025-02-13 20:03:52'),
	(335, 'force_delete_planning', 'web', '2025-02-13 20:03:52', '2025-02-13 20:03:52'),
	(336, 'force_delete_any_planning', 'web', '2025-02-13 20:03:52', '2025-02-13 20:03:52'),
	(337, 'page_CronogramaCenterPage', 'web', '2025-02-13 20:03:53', '2025-02-13 20:03:53');

-- Volcando datos para la tabla abprod.personal_access_tokens: ~0 rows (aproximadamente)

-- Volcando datos para la tabla abprod.plannings: ~27 rows (aproximadamente)
INSERT INTO `plannings` (`id`, `date`, `order_id`, `center_id`, `created_at`, `updated_at`) VALUES
	(18, '2025-02-12', 14, 1, '2025-02-13 15:18:03', '2025-02-13 15:18:03'),
	(19, '2025-02-13', 14, 4, '2025-02-13 15:18:03', '2025-02-13 15:18:03'),
	(20, '2025-02-14', 14, 2, '2025-02-13 15:18:03', '2025-02-13 15:18:03'),
	(21, '2025-02-15', 14, 3, '2025-02-13 15:18:03', '2025-02-13 15:18:03'),
	(22, '2025-02-16', 14, 5, '2025-02-13 15:18:03', '2025-02-13 15:18:03'),
	(23, '2025-02-17', 14, 8, '2025-02-13 15:18:03', '2025-02-13 15:18:03'),
	(24, '2025-02-18', 14, 7, '2025-02-13 15:18:03', '2025-02-13 15:18:03'),
	(25, '2025-02-19', 14, 6, '2025-02-13 15:18:03', '2025-02-13 15:18:03'),
	(26, '2025-02-20', 14, 9, '2025-02-13 15:18:03', '2025-02-13 15:18:03'),
	(27, '2025-02-06', 1, 1, '2025-02-13 15:34:35', '2025-02-13 15:34:35'),
	(28, '2025-02-06', 1, 4, '2025-02-13 15:34:35', '2025-02-13 15:34:35'),
	(29, '2025-02-07', 1, 2, '2025-02-13 15:34:35', '2025-02-13 15:34:35'),
	(30, '2025-02-08', 1, 3, '2025-02-13 15:34:35', '2025-02-13 15:34:35'),
	(31, '2025-02-09', 1, 5, '2025-02-13 15:34:35', '2025-02-13 15:34:35'),
	(32, '2025-02-11', 1, 8, '2025-02-13 15:34:35', '2025-02-13 15:34:35'),
	(33, '2025-02-12', 1, 7, '2025-02-13 15:34:35', '2025-02-13 15:34:35'),
	(34, '2025-02-13', 1, 6, '2025-02-13 15:34:35', '2025-02-13 15:34:35'),
	(35, '2025-02-14', 1, 9, '2025-02-13 15:34:35', '2025-02-13 15:34:35'),
	(36, '2025-02-14', 17, 1, '2025-02-13 15:40:02', '2025-02-13 15:40:02'),
	(37, '2025-02-14', 17, 4, '2025-02-13 15:40:02', '2025-02-13 15:40:02'),
	(38, '2025-02-14', 17, 2, '2025-02-13 15:40:02', '2025-02-13 15:40:02'),
	(39, '2025-02-15', 17, 3, '2025-02-13 15:40:02', '2025-02-13 15:40:02'),
	(40, '2025-02-15', 17, 5, '2025-02-13 15:40:02', '2025-02-13 15:40:02'),
	(41, '2025-02-15', 17, 8, '2025-02-13 15:40:02', '2025-02-13 15:40:02'),
	(42, '2025-02-15', 17, 7, '2025-02-13 15:40:02', '2025-02-13 15:40:02'),
	(43, '2025-02-16', 17, 6, '2025-02-13 15:40:02', '2025-02-13 15:40:02'),
	(44, '2025-02-16', 17, 9, '2025-02-13 15:40:02', '2025-02-13 15:40:02');

-- Volcando datos para la tabla abprod.prices: ~2 rows (aproximadamente)
INSERT INTO `prices` (`id`, `product_id`, `size_id`, `price`, `created_at`, `updated_at`) VALUES
	(1, 1, 1, 45, '2025-02-05 21:47:56', '2025-02-05 21:47:56'),
	(2, 1, 20, 80000, '2025-02-10 19:33:58', '2025-02-10 19:33:58');

-- Volcando datos para la tabla abprod.productiondets: ~10 rows (aproximadamente)
INSERT INTO `productiondets` (`id`, `production_id`, `product_id`, `quantity`, `price`, `pay`, `created_at`, `updated_at`) VALUES
	(1, 11, 1, 1, 1, 0, NULL, NULL),
	(2, 13, 1, 1, 1, 0, '2025-02-05 22:24:10', '2025-02-05 22:24:10'),
	(3, 14, 1, 1, 4, 0, '2025-02-05 22:51:19', '2025-02-05 22:51:19'),
	(4, 15, 1, 1, 1, 0, '2025-02-06 23:08:54', '2025-02-06 23:08:54'),
	(5, 16, 1, 1, 3, 0, '2025-02-07 20:35:52', '2025-02-07 20:35:52'),
	(6, 17, 1, 21, 0, 0, '2025-02-08 14:14:03', '2025-02-08 14:14:03'),
	(7, 19, 1, 21, 1, 0, '2025-02-08 14:29:04', '2025-02-08 14:29:04'),
	(8, 20, 1, 21, 1, 0, '2025-02-08 16:55:36', '2025-02-08 16:55:36'),
	(9, 21, 1, 1, 1, 0, '2025-02-10 20:16:44', '2025-02-10 20:16:44'),
	(10, 22, 1, 1, 1, 0, '2025-02-13 16:12:20', '2025-02-13 16:12:20');

-- Volcando datos para la tabla abprod.productions: ~12 rows (aproximadamente)
INSERT INTO `productions` (`id`, `date`, `order_id`, `center_id`, `operator_id`, `status`, `created_at`, `updated_at`) VALUES
	(11, '2025-02-05', 1, 8, 1, 0, '2025-02-05 18:49:16', '2025-02-05 18:49:17'),
	(12, '2025-02-05', 1, 1, 1, 0, '2025-02-05 22:23:41', '2025-02-05 22:23:41'),
	(13, '2025-02-05', 1, 1, 1, 0, '2025-02-05 22:24:10', '2025-02-05 22:24:10'),
	(14, '2025-02-05', 1, 6, 1, 0, '2025-02-05 22:51:19', '2025-02-05 22:51:19'),
	(15, '2025-02-06', 1, 4, 1, 0, '2025-02-06 23:08:54', '2025-02-06 23:08:54'),
	(16, '2025-02-07', 2, 1, 1, 0, '2025-02-07 20:35:52', '2025-02-07 20:35:52'),
	(17, '2025-02-08', 10, 1, 1, 0, '2025-02-08 14:14:03', '2025-02-08 14:14:03'),
	(18, '2025-02-08', 1, 1, 1, 0, '2025-02-08 14:27:23', '2025-02-08 14:27:23'),
	(19, '2025-02-08', 10, 1, 1, 0, '2025-02-08 14:29:04', '2025-02-08 14:29:04'),
	(20, '2025-02-08', 10, 1, 1, 0, '2025-02-08 16:55:36', '2025-02-08 16:55:36'),
	(21, '2025-02-10', 8, 1, 1, 0, '2025-02-10 20:16:44', '2025-02-10 20:16:44'),
	(22, '2025-02-13', 12, 1, 1, 0, '2025-02-13 16:12:20', '2025-02-13 16:12:20');

-- Volcando datos para la tabla abprod.products: ~1 rows (aproximadamente)
INSERT INTO `products` (`id`, `code`, `name`, `description`, `is_producible`, `line_id`, `category_id`, `created_at`, `updated_at`) VALUES
	(1, 'CAM-F01', 'Camiseta', '<p>dfadf</p>', 0, 8, 1, '2025-02-05 21:47:41', '2025-02-05 21:47:41');

-- Volcando datos para la tabla abprod.product_centers: ~3 rows (aproximadamente)
INSERT INTO `product_centers` (`id`, `product_id`, `center_id`, `price`, `created_at`, `updated_at`) VALUES
	(1, 1, 5, 5000, '2025-02-05 23:11:15', '2025-02-05 23:11:15'),
	(2, 1, 1, 1, '2025-02-08 14:27:15', '2025-02-08 14:27:15'),
	(3, 1, 9, 1, '2025-02-08 14:32:42', '2025-02-08 14:32:43');

-- Volcando datos para la tabla abprod.questions: ~4 rows (aproximadamente)
INSERT INTO `questions` (`id`, `text`, `type`, `options`, `is_required`, `category_id`, `created_at`, `updated_at`) VALUES
	(1, 'Color base', 'string', NULL, 1, 1, '2025-02-05 21:46:10', '2025-02-05 21:46:10'),
	(2, 'Va tener Nombre?', 'list', '["Si","No"]', 0, 1, '2025-02-05 21:46:10', '2025-02-05 21:46:10'),
	(3, 'Auspicio delantero', 'integer', NULL, 1, 1, '2025-02-05 21:46:10', '2025-02-05 21:46:10'),
	(4, 'Tipo de logo', 'list', '["Bordado","UV","Sublimado"]', 1, 2, '2025-02-05 21:46:10', '2025-02-05 21:46:10');

-- Volcando datos para la tabla abprod.question_categories: ~3 rows (aproximadamente)
INSERT INTO `question_categories` (`id`, `name`, `description`, `created_at`, `updated_at`) VALUES
	(1, 'Deportivo', NULL, '2025-02-05 21:46:10', '2025-02-05 21:46:10'),
	(2, 'Escolar', NULL, '2025-02-05 21:46:10', '2025-02-05 21:46:10'),
	(3, 'Empresarial', NULL, '2025-02-05 21:46:10', '2025-02-05 21:46:10');

-- Volcando datos para la tabla abprod.reorders: ~3 rows (aproximadamente)
INSERT INTO `reorders` (`id`, `date`, `error_order_id`, `center_id`, `operator_id`, `created_at`, `updated_at`) VALUES
	(1, '2025-02-08', 1, 1, 1, '2025-02-08 16:17:51', '2025-02-08 16:17:51'),
	(2, '2025-02-08', 1, 1, 1, '2025-02-08 16:34:10', '2025-02-08 16:34:10'),
	(3, '2025-02-07', 2, 1, 1, '2025-02-08 16:34:44', '2025-02-08 16:34:44');

-- Volcando datos para la tabla abprod.roles: ~3 rows (aproximadamente)
INSERT INTO `roles` (`id`, `name`, `guard_name`, `created_at`, `updated_at`) VALUES
	(1, 'panel_user', 'web', '2025-02-10 16:58:53', '2025-02-10 16:58:53'),
	(2, 'super_admin', 'web', '2025-02-10 17:11:49', '2025-02-10 17:11:49'),
	(3, 'vendedor', 'web', '2025-02-10 17:58:22', '2025-02-10 17:58:22');

-- Volcando datos para la tabla abprod.role_has_permissions: ~351 rows (aproximadamente)
INSERT INTO `role_has_permissions` (`permission_id`, `role_id`) VALUES
	(1, 2),
	(2, 2),
	(3, 2),
	(4, 2),
	(5, 2),
	(6, 2),
	(7, 2),
	(8, 2),
	(9, 2),
	(10, 2),
	(11, 2),
	(12, 2),
	(13, 2),
	(14, 2),
	(15, 2),
	(16, 2),
	(17, 2),
	(18, 2),
	(19, 2),
	(20, 2),
	(21, 2),
	(22, 2),
	(23, 2),
	(24, 2),
	(25, 2),
	(26, 2),
	(27, 2),
	(28, 2),
	(29, 2),
	(30, 2),
	(31, 2),
	(32, 2),
	(33, 2),
	(34, 2),
	(35, 2),
	(36, 2),
	(37, 2),
	(38, 2),
	(39, 2),
	(40, 2),
	(41, 2),
	(42, 2),
	(43, 2),
	(44, 2),
	(45, 2),
	(46, 2),
	(47, 2),
	(48, 2),
	(49, 2),
	(50, 2),
	(51, 2),
	(52, 2),
	(53, 2),
	(54, 2),
	(55, 2),
	(56, 2),
	(57, 2),
	(58, 2),
	(59, 2),
	(60, 2),
	(61, 2),
	(62, 2),
	(63, 2),
	(64, 2),
	(65, 2),
	(66, 2),
	(67, 2),
	(68, 2),
	(69, 2),
	(70, 2),
	(71, 2),
	(72, 2),
	(73, 2),
	(74, 2),
	(75, 2),
	(76, 2),
	(77, 2),
	(78, 2),
	(79, 2),
	(80, 2),
	(81, 2),
	(82, 2),
	(83, 2),
	(84, 2),
	(85, 2),
	(86, 2),
	(87, 2),
	(88, 2),
	(89, 2),
	(90, 2),
	(91, 2),
	(92, 2),
	(93, 2),
	(94, 2),
	(95, 2),
	(96, 2),
	(97, 2),
	(98, 2),
	(99, 2),
	(100, 2),
	(101, 2),
	(102, 2),
	(103, 2),
	(104, 2),
	(105, 2),
	(106, 2),
	(107, 2),
	(108, 2),
	(109, 2),
	(110, 2),
	(111, 2),
	(112, 2),
	(113, 2),
	(114, 2),
	(115, 2),
	(116, 2),
	(117, 2),
	(118, 2),
	(119, 2),
	(120, 2),
	(121, 2),
	(122, 2),
	(123, 2),
	(124, 2),
	(125, 2),
	(126, 2),
	(127, 2),
	(128, 2),
	(129, 2),
	(130, 2),
	(131, 2),
	(132, 2),
	(133, 2),
	(134, 2),
	(135, 2),
	(136, 2),
	(137, 2),
	(138, 2),
	(139, 2),
	(140, 2),
	(141, 2),
	(142, 2),
	(143, 2),
	(144, 2),
	(145, 2),
	(146, 2),
	(147, 2),
	(148, 2),
	(149, 2),
	(150, 2),
	(151, 2),
	(152, 2),
	(153, 2),
	(154, 2),
	(155, 2),
	(156, 2),
	(157, 2),
	(158, 2),
	(159, 2),
	(160, 2),
	(161, 2),
	(162, 2),
	(163, 2),
	(164, 2),
	(165, 2),
	(166, 2),
	(167, 2),
	(168, 2),
	(169, 2),
	(170, 2),
	(171, 2),
	(172, 2),
	(173, 2),
	(174, 2),
	(175, 2),
	(176, 2),
	(177, 2),
	(178, 2),
	(179, 2),
	(180, 2),
	(181, 2),
	(182, 2),
	(183, 2),
	(184, 2),
	(185, 2),
	(186, 2),
	(187, 2),
	(188, 2),
	(189, 2),
	(190, 2),
	(191, 2),
	(192, 2),
	(193, 2),
	(194, 2),
	(195, 2),
	(196, 2),
	(197, 2),
	(198, 2),
	(199, 2),
	(200, 2),
	(201, 2),
	(202, 2),
	(203, 2),
	(204, 2),
	(205, 2),
	(206, 2),
	(207, 2),
	(208, 2),
	(209, 2),
	(210, 2),
	(211, 2),
	(212, 2),
	(213, 2),
	(214, 2),
	(215, 2),
	(216, 2),
	(217, 2),
	(218, 2),
	(219, 2),
	(220, 2),
	(221, 2),
	(222, 2),
	(223, 2),
	(224, 2),
	(225, 2),
	(226, 2),
	(227, 2),
	(228, 2),
	(229, 2),
	(230, 2),
	(231, 2),
	(232, 2),
	(233, 2),
	(234, 2),
	(235, 2),
	(236, 2),
	(237, 2),
	(238, 2),
	(239, 2),
	(240, 2),
	(241, 2),
	(242, 2),
	(243, 2),
	(244, 2),
	(245, 2),
	(246, 2),
	(247, 2),
	(248, 2),
	(249, 2),
	(250, 2),
	(251, 2),
	(252, 2),
	(253, 2),
	(254, 2),
	(255, 2),
	(256, 2),
	(257, 2),
	(258, 2),
	(259, 2),
	(260, 2),
	(261, 2),
	(262, 2),
	(263, 2),
	(264, 2),
	(265, 2),
	(266, 2),
	(267, 2),
	(268, 2),
	(269, 2),
	(270, 2),
	(271, 2),
	(272, 2),
	(273, 2),
	(274, 2),
	(275, 2),
	(276, 2),
	(277, 2),
	(278, 2),
	(279, 2),
	(280, 2),
	(281, 2),
	(282, 2),
	(283, 2),
	(284, 2),
	(285, 2),
	(286, 2),
	(287, 2),
	(288, 2),
	(289, 2),
	(290, 2),
	(291, 2),
	(292, 2),
	(293, 2),
	(294, 2),
	(295, 2),
	(296, 2),
	(297, 2),
	(298, 2),
	(299, 2),
	(300, 2),
	(301, 2),
	(302, 2),
	(303, 2),
	(304, 2),
	(305, 2),
	(306, 2),
	(307, 2),
	(308, 2),
	(309, 2),
	(310, 2),
	(311, 2),
	(312, 2),
	(313, 2),
	(314, 2),
	(315, 2),
	(316, 2),
	(317, 2),
	(318, 2),
	(319, 2),
	(320, 2),
	(321, 2),
	(322, 2),
	(323, 2),
	(324, 2),
	(325, 2),
	(326, 2),
	(327, 2),
	(328, 2),
	(329, 2),
	(330, 2),
	(331, 2),
	(332, 2),
	(333, 2),
	(334, 2),
	(335, 2),
	(336, 2),
	(337, 2),
	(79, 3),
	(80, 3),
	(81, 3),
	(91, 3),
	(92, 3),
	(103, 3),
	(104, 3),
	(115, 3),
	(116, 3),
	(163, 3),
	(164, 3),
	(265, 3),
	(266, 3),
	(312, 3);

-- Volcando datos para la tabla abprod.sales_goals: ~4 rows (aproximadamente)
INSERT INTO `sales_goals` (`id`, `team_id`, `user_id`, `month`, `year`, `amount`, `created_at`, `updated_at`) VALUES
	(1, 1, 1, 2, 2025, 1000000, '2025-02-10 20:49:33', '2025-02-10 20:49:33'),
	(2, 2, 1, 2, 2025, 1260, '2025-02-10 18:27:03', '2025-02-10 18:27:03'),
	(3, 3, 1, 2, 2025, 500, NULL, NULL),
	(4, 1, 1, 1, 2025, 1, NULL, NULL);

-- Volcando datos para la tabla abprod.sizes: ~37 rows (aproximadamente)
INSERT INTO `sizes` (`id`, `name`, `created_at`, `updated_at`) VALUES
	(1, 'NORMAL', '2025-02-05 21:46:10', '2025-02-05 21:46:10'),
	(2, '1A-CAB', '2025-02-05 21:46:10', '2025-02-05 21:46:10'),
	(3, '1A-DAM', '2025-02-05 21:46:10', '2025-02-05 21:46:10'),
	(4, '2A-CAB', '2025-02-05 21:46:10', '2025-02-05 21:46:10'),
	(5, '2A-DAM', '2025-02-05 21:46:10', '2025-02-05 21:46:10'),
	(6, '4A-CAB', '2025-02-05 21:46:10', '2025-02-05 21:46:10'),
	(7, '4A-DAM', '2025-02-05 21:46:10', '2025-02-05 21:46:10'),
	(8, '6A-CAB', '2025-02-05 21:46:10', '2025-02-05 21:46:10'),
	(9, '6A-DAM', '2025-02-05 21:46:10', '2025-02-05 21:46:10'),
	(10, '8A-CAB', '2025-02-05 21:46:10', '2025-02-05 21:46:10'),
	(11, '8A-DAM', '2025-02-05 21:46:10', '2025-02-05 21:46:10'),
	(12, '10A-CAB', '2025-02-05 21:46:10', '2025-02-05 21:46:10'),
	(13, '10A-DAM', '2025-02-05 21:46:10', '2025-02-05 21:46:10'),
	(14, '14A-CAB', '2025-02-05 21:46:10', '2025-02-05 21:46:10'),
	(15, '14A-DAM', '2025-02-05 21:46:10', '2025-02-05 21:46:10'),
	(16, '16A-CAB', '2025-02-05 21:46:10', '2025-02-05 21:46:10'),
	(17, '16A-DAM', '2025-02-05 21:46:10', '2025-02-05 21:46:10'),
	(18, 'XP-CAB', '2025-02-05 21:46:10', '2025-02-05 21:46:10'),
	(19, 'XP-DAM', '2025-02-05 21:46:10', '2025-02-05 21:46:10'),
	(20, 'P-CAB', '2025-02-05 21:46:10', '2025-02-05 21:46:10'),
	(21, 'P-DAM', '2025-02-05 21:46:10', '2025-02-05 21:46:10'),
	(22, 'M-CAB', '2025-02-05 21:46:10', '2025-02-05 21:46:10'),
	(23, 'M-DAM', '2025-02-05 21:46:10', '2025-02-05 21:46:10'),
	(24, 'G-CAB', '2025-02-05 21:46:10', '2025-02-05 21:46:10'),
	(25, 'G-DAM', '2025-02-05 21:46:10', '2025-02-05 21:46:10'),
	(26, 'XG-CAB', '2025-02-05 21:46:10', '2025-02-05 21:46:10'),
	(27, 'XG-DAM', '2025-02-05 21:46:10', '2025-02-05 21:46:10'),
	(28, '2XG-CAB', '2025-02-05 21:46:10', '2025-02-05 21:46:10'),
	(29, '2XG-DAM', '2025-02-05 21:46:10', '2025-02-05 21:46:10'),
	(30, '3XG-CAB', '2025-02-05 21:46:10', '2025-02-05 21:46:10'),
	(31, '3XG-DAM', '2025-02-05 21:46:10', '2025-02-05 21:46:10'),
	(32, '4XG-CAB', '2025-02-05 21:46:10', '2025-02-05 21:46:10'),
	(33, '4XG-DAM', '2025-02-05 21:46:10', '2025-02-05 21:46:10'),
	(34, '5XG-CAB', '2025-02-05 21:46:10', '2025-02-05 21:46:10'),
	(35, '5XG-DAM', '2025-02-05 21:46:10', '2025-02-05 21:46:10'),
	(36, '6XG-CAB', '2025-02-05 21:46:10', '2025-02-05 21:46:10'),
	(37, '6XG-DAM', '2025-02-05 21:46:10', '2025-02-05 21:46:10');

-- Volcando datos para la tabla abprod.teams: ~5 rows (aproximadamente)
INSERT INTO `teams` (`id`, `name`, `leader_id`, `created_at`, `updated_at`) VALUES
	(1, 'INTERNO', 1, '2025-02-10 20:47:59', '2025-02-10 20:47:59'),
	(2, 'EXTERNO', 1, '2025-02-10 20:48:18', '2025-02-10 20:48:18'),
	(3, 'SETTER', 1, '2025-02-10 20:48:32', '2025-02-10 20:48:32'),
	(4, 'CLOSER', 1, '2025-02-10 20:48:47', '2025-02-10 20:48:47'),
	(5, 'COORPORATIVO', 1, '2025-02-10 20:49:02', '2025-02-10 20:49:02');

-- Volcando datos para la tabla abprod.team_members: ~2 rows (aproximadamente)
INSERT INTO `team_members` (`id`, `team_id`, `user_id`, `created_at`, `updated_at`) VALUES
	(1, 1, 1, '2025-02-12 22:14:38', '2025-02-12 22:14:38'),
	(2, 2, 3, '2025-02-12 23:04:08', '2025-02-12 23:04:08');

-- Volcando datos para la tabla abprod.users: ~2 rows (aproximadamente)
INSERT INTO `users` (`id`, `name`, `email`, `email_verified_at`, `password`, `remember_token`, `created_at`, `updated_at`, `avatar_url`) VALUES
	(1, 'daril diaz', 'darildiaz29@gmail.com', NULL, '$2y$12$1ZccpxFuqYzl0/aBfewxp.eVlSjHaHsB5RwdQ/6MS7T.8BOSj0K7S', NULL, '2025-02-05 21:46:09', '2025-02-08 20:40:07', NULL),
	(3, 'vendedor', 'vendedor@abdiez.com', NULL, '$2y$12$KYjhXV3aIXb2VwxW3Q6cA.ijef.NgHfdtbzgOD/3iCzHLzjUErIma', NULL, '2025-02-10 17:34:15', '2025-02-10 17:34:15', NULL);

/*!40103 SET TIME_ZONE=IFNULL(@OLD_TIME_ZONE, 'system') */;
/*!40101 SET SQL_MODE=IFNULL(@OLD_SQL_MODE, '') */;
/*!40014 SET FOREIGN_KEY_CHECKS=IFNULL(@OLD_FOREIGN_KEY_CHECKS, 1) */;
/*!40101 SET CHARACTER_SET_CLIENT=@OLD_CHARACTER_SET_CLIENT */;
/*!40111 SET SQL_NOTES=IFNULL(@OLD_SQL_NOTES, 1) */;
