-- --------------------------------------------------------
-- Host:                         127.0.0.1
-- Versión del servidor:         8.0.30 - MySQL Community Server - GPL
-- SO del servidor:              Win64
-- HeidiSQL Versión:             12.1.0.6537
-- --------------------------------------------------------

/*!40101 SET @OLD_CHARACTER_SET_CLIENT=@@CHARACTER_SET_CLIENT */;
/*!40101 SET NAMES utf8 */;
/*!50503 SET NAMES utf8mb4 */;
/*!40103 SET @OLD_TIME_ZONE=@@TIME_ZONE */;
/*!40103 SET TIME_ZONE='+00:00' */;
/*!40014 SET @OLD_FOREIGN_KEY_CHECKS=@@FOREIGN_KEY_CHECKS, FOREIGN_KEY_CHECKS=0 */;
/*!40101 SET @OLD_SQL_MODE=@@SQL_MODE, SQL_MODE='NO_AUTO_VALUE_ON_ZERO' */;
/*!40111 SET @OLD_SQL_NOTES=@@SQL_NOTES, SQL_NOTES=0 */;


-- Volcando estructura de base de datos para abprod
CREATE DATABASE IF NOT EXISTS `abprod` /*!40100 DEFAULT CHARACTER SET utf8mb4 COLLATE utf8mb4_0900_ai_ci */ /*!80016 DEFAULT ENCRYPTION='N' */;
USE `abprod`;

-- Volcando estructura para tabla abprod.categories
CREATE TABLE IF NOT EXISTS `categories` (
  `id` bigint unsigned NOT NULL AUTO_INCREMENT,
  `name` varchar(255) COLLATE utf8mb4_unicode_ci NOT NULL,
  `code` varchar(255) COLLATE utf8mb4_unicode_ci NOT NULL,
  `description` text COLLATE utf8mb4_unicode_ci,
  `order` int NOT NULL DEFAULT '0',
  `is_important` tinyint(1) NOT NULL DEFAULT '0',
  `created_at` timestamp NULL DEFAULT NULL,
  `updated_at` timestamp NULL DEFAULT NULL,
  PRIMARY KEY (`id`),
  UNIQUE KEY `categories_name_unique` (`name`)
) ENGINE=InnoDB AUTO_INCREMENT=30 DEFAULT CHARSET=utf8mb4 COLLATE=utf8mb4_unicode_ci;

-- Volcando datos para la tabla abprod.categories: ~29 rows (aproximadamente)
INSERT INTO `categories` (`id`, `name`, `code`, `description`, `order`, `is_important`, `created_at`, `updated_at`) VALUES
	(1, 'Camiseta', 'CAM', NULL, 1, 1, '2025-03-28 07:05:39', '2025-03-28 07:05:39'),
	(2, 'Camisilla', 'CMLL', NULL, 2, 1, '2025-03-28 07:05:39', '2025-03-28 07:05:39'),
	(3, 'Short', 'SHT', NULL, 3, 1, '2025-03-28 07:05:39', '2025-03-28 07:05:39'),
	(4, 'Media', 'MED', NULL, 4, 1, '2025-03-28 07:05:39', '2025-03-28 07:05:39'),
	(5, 'Camiseta Manga largas', 'CAMLG', NULL, 5, 1, '2025-03-28 07:05:39', '2025-03-28 07:05:39'),
	(6, 'Botinera', 'BTN', NULL, 6, 1, '2025-03-28 07:05:39', '2025-03-28 07:05:39'),
	(7, 'Blusa', 'BLU', NULL, 7, 1, '2025-03-28 07:05:39', '2025-03-28 07:05:39'),
	(8, 'Camisa', 'CMS', NULL, 8, 1, '2025-03-28 07:05:39', '2025-03-28 07:05:39'),
	(9, 'Remera', 'REM', NULL, 9, 1, '2025-03-28 07:05:39', '2025-03-28 07:05:39'),
	(10, 'Remera Polo', 'RP', NULL, 10, 1, '2025-03-28 07:05:39', '2025-03-28 07:05:39'),
	(11, 'Cuellera', 'CUE', NULL, 11, 1, '2025-03-28 07:05:39', '2025-03-28 07:05:39'),
	(12, 'Bandera', 'BDR', NULL, 12, 1, '2025-03-28 07:05:39', '2025-03-28 07:05:39'),
	(13, 'Brazalete', 'BRZ', NULL, 13, 1, '2025-03-28 07:05:39', '2025-03-28 07:05:39'),
	(14, 'Bata Médica', 'BMD', NULL, 14, 1, '2025-03-28 07:05:39', '2025-03-28 07:05:39'),
	(15, 'Bincha', 'BIN', NULL, 15, 1, '2025-03-28 07:05:39', '2025-03-28 07:05:39'),
	(16, 'Crop Top de Algodón', 'CTA', NULL, 16, 1, '2025-03-28 07:05:39', '2025-03-28 07:05:39'),
	(17, 'Body', 'BDY', NULL, 17, 1, '2025-03-28 07:05:39', '2025-03-28 07:05:39'),
	(18, 'Accesorio', 'ACC', NULL, 18, 1, '2025-03-28 07:05:39', '2025-03-28 07:05:39'),
	(19, 'Campera', 'CMP', NULL, 19, 1, '2025-03-28 07:05:39', '2025-03-28 07:05:39'),
	(20, 'Canguro', 'CNG', NULL, 20, 1, '2025-03-28 07:05:39', '2025-03-28 07:05:39'),
	(21, 'Chaleco', 'CHL', NULL, 21, 1, '2025-03-28 07:05:39', '2025-03-28 07:05:39'),
	(22, 'Chaqueta', 'CHQ', NULL, 22, 1, '2025-03-28 07:05:39', '2025-03-28 07:05:39'),
	(23, 'Chomba', 'CHM', NULL, 23, 1, '2025-03-28 07:05:39', '2025-03-28 07:05:39'),
	(24, 'Ciclista', 'CIC', NULL, 24, 1, '2025-03-28 07:05:39', '2025-03-28 07:05:39'),
	(25, 'Termica', 'TM', NULL, 25, 1, '2025-03-28 07:05:39', '2025-03-28 07:05:39'),
	(26, 'Saco', 'SC', NULL, 26, 1, '2025-03-28 07:05:39', '2025-03-28 07:05:39'),
	(27, 'Pantalon', 'PTN', NULL, 27, 1, '2025-03-28 07:05:39', '2025-03-28 07:05:39'),
	(28, 'crop top', 'CT', NULL, 28, 1, '2025-03-28 07:05:39', '2025-03-28 07:05:39'),
	(29, 'Servicios', 'SEV', NULL, 29, 1, '2025-03-28 07:05:39', '2025-03-28 07:05:39');

-- Volcando estructura para tabla abprod.centers
CREATE TABLE IF NOT EXISTS `centers` (
  `id` bigint unsigned NOT NULL AUTO_INCREMENT,
  `name` varchar(255) COLLATE utf8mb4_unicode_ci NOT NULL,
  `level` int NOT NULL,
  `created_at` timestamp NULL DEFAULT NULL,
  `updated_at` timestamp NULL DEFAULT NULL,
  PRIMARY KEY (`id`)
) ENGINE=InnoDB AUTO_INCREMENT=17 DEFAULT CHARSET=utf8mb4 COLLATE=utf8mb4_unicode_ci;

-- Volcando datos para la tabla abprod.centers: ~16 rows (aproximadamente)
INSERT INTO `centers` (`id`, `name`, `level`, `created_at`, `updated_at`) VALUES
	(1, 'Diseño', 1, '2025-03-28 07:05:39', '2025-03-28 07:05:39'),
	(2, 'Compras', 1, '2025-03-28 07:05:39', '2025-03-28 07:05:39'),
	(3, 'Color', 2, '2025-03-28 07:05:39', '2025-03-28 07:05:39'),
	(4, 'Diagramacion ', 3, '2025-03-28 07:05:39', '2025-03-28 07:05:39'),
	(5, 'Ponchado', 3, '2025-03-28 07:05:39', '2025-03-28 07:05:39'),
	(6, 'Vinilo corte', 3, '2025-03-28 07:05:39', '2025-03-28 07:05:39'),
	(7, 'Impresion', 4, '2025-03-28 07:05:39', '2025-03-28 07:05:39'),
	(8, 'Sublimacion', 5, '2025-03-28 07:05:39', '2025-03-28 07:05:39'),
	(9, 'Corte', 3, '2025-03-28 07:05:39', '2025-03-28 07:05:39'),
	(10, 'Confeccion', 6, '2025-03-28 07:05:39', '2025-03-28 07:05:39'),
	(11, 'Terminacion vinilo talle', 7, '2025-03-28 07:05:39', '2025-03-28 07:05:39'),
	(12, 'Bordado', 8, '2025-03-28 07:05:39', '2025-03-28 07:05:39'),
	(13, 'Plancha', 9, '2025-03-28 07:05:39', '2025-03-28 07:05:39'),
	(14, 'Empaque', 10, '2025-03-28 07:05:39', '2025-03-28 07:05:39'),
	(15, 'Ventas', 15, '2025-03-28 07:05:39', '2025-03-28 07:05:39'),
	(16, 'Administracion', 15, '2025-03-28 07:05:39', '2025-03-28 07:05:39');

-- Volcando estructura para tabla abprod.class_centers
CREATE TABLE IF NOT EXISTS `class_centers` (
  `id` bigint unsigned NOT NULL AUTO_INCREMENT,
  `category_id` bigint unsigned NOT NULL,
  `center_id` bigint unsigned NOT NULL,
  `item` int NOT NULL,
  `created_at` timestamp NULL DEFAULT NULL,
  `updated_at` timestamp NULL DEFAULT NULL,
  PRIMARY KEY (`id`),
  KEY `class_centers_category_id_foreign` (`category_id`),
  KEY `class_centers_center_id_foreign` (`center_id`),
  CONSTRAINT `class_centers_category_id_foreign` FOREIGN KEY (`category_id`) REFERENCES `question_categories` (`id`) ON DELETE CASCADE,
  CONSTRAINT `class_centers_center_id_foreign` FOREIGN KEY (`center_id`) REFERENCES `centers` (`id`) ON DELETE CASCADE
) ENGINE=InnoDB DEFAULT CHARSET=utf8mb4 COLLATE=utf8mb4_unicode_ci;

-- Volcando datos para la tabla abprod.class_centers: ~0 rows (aproximadamente)

-- Volcando estructura para tabla abprod.customers
CREATE TABLE IF NOT EXISTS `customers` (
  `id` bigint unsigned NOT NULL AUTO_INCREMENT,
  `nif` varchar(255) COLLATE utf8mb4_unicode_ci NOT NULL,
  `name` varchar(255) COLLATE utf8mb4_unicode_ci NOT NULL,
  `address` varchar(255) COLLATE utf8mb4_unicode_ci NOT NULL,
  `phone` varchar(255) COLLATE utf8mb4_unicode_ci NOT NULL,
  `user_id` bigint unsigned NOT NULL,
  `created_at` timestamp NULL DEFAULT NULL,
  `updated_at` timestamp NULL DEFAULT NULL,
  PRIMARY KEY (`id`),
  UNIQUE KEY `customers_nif_unique` (`nif`),
  KEY `customers_user_id_foreign` (`user_id`),
  CONSTRAINT `customers_user_id_foreign` FOREIGN KEY (`user_id`) REFERENCES `users` (`id`) ON DELETE CASCADE
) ENGINE=InnoDB AUTO_INCREMENT=2 DEFAULT CHARSET=utf8mb4 COLLATE=utf8mb4_unicode_ci;

-- Volcando datos para la tabla abprod.customers: ~1 rows (aproximadamente)
INSERT INTO `customers` (`id`, `nif`, `name`, `address`, `phone`, `user_id`, `created_at`, `updated_at`) VALUES
	(1, '5192306', 'Daril Diaz', 'Horqueta', '0972813605', 1, '2025-03-28 07:05:39', '2025-03-28 07:05:39');

-- Volcando estructura para tabla abprod.discounts
CREATE TABLE IF NOT EXISTS `discounts` (
  `id` bigint unsigned NOT NULL AUTO_INCREMENT,
  `code` varchar(255) COLLATE utf8mb4_unicode_ci NOT NULL,
  `date` date NOT NULL,
  `max_amount` int NOT NULL,
  `available` tinyint(1) NOT NULL DEFAULT '1',
  `user_id` bigint unsigned NOT NULL,
  `created_at` timestamp NULL DEFAULT NULL,
  `updated_at` timestamp NULL DEFAULT NULL,
  PRIMARY KEY (`id`),
  UNIQUE KEY `discounts_code_unique` (`code`),
  KEY `discounts_user_id_foreign` (`user_id`),
  CONSTRAINT `discounts_user_id_foreign` FOREIGN KEY (`user_id`) REFERENCES `users` (`id`) ON DELETE CASCADE
) ENGINE=InnoDB DEFAULT CHARSET=utf8mb4 COLLATE=utf8mb4_unicode_ci;

-- Volcando datos para la tabla abprod.discounts: ~0 rows (aproximadamente)

-- Volcando estructura para tabla abprod.error_orders
CREATE TABLE IF NOT EXISTS `error_orders` (
  `id` bigint unsigned NOT NULL AUTO_INCREMENT,
  `date` date NOT NULL,
  `order_id` bigint unsigned NOT NULL,
  `center_id` bigint unsigned NOT NULL,
  `product_id` bigint unsigned NOT NULL,
  `part_id` bigint unsigned NOT NULL,
  `item` int NOT NULL,
  `obs_det` varchar(255) COLLATE utf8mb4_unicode_ci DEFAULT NULL,
  `obs_error` varchar(255) COLLATE utf8mb4_unicode_ci DEFAULT NULL,
  `tela` tinyint(1) NOT NULL DEFAULT '0',
  `quantity` int NOT NULL,
  `created_at` timestamp NULL DEFAULT NULL,
  `updated_at` timestamp NULL DEFAULT NULL,
  PRIMARY KEY (`id`),
  KEY `error_orders_order_id_foreign` (`order_id`),
  KEY `error_orders_center_id_foreign` (`center_id`),
  KEY `error_orders_product_id_foreign` (`product_id`),
  KEY `error_orders_part_id_foreign` (`part_id`),
  CONSTRAINT `error_orders_center_id_foreign` FOREIGN KEY (`center_id`) REFERENCES `centers` (`id`) ON DELETE CASCADE,
  CONSTRAINT `error_orders_order_id_foreign` FOREIGN KEY (`order_id`) REFERENCES `orders` (`id`) ON DELETE CASCADE,
  CONSTRAINT `error_orders_part_id_foreign` FOREIGN KEY (`part_id`) REFERENCES `parts` (`id`) ON DELETE CASCADE,
  CONSTRAINT `error_orders_product_id_foreign` FOREIGN KEY (`product_id`) REFERENCES `products` (`id`) ON DELETE CASCADE
) ENGINE=InnoDB DEFAULT CHARSET=utf8mb4 COLLATE=utf8mb4_unicode_ci;

-- Volcando datos para la tabla abprod.error_orders: ~0 rows (aproximadamente)

-- Volcando estructura para tabla abprod.failed_jobs
CREATE TABLE IF NOT EXISTS `failed_jobs` (
  `id` bigint unsigned NOT NULL AUTO_INCREMENT,
  `uuid` varchar(255) COLLATE utf8mb4_unicode_ci NOT NULL,
  `connection` text COLLATE utf8mb4_unicode_ci NOT NULL,
  `queue` text COLLATE utf8mb4_unicode_ci NOT NULL,
  `payload` longtext COLLATE utf8mb4_unicode_ci NOT NULL,
  `exception` longtext COLLATE utf8mb4_unicode_ci NOT NULL,
  `failed_at` timestamp NOT NULL DEFAULT CURRENT_TIMESTAMP,
  PRIMARY KEY (`id`),
  UNIQUE KEY `failed_jobs_uuid_unique` (`uuid`)
) ENGINE=InnoDB DEFAULT CHARSET=utf8mb4 COLLATE=utf8mb4_unicode_ci;

-- Volcando datos para la tabla abprod.failed_jobs: ~0 rows (aproximadamente)

-- Volcando estructura para tabla abprod.lines
CREATE TABLE IF NOT EXISTS `lines` (
  `id` bigint unsigned NOT NULL AUTO_INCREMENT,
  `code` varchar(255) COLLATE utf8mb4_unicode_ci NOT NULL,
  `name` varchar(255) COLLATE utf8mb4_unicode_ci NOT NULL,
  `created_at` timestamp NULL DEFAULT NULL,
  `updated_at` timestamp NULL DEFAULT NULL,
  PRIMARY KEY (`id`),
  UNIQUE KEY `lines_code_unique` (`code`)
) ENGINE=InnoDB AUTO_INCREMENT=11 DEFAULT CHARSET=utf8mb4 COLLATE=utf8mb4_unicode_ci;

-- Volcando datos para la tabla abprod.lines: ~10 rows (aproximadamente)
INSERT INTO `lines` (`id`, `code`, `name`, `created_at`, `updated_at`) VALUES
	(1, 'C', 'Eco', '2025-03-28 07:05:39', '2025-03-28 07:05:39'),
	(2, 'B', 'Basic', '2025-03-28 07:05:39', '2025-03-28 07:05:39'),
	(3, 'S', 'Estandar', '2025-03-28 07:05:39', '2025-03-28 07:05:39'),
	(4, 'F', 'Oficial', '2025-03-28 07:05:39', '2025-03-28 07:05:39'),
	(5, 'A', 'Profesional', '2025-03-28 07:05:39', '2025-03-28 07:05:39'),
	(6, 'R', 'Semi Profesional', '2025-03-28 07:05:39', '2025-03-28 07:05:39'),
	(7, 'PR', 'Premium', '2025-03-28 07:05:39', '2025-03-28 07:05:39'),
	(8, 'E', 'Elite', '2025-03-28 07:05:39', '2025-03-28 07:05:39'),
	(9, 'G', 'Campeones', '2025-03-28 07:05:39', '2025-03-28 07:05:39'),
	(10, 'EMP', 'Empresarial', '2025-03-28 07:05:39', '2025-03-28 07:05:39');

-- Volcando estructura para tabla abprod.materials
CREATE TABLE IF NOT EXISTS `materials` (
  `id` bigint unsigned NOT NULL AUTO_INCREMENT,
  `name` varchar(255) COLLATE utf8mb4_unicode_ci NOT NULL,
  `description` varchar(255) COLLATE utf8mb4_unicode_ci NOT NULL,
  `unit` varchar(255) COLLATE utf8mb4_unicode_ci NOT NULL,
  `created_at` timestamp NULL DEFAULT NULL,
  `updated_at` timestamp NULL DEFAULT NULL,
  PRIMARY KEY (`id`)
) ENGINE=InnoDB DEFAULT CHARSET=utf8mb4 COLLATE=utf8mb4_unicode_ci;

-- Volcando datos para la tabla abprod.materials: ~0 rows (aproximadamente)

-- Volcando estructura para tabla abprod.material_lists
CREATE TABLE IF NOT EXISTS `material_lists` (
  `id` bigint unsigned NOT NULL AUTO_INCREMENT,
  `product_id` bigint unsigned NOT NULL,
  `material_id` bigint unsigned NOT NULL,
  `quantity` decimal(10,2) NOT NULL,
  `size_group_id` bigint unsigned NOT NULL,
  `created_at` timestamp NULL DEFAULT NULL,
  `updated_at` timestamp NULL DEFAULT NULL,
  PRIMARY KEY (`id`),
  KEY `material_lists_product_id_foreign` (`product_id`),
  KEY `material_lists_material_id_foreign` (`material_id`),
  KEY `material_lists_size_group_id_foreign` (`size_group_id`),
  CONSTRAINT `material_lists_material_id_foreign` FOREIGN KEY (`material_id`) REFERENCES `materials` (`id`) ON DELETE CASCADE,
  CONSTRAINT `material_lists_product_id_foreign` FOREIGN KEY (`product_id`) REFERENCES `products` (`id`) ON DELETE CASCADE,
  CONSTRAINT `material_lists_size_group_id_foreign` FOREIGN KEY (`size_group_id`) REFERENCES `size_groups` (`id`) ON DELETE CASCADE
) ENGINE=InnoDB DEFAULT CHARSET=utf8mb4 COLLATE=utf8mb4_unicode_ci;

-- Volcando datos para la tabla abprod.material_lists: ~0 rows (aproximadamente)

-- Volcando estructura para tabla abprod.migrations
CREATE TABLE IF NOT EXISTS `migrations` (
  `id` int unsigned NOT NULL AUTO_INCREMENT,
  `migration` varchar(255) COLLATE utf8mb4_unicode_ci NOT NULL,
  `batch` int NOT NULL,
  PRIMARY KEY (`id`)
) ENGINE=InnoDB AUTO_INCREMENT=48 DEFAULT CHARSET=utf8mb4 COLLATE=utf8mb4_unicode_ci;

-- Volcando datos para la tabla abprod.migrations: ~47 rows (aproximadamente)
INSERT INTO `migrations` (`id`, `migration`, `batch`) VALUES
	(1, '2014_10_12_000000_create_users_table', 1),
	(2, '2014_10_12_100000_create_password_reset_tokens_table', 1),
	(3, '2019_08_19_000000_create_failed_jobs_table', 1),
	(4, '2019_12_14_000001_create_personal_access_tokens_table', 1),
	(5, '2025_01_27_125717_create_lines_table', 1),
	(6, '2025_01_27_133809_create_categories_table', 1),
	(7, '2025_01_27_133809_create_sizes_table', 1),
	(8, '2025_01_27_133809_create_teams_table', 1),
	(9, '2025_01_27_133810_create_products_table', 1),
	(10, '2025_01_27_133811_create_centers_table', 1),
	(11, '2025_01_27_133811_create_discounts_table', 1),
	(12, '2025_01_27_133811_create_prices_table', 1),
	(13, '2025_01_27_133811_create_product_centers_table', 1),
	(14, '2025_01_27_133812_create_operators_table', 1),
	(15, '2025_01_27_133813_create_question_categories_table', 1),
	(16, '2025_01_27_133813_create_questions_table', 1),
	(17, '2025_01_27_133814_create_customers_table', 1),
	(18, '2025_01_27_133814_create_orders_table', 1),
	(19, '2025_01_27_133814_create_production_table', 1),
	(20, '2025_01_27_133815_create_order_items_table', 1),
	(21, '2025_01_27_133815_create_order_molds_table', 1),
	(22, '2025_01_27_133815_create_productiondets_table', 1),
	(23, '2025_01_27_133816_create_order_references_table', 1),
	(24, '2025_01_27_133817_create_order_item_products_table', 1),
	(25, '2025_01_27_133817_create_orderquestionanswers_table', 1),
	(26, '2025_02_08_124953_create_parts_table', 1),
	(27, '2025_02_08_125001_create_error_orders_table', 1),
	(28, '2025_02_08_125008_create_reorders_table', 1),
	(29, '2025_02_08_142106_create_permission_tables', 1),
	(30, '2025_02_10_173900_create_sales_goals_table', 1),
	(31, '2025_02_10_173900_create_team_members_table', 1),
	(32, '2025_02_12_201940_create_class_centers_table', 1),
	(33, '2025_02_12_202013_create_plannings_table', 1),
	(34, '2025_03_08_132548_create_rolls_table', 1),
	(35, '2025_03_08_132709_create_payments_table', 1),
	(36, '2025_03_08_132853_create_size_groups_table', 1),
	(37, '2025_03_08_132909_create_materials_table', 1),
	(38, '2025_03_08_133050_create_material_lists_table', 1),
	(39, '2025_03_08_133213_create_prod_discounts_table', 1),
	(40, '2025_03_08_163708_create_roll_prodts_table', 1),
	(41, '2025_03_11_194420_create_roll_errors_table', 1),
	(42, '2025_03_12_164638_create_payment_methods_table', 1),
	(43, '2025_03_12_164738_create_payment_histories_table', 1),
	(44, '2025_03_14_133135_create_prod_designs_table', 1),
	(45, '2025_03_18_174743_add_category_id_to_product_category_counts', 1),
	(46, '2025_03_18_175912_create_product_categories_table', 1),
	(47, '2025_03_19_161630_add_public_token_to_orders_table', 1);

-- Volcando estructura para tabla abprod.model_has_permissions
CREATE TABLE IF NOT EXISTS `model_has_permissions` (
  `permission_id` bigint unsigned NOT NULL,
  `model_type` varchar(255) COLLATE utf8mb4_unicode_ci NOT NULL,
  `model_id` bigint unsigned NOT NULL,
  PRIMARY KEY (`permission_id`,`model_id`,`model_type`),
  KEY `model_has_permissions_model_id_model_type_index` (`model_id`,`model_type`),
  CONSTRAINT `model_has_permissions_permission_id_foreign` FOREIGN KEY (`permission_id`) REFERENCES `permissions` (`id`) ON DELETE CASCADE
) ENGINE=InnoDB DEFAULT CHARSET=utf8mb4 COLLATE=utf8mb4_unicode_ci;

-- Volcando datos para la tabla abprod.model_has_permissions: ~0 rows (aproximadamente)

-- Volcando estructura para tabla abprod.model_has_roles
CREATE TABLE IF NOT EXISTS `model_has_roles` (
  `role_id` bigint unsigned NOT NULL,
  `model_type` varchar(255) COLLATE utf8mb4_unicode_ci NOT NULL,
  `model_id` bigint unsigned NOT NULL,
  PRIMARY KEY (`role_id`,`model_id`,`model_type`),
  KEY `model_has_roles_model_id_model_type_index` (`model_id`,`model_type`),
  CONSTRAINT `model_has_roles_role_id_foreign` FOREIGN KEY (`role_id`) REFERENCES `roles` (`id`) ON DELETE CASCADE
) ENGINE=InnoDB DEFAULT CHARSET=utf8mb4 COLLATE=utf8mb4_unicode_ci;

-- Volcando datos para la tabla abprod.model_has_roles: ~3 rows (aproximadamente)
INSERT INTO `model_has_roles` (`role_id`, `model_type`, `model_id`) VALUES
	(2, 'App\\Models\\User', 1),
	(2, 'AppModelsUser', 1),
	(3, 'AppModelsUser', 3);

-- Volcando estructura para tabla abprod.operators
CREATE TABLE IF NOT EXISTS `operators` (
  `id` bigint unsigned NOT NULL AUTO_INCREMENT,
  `name` varchar(255) COLLATE utf8mb4_unicode_ci NOT NULL,
  `position` varchar(255) COLLATE utf8mb4_unicode_ci NOT NULL,
  `user_id` bigint unsigned NOT NULL,
  `center_id` bigint unsigned NOT NULL,
  `created_at` timestamp NULL DEFAULT NULL,
  `updated_at` timestamp NULL DEFAULT NULL,
  PRIMARY KEY (`id`),
  KEY `operators_user_id_foreign` (`user_id`),
  KEY `operators_center_id_foreign` (`center_id`),
  CONSTRAINT `operators_center_id_foreign` FOREIGN KEY (`center_id`) REFERENCES `centers` (`id`) ON DELETE CASCADE,
  CONSTRAINT `operators_user_id_foreign` FOREIGN KEY (`user_id`) REFERENCES `users` (`id`) ON DELETE CASCADE
) ENGINE=InnoDB AUTO_INCREMENT=47 DEFAULT CHARSET=utf8mb4 COLLATE=utf8mb4_unicode_ci;

-- Volcando datos para la tabla abprod.operators: ~46 rows (aproximadamente)
INSERT INTO `operators` (`id`, `name`, `position`, `user_id`, `center_id`, `created_at`, `updated_at`) VALUES
	(1, 'Aquino Rojas, Rodrigo Fabian', 'Fun. abdiez', 4, 15, '2025-03-28 07:05:39', '2025-03-28 07:05:39'),
	(2, 'Areco Gòmez, Ilcia Mariela', '', 5, 16, '2025-03-28 07:05:39', '2025-03-28 07:05:39'),
	(3, 'Arevalos Alvarenga, Ada Ramona', '', 6, 14, '2025-03-28 07:05:39', '2025-03-28 07:05:39'),
	(4, 'Beraud Fernandez, Isis Maria Jesus', '', 7, 1, '2025-03-28 07:05:39', '2025-03-28 07:05:39'),
	(5, 'Bogarín Ríos, Adrian Pastor', '', 8, 7, '2025-03-28 07:05:39', '2025-03-28 07:05:39'),
	(6, 'Cabrera Barua, Laura Patricia', '', 9, 12, '2025-03-28 07:05:39', '2025-03-28 07:05:39'),
	(7, 'Carballo,Antonio', '', 10, 8, '2025-03-28 07:05:39', '2025-03-28 07:05:39'),
	(8, 'Castillo Ortiz, Jesús Alberto', '', 11, 1, '2025-03-28 07:05:39', '2025-03-28 07:05:39'),
	(9, 'Colmán, Liz Sandra', '', 12, 15, '2025-03-28 07:05:39', '2025-03-28 07:05:39'),
	(10, 'Dìaz, Daril Andres', '', 13, 16, '2025-03-28 07:05:39', '2025-03-28 07:05:39'),
	(11, 'Duarte Medina, Ana Liz', '', 14, 16, '2025-03-28 07:05:39', '2025-03-28 07:05:39'),
	(12, 'Espinola Martinez, Mario', '', 15, 1, '2025-03-28 07:05:39', '2025-03-28 07:05:39'),
	(13, 'Espinola Ramírez, Liz Romina', '', 16, 15, '2025-03-28 07:05:39', '2025-03-28 07:05:39'),
	(14, 'Irala Cassera, Nadia Monserrath', '', 17, 16, '2025-03-28 07:05:39', '2025-03-28 07:05:39'),
	(15, 'López, Anibal', '', 18, 9, '2025-03-28 07:05:39', '2025-03-28 07:05:39'),
	(16, 'López, Norma', '', 19, 13, '2025-03-28 07:05:39', '2025-03-28 07:05:39'),
	(17, 'López Osmar', '', 20, 8, '2025-03-28 07:05:39', '2025-03-28 07:05:39'),
	(18, 'Mancuello, Miryam', '', 21, 16, '2025-03-28 07:05:39', '2025-03-28 07:05:39'),
	(19, 'Martiinez , Leticia', '', 22, 16, '2025-03-28 07:05:39', '2025-03-28 07:05:39'),
	(20, 'Martinez Rojas, Fatima', '', 23, 15, '2025-03-28 07:05:39', '2025-03-28 07:05:39'),
	(21, 'Meza Bogarin, Marcial Tobías Isaac', '', 24, 4, '2025-03-28 07:05:39', '2025-03-28 07:05:39'),
	(22, 'Mora Palacios, Cesar Benito', '', 25, 1, '2025-03-28 07:05:39', '2025-03-28 07:05:39'),
	(23, 'Ozorio Huchense, Ynocencia', '', 26, 10, '2025-03-28 07:05:39', '2025-03-28 07:05:39'),
	(24, 'Peña Javier.', '', 27, 5, '2025-03-28 07:05:39', '2025-03-28 07:05:39'),
	(25, 'Ramirez, Julio', '', 28, 4, '2025-03-28 07:05:39', '2025-03-28 07:05:39'),
	(26, 'Ramirez Alegre, Laura Carolina', '', 29, 15, '2025-03-28 07:05:39', '2025-03-28 07:05:39'),
	(27, 'Ramos, Nelly', '', 30, 9, '2025-03-28 07:05:39', '2025-03-28 07:05:39'),
	(28, 'Rojas Barua, Olga María Liz', '', 31, 16, '2025-03-28 07:05:39', '2025-03-28 07:05:39'),
	(29, 'Rojas Insaurralde,Carlos Enrique', '', 32, 15, '2025-03-28 07:05:39', '2025-03-28 07:05:39'),
	(30, 'Ruíz Britez, Areli', '', 33, 16, '2025-03-28 07:05:39', '2025-03-28 07:05:39'),
	(31, 'Ruiz Britez, David Abdias', '', 34, 16, '2025-03-28 07:05:39', '2025-03-28 07:05:39'),
	(32, 'Ruíz Martinez, Angela del Rosario', '', 35, 16, '2025-03-28 07:05:39', '2025-03-28 07:05:39'),
	(33, 'Sorensen, Pedro', '', 36, 15, '2025-03-28 07:05:39', '2025-03-28 07:05:39'),
	(34, 'Vera Garcìa , Ronaldo Ruben', '', 37, 16, '2025-03-28 07:05:39', '2025-03-28 07:05:39'),
	(35, 'Villalba, Alder', '', 38, 12, '2025-03-28 07:05:39', '2025-03-28 07:05:39'),
	(36, 'Caballero López, Enry David', '', 39, 9, '2025-03-28 07:05:39', '2025-03-28 07:05:39'),
	(37, 'Meza Gayozo, Cesar Ramón', '', 40, 9, '2025-03-28 07:05:39', '2025-03-28 07:05:39'),
	(38, 'Vera Acosta, Feliciano', '', 41, 9, '2025-03-28 07:05:39', '2025-03-28 07:05:39'),
	(39, 'Viky', '', 42, 10, '2025-03-28 07:05:39', '2025-03-28 07:05:39'),
	(40, 'Perla', '', 43, 10, '2025-03-28 07:05:39', '2025-03-28 07:05:39'),
	(41, 'Mauro', '', 44, 10, '2025-03-28 07:05:39', '2025-03-28 07:05:39'),
	(42, 'Marciano', '', 45, 10, '2025-03-28 07:05:39', '2025-03-28 07:05:39'),
	(43, 'Diosnel', '', 46, 10, '2025-03-28 07:05:39', '2025-03-28 07:05:39'),
	(44, 'Angela Jara', '', 47, 10, '2025-03-28 07:05:39', '2025-03-28 07:05:39'),
	(45, 'Anicia', '', 48, 10, '2025-03-28 07:05:39', '2025-03-28 07:05:39'),
	(46, 'Yolanda', '', 49, 10, '2025-03-28 07:05:39', '2025-03-28 07:05:39');

-- Volcando estructura para tabla abprod.orders
CREATE TABLE IF NOT EXISTS `orders` (
  `id` bigint unsigned NOT NULL AUTO_INCREMENT,
  `bitrix_id` int DEFAULT NULL,
  `customer_id` bigint unsigned NOT NULL,
  `seller_id` bigint unsigned NOT NULL,
  `manager_id` bigint unsigned NOT NULL,
  `team_id` bigint unsigned NOT NULL,
  `reference_name` varchar(255) COLLATE utf8mb4_unicode_ci NOT NULL,
  `issue_date` date NOT NULL,
  `delivery_date` date NOT NULL,
  `shipping_date` date DEFAULT NULL,
  `completion_date` date DEFAULT NULL,
  `total` int NOT NULL,
  `classification_id` bigint unsigned NOT NULL,
  `status` int NOT NULL DEFAULT '0',
  `created_at` timestamp NULL DEFAULT NULL,
  `updated_at` timestamp NULL DEFAULT NULL,
  PRIMARY KEY (`id`),
  KEY `orders_customer_id_foreign` (`customer_id`),
  KEY `orders_seller_id_foreign` (`seller_id`),
  KEY `orders_manager_id_foreign` (`manager_id`),
  KEY `orders_team_id_foreign` (`team_id`),
  KEY `orders_classification_id_foreign` (`classification_id`),
  CONSTRAINT `orders_classification_id_foreign` FOREIGN KEY (`classification_id`) REFERENCES `question_categories` (`id`) ON DELETE CASCADE,
  CONSTRAINT `orders_customer_id_foreign` FOREIGN KEY (`customer_id`) REFERENCES `customers` (`id`) ON DELETE CASCADE,
  CONSTRAINT `orders_manager_id_foreign` FOREIGN KEY (`manager_id`) REFERENCES `users` (`id`) ON DELETE CASCADE,
  CONSTRAINT `orders_seller_id_foreign` FOREIGN KEY (`seller_id`) REFERENCES `users` (`id`) ON DELETE CASCADE,
  CONSTRAINT `orders_team_id_foreign` FOREIGN KEY (`team_id`) REFERENCES `teams` (`id`) ON DELETE CASCADE
) ENGINE=InnoDB DEFAULT CHARSET=utf8mb4 COLLATE=utf8mb4_unicode_ci;

-- Volcando datos para la tabla abprod.orders: ~0 rows (aproximadamente)

-- Volcando estructura para tabla abprod.order_items
CREATE TABLE IF NOT EXISTS `order_items` (
  `id` bigint unsigned NOT NULL AUTO_INCREMENT,
  `order_id` bigint unsigned NOT NULL,
  `item` int NOT NULL,
  `model` varchar(255) COLLATE utf8mb4_unicode_ci NOT NULL,
  `name` varchar(255) COLLATE utf8mb4_unicode_ci DEFAULT NULL,
  `number` varchar(255) COLLATE utf8mb4_unicode_ci DEFAULT NULL,
  `other` varchar(255) COLLATE utf8mb4_unicode_ci DEFAULT NULL,
  `size_id` bigint unsigned NOT NULL,
  `quantity` int NOT NULL DEFAULT '1',
  `price` int NOT NULL,
  `subtotal` int NOT NULL,
  `discount` int NOT NULL DEFAULT '0',
  `product_id` json DEFAULT NULL,
  `created_at` timestamp NULL DEFAULT NULL,
  `updated_at` timestamp NULL DEFAULT NULL,
  PRIMARY KEY (`id`),
  KEY `order_items_order_id_foreign` (`order_id`),
  KEY `order_items_size_id_foreign` (`size_id`),
  CONSTRAINT `order_items_order_id_foreign` FOREIGN KEY (`order_id`) REFERENCES `orders` (`id`) ON DELETE CASCADE,
  CONSTRAINT `order_items_size_id_foreign` FOREIGN KEY (`size_id`) REFERENCES `sizes` (`id`) ON DELETE CASCADE
) ENGINE=InnoDB DEFAULT CHARSET=utf8mb4 COLLATE=utf8mb4_unicode_ci;

-- Volcando datos para la tabla abprod.order_items: ~0 rows (aproximadamente)

-- Volcando estructura para tabla abprod.order_item_products
CREATE TABLE IF NOT EXISTS `order_item_products` (
  `id` bigint unsigned NOT NULL AUTO_INCREMENT,
  `order_item_id` bigint unsigned NOT NULL,
  `reference_id` bigint unsigned NOT NULL,
  `size_id` bigint unsigned NOT NULL,
  `price` int NOT NULL,
  `quantity` int NOT NULL DEFAULT '1',
  `created_at` timestamp NULL DEFAULT NULL,
  `updated_at` timestamp NULL DEFAULT NULL,
  PRIMARY KEY (`id`),
  KEY `order_item_products_order_item_id_foreign` (`order_item_id`),
  KEY `order_item_products_reference_id_foreign` (`reference_id`),
  KEY `order_item_products_size_id_foreign` (`size_id`),
  CONSTRAINT `order_item_products_order_item_id_foreign` FOREIGN KEY (`order_item_id`) REFERENCES `order_items` (`id`) ON DELETE CASCADE,
  CONSTRAINT `order_item_products_reference_id_foreign` FOREIGN KEY (`reference_id`) REFERENCES `order_references` (`id`) ON DELETE CASCADE,
  CONSTRAINT `order_item_products_size_id_foreign` FOREIGN KEY (`size_id`) REFERENCES `sizes` (`id`) ON DELETE CASCADE
) ENGINE=InnoDB DEFAULT CHARSET=utf8mb4 COLLATE=utf8mb4_unicode_ci;

-- Volcando datos para la tabla abprod.order_item_products: ~0 rows (aproximadamente)

-- Volcando estructura para tabla abprod.order_molds
CREATE TABLE IF NOT EXISTS `order_molds` (
  `id` bigint unsigned NOT NULL AUTO_INCREMENT,
  `order_id` bigint unsigned NOT NULL,
  `title` varchar(255) COLLATE utf8mb4_unicode_ci NOT NULL,
  `imagen` text COLLATE utf8mb4_unicode_ci,
  `created_at` timestamp NULL DEFAULT NULL,
  `updated_at` timestamp NULL DEFAULT NULL,
  PRIMARY KEY (`id`),
  KEY `order_molds_order_id_foreign` (`order_id`),
  CONSTRAINT `order_molds_order_id_foreign` FOREIGN KEY (`order_id`) REFERENCES `orders` (`id`) ON DELETE CASCADE
) ENGINE=InnoDB DEFAULT CHARSET=utf8mb4 COLLATE=utf8mb4_unicode_ci;

-- Volcando datos para la tabla abprod.order_molds: ~0 rows (aproximadamente)

-- Volcando estructura para tabla abprod.order_question_answers
CREATE TABLE IF NOT EXISTS `order_question_answers` (
  `id` bigint unsigned NOT NULL AUTO_INCREMENT,
  `order_id` bigint unsigned NOT NULL,
  `question_id` bigint unsigned NOT NULL,
  `answer` text COLLATE utf8mb4_unicode_ci NOT NULL,
  `created_at` timestamp NULL DEFAULT NULL,
  `updated_at` timestamp NULL DEFAULT NULL,
  PRIMARY KEY (`id`),
  KEY `order_question_answers_order_id_foreign` (`order_id`),
  KEY `order_question_answers_question_id_foreign` (`question_id`),
  CONSTRAINT `order_question_answers_order_id_foreign` FOREIGN KEY (`order_id`) REFERENCES `orders` (`id`) ON DELETE CASCADE,
  CONSTRAINT `order_question_answers_question_id_foreign` FOREIGN KEY (`question_id`) REFERENCES `questions` (`id`) ON DELETE CASCADE
) ENGINE=InnoDB DEFAULT CHARSET=utf8mb4 COLLATE=utf8mb4_unicode_ci;

-- Volcando datos para la tabla abprod.order_question_answers: ~0 rows (aproximadamente)

-- Volcando estructura para tabla abprod.order_references
CREATE TABLE IF NOT EXISTS `order_references` (
  `id` bigint unsigned NOT NULL AUTO_INCREMENT,
  `order_id` bigint unsigned NOT NULL,
  `item` int NOT NULL,
  `product_id` bigint unsigned NOT NULL,
  `size_id` bigint unsigned NOT NULL,
  `quantity` int NOT NULL,
  `price` int NOT NULL,
  `discount` int NOT NULL DEFAULT '0',
  `created_at` timestamp NULL DEFAULT NULL,
  `updated_at` timestamp NULL DEFAULT NULL,
  PRIMARY KEY (`id`),
  KEY `order_references_order_id_foreign` (`order_id`),
  KEY `order_references_product_id_foreign` (`product_id`),
  KEY `order_references_size_id_foreign` (`size_id`),
  CONSTRAINT `order_references_order_id_foreign` FOREIGN KEY (`order_id`) REFERENCES `orders` (`id`) ON DELETE CASCADE,
  CONSTRAINT `order_references_product_id_foreign` FOREIGN KEY (`product_id`) REFERENCES `products` (`id`) ON DELETE CASCADE,
  CONSTRAINT `order_references_size_id_foreign` FOREIGN KEY (`size_id`) REFERENCES `sizes` (`id`) ON DELETE CASCADE
) ENGINE=InnoDB DEFAULT CHARSET=utf8mb4 COLLATE=utf8mb4_unicode_ci;

-- Volcando datos para la tabla abprod.order_references: ~0 rows (aproximadamente)

-- Volcando estructura para vista abprod.order_reference_summaries
-- Creando tabla temporal para superar errores de dependencia de VIEW
CREATE TABLE `order_reference_summaries` (
	`id` VARCHAR(62) NULL COLLATE 'utf8mb4_unicode_ci',
	`order_id` BIGINT(20) UNSIGNED NOT NULL,
	`product_id` BIGINT(20) UNSIGNED NOT NULL,
	`size_id` BIGINT(20) UNSIGNED NOT NULL,
	`new_code` VARCHAR(510) NULL COLLATE 'utf8mb4_unicode_ci',
	`total_quantity` DECIMAL(32,0) NULL,
	`total_price` DECIMAL(32,0) NULL
) ENGINE=MyISAM;

-- Volcando estructura para tabla abprod.parts
CREATE TABLE IF NOT EXISTS `parts` (
  `id` bigint unsigned NOT NULL AUTO_INCREMENT,
  `name` varchar(255) COLLATE utf8mb4_unicode_ci NOT NULL,
  `loss_percentage` int NOT NULL,
  `created_at` timestamp NULL DEFAULT NULL,
  `updated_at` timestamp NULL DEFAULT NULL,
  PRIMARY KEY (`id`)
) ENGINE=InnoDB AUTO_INCREMENT=6 DEFAULT CHARSET=utf8mb4 COLLATE=utf8mb4_unicode_ci;

-- Volcando datos para la tabla abprod.parts: ~5 rows (aproximadamente)
INSERT INTO `parts` (`id`, `name`, `loss_percentage`, `created_at`, `updated_at`) VALUES
	(1, 'Manga', 20, '2025-02-08 14:59:02', '2025-02-08 14:59:02'),
	(2, 'delantero', 30, '2025-02-08 14:59:18', '2025-02-08 14:59:18'),
	(3, 'dorso', 30, '2025-02-08 14:59:33', '2025-02-08 14:59:33'),
	(4, 'manga larga', 25, '2025-02-08 15:00:02', '2025-02-08 15:00:02'),
	(5, 'detalles', 15, '2025-02-08 15:00:17', '2025-02-08 15:00:17');

-- Volcando estructura para tabla abprod.password_reset_tokens
CREATE TABLE IF NOT EXISTS `password_reset_tokens` (
  `email` varchar(255) COLLATE utf8mb4_unicode_ci NOT NULL,
  `token` varchar(255) COLLATE utf8mb4_unicode_ci NOT NULL,
  `created_at` timestamp NULL DEFAULT NULL,
  PRIMARY KEY (`email`)
) ENGINE=InnoDB DEFAULT CHARSET=utf8mb4 COLLATE=utf8mb4_unicode_ci;

-- Volcando datos para la tabla abprod.password_reset_tokens: ~0 rows (aproximadamente)

-- Volcando estructura para tabla abprod.payments
CREATE TABLE IF NOT EXISTS `payments` (
  `id` bigint unsigned NOT NULL AUTO_INCREMENT,
  `date` date NOT NULL,
  `amount` int NOT NULL,
  `user_id` bigint unsigned NOT NULL,
  `created_at` timestamp NULL DEFAULT NULL,
  `updated_at` timestamp NULL DEFAULT NULL,
  PRIMARY KEY (`id`),
  KEY `payments_user_id_foreign` (`user_id`),
  CONSTRAINT `payments_user_id_foreign` FOREIGN KEY (`user_id`) REFERENCES `users` (`id`) ON DELETE CASCADE
) ENGINE=InnoDB DEFAULT CHARSET=utf8mb4 COLLATE=utf8mb4_unicode_ci;

-- Volcando datos para la tabla abprod.payments: ~0 rows (aproximadamente)

-- Volcando estructura para tabla abprod.payment_histories
CREATE TABLE IF NOT EXISTS `payment_histories` (
  `id` bigint unsigned NOT NULL AUTO_INCREMENT,
  `date` date NOT NULL,
  `date_confirmation` date DEFAULT NULL,
  `amount` int NOT NULL,
  `payment_method_id` bigint unsigned NOT NULL,
  `reference` varchar(255) COLLATE utf8mb4_unicode_ci NOT NULL,
  `image` text COLLATE utf8mb4_unicode_ci,
  `status` tinyint(1) NOT NULL DEFAULT '0',
  `seller_id` bigint unsigned NOT NULL,
  `user_conf_id` bigint unsigned NOT NULL,
  `order_id` bigint unsigned NOT NULL,
  `created_at` timestamp NULL DEFAULT NULL,
  `updated_at` timestamp NULL DEFAULT NULL,
  PRIMARY KEY (`id`),
  KEY `payment_histories_payment_method_id_foreign` (`payment_method_id`),
  KEY `payment_histories_seller_id_foreign` (`seller_id`),
  KEY `payment_histories_user_conf_id_foreign` (`user_conf_id`),
  KEY `payment_histories_order_id_foreign` (`order_id`),
  CONSTRAINT `payment_histories_order_id_foreign` FOREIGN KEY (`order_id`) REFERENCES `orders` (`id`) ON DELETE CASCADE,
  CONSTRAINT `payment_histories_payment_method_id_foreign` FOREIGN KEY (`payment_method_id`) REFERENCES `payment_methods` (`id`) ON DELETE CASCADE,
  CONSTRAINT `payment_histories_seller_id_foreign` FOREIGN KEY (`seller_id`) REFERENCES `users` (`id`) ON DELETE CASCADE,
  CONSTRAINT `payment_histories_user_conf_id_foreign` FOREIGN KEY (`user_conf_id`) REFERENCES `users` (`id`) ON DELETE CASCADE
) ENGINE=InnoDB DEFAULT CHARSET=utf8mb4 COLLATE=utf8mb4_unicode_ci;

-- Volcando datos para la tabla abprod.payment_histories: ~0 rows (aproximadamente)

-- Volcando estructura para tabla abprod.payment_methods
CREATE TABLE IF NOT EXISTS `payment_methods` (
  `id` bigint unsigned NOT NULL AUTO_INCREMENT,
  `name` varchar(255) COLLATE utf8mb4_unicode_ci NOT NULL,
  `created_at` timestamp NULL DEFAULT NULL,
  `updated_at` timestamp NULL DEFAULT NULL,
  PRIMARY KEY (`id`)
) ENGINE=InnoDB DEFAULT CHARSET=utf8mb4 COLLATE=utf8mb4_unicode_ci;

-- Volcando datos para la tabla abprod.payment_methods: ~0 rows (aproximadamente)

-- Volcando estructura para tabla abprod.permissions
CREATE TABLE IF NOT EXISTS `permissions` (
  `id` bigint unsigned NOT NULL AUTO_INCREMENT,
  `name` varchar(255) COLLATE utf8mb4_unicode_ci NOT NULL,
  `guard_name` varchar(255) COLLATE utf8mb4_unicode_ci NOT NULL,
  `created_at` timestamp NULL DEFAULT NULL,
  `updated_at` timestamp NULL DEFAULT NULL,
  PRIMARY KEY (`id`),
  UNIQUE KEY `permissions_name_guard_name_unique` (`name`,`guard_name`)
) ENGINE=InnoDB AUTO_INCREMENT=458 DEFAULT CHARSET=utf8mb4 COLLATE=utf8mb4_unicode_ci;

-- Volcando datos para la tabla abprod.permissions: ~457 rows (aproximadamente)
INSERT INTO `permissions` (`id`, `name`, `guard_name`, `created_at`, `updated_at`) VALUES
	(1, 'view_role', 'web', '2025-02-10 16:33:29', '2025-02-10 16:33:29'),
	(2, 'view_any_role', 'web', '2025-02-10 16:33:29', '2025-02-10 16:33:29'),
	(3, 'create_role', 'web', '2025-02-10 16:33:29', '2025-02-10 16:33:29'),
	(4, 'update_role', 'web', '2025-02-10 16:33:29', '2025-02-10 16:33:29'),
	(5, 'delete_role', 'web', '2025-02-10 16:33:29', '2025-02-10 16:33:29'),
	(6, 'delete_any_role', 'web', '2025-02-10 16:33:29', '2025-02-10 16:33:29'),
	(7, 'view_category', 'web', '2025-02-10 16:56:29', '2025-02-10 16:56:29'),
	(8, 'view_any_category', 'web', '2025-02-10 16:56:29', '2025-02-10 16:56:29'),
	(9, 'create_category', 'web', '2025-02-10 16:56:29', '2025-02-10 16:56:29'),
	(10, 'update_category', 'web', '2025-02-10 16:56:29', '2025-02-10 16:56:29'),
	(11, 'restore_category', 'web', '2025-02-10 16:56:29', '2025-02-10 16:56:29'),
	(12, 'restore_any_category', 'web', '2025-02-10 16:56:29', '2025-02-10 16:56:29'),
	(13, 'replicate_category', 'web', '2025-02-10 16:56:29', '2025-02-10 16:56:29'),
	(14, 'reorder_category', 'web', '2025-02-10 16:56:29', '2025-02-10 16:56:29'),
	(15, 'delete_category', 'web', '2025-02-10 16:56:29', '2025-02-10 16:56:29'),
	(16, 'delete_any_category', 'web', '2025-02-10 16:56:29', '2025-02-10 16:56:29'),
	(17, 'force_delete_category', 'web', '2025-02-10 16:56:29', '2025-02-10 16:56:29'),
	(18, 'force_delete_any_category', 'web', '2025-02-10 16:56:29', '2025-02-10 16:56:29'),
	(19, 'view_center', 'web', '2025-02-10 16:56:29', '2025-02-10 16:56:29'),
	(20, 'view_any_center', 'web', '2025-02-10 16:56:29', '2025-02-10 16:56:29'),
	(21, 'create_center', 'web', '2025-02-10 16:56:29', '2025-02-10 16:56:29'),
	(22, 'update_center', 'web', '2025-02-10 16:56:29', '2025-02-10 16:56:29'),
	(23, 'restore_center', 'web', '2025-02-10 16:56:29', '2025-02-10 16:56:29'),
	(24, 'restore_any_center', 'web', '2025-02-10 16:56:29', '2025-02-10 16:56:29'),
	(25, 'replicate_center', 'web', '2025-02-10 16:56:29', '2025-02-10 16:56:29'),
	(26, 'reorder_center', 'web', '2025-02-10 16:56:29', '2025-02-10 16:56:29'),
	(27, 'delete_center', 'web', '2025-02-10 16:56:29', '2025-02-10 16:56:29'),
	(28, 'delete_any_center', 'web', '2025-02-10 16:56:29', '2025-02-10 16:56:29'),
	(29, 'force_delete_center', 'web', '2025-02-10 16:56:29', '2025-02-10 16:56:29'),
	(30, 'force_delete_any_center', 'web', '2025-02-10 16:56:29', '2025-02-10 16:56:29'),
	(31, 'view_customer', 'web', '2025-02-10 16:56:29', '2025-02-10 16:56:29'),
	(32, 'view_any_customer', 'web', '2025-02-10 16:56:29', '2025-02-10 16:56:29'),
	(33, 'create_customer', 'web', '2025-02-10 16:56:29', '2025-02-10 16:56:29'),
	(34, 'update_customer', 'web', '2025-02-10 16:56:29', '2025-02-10 16:56:29'),
	(35, 'restore_customer', 'web', '2025-02-10 16:56:29', '2025-02-10 16:56:29'),
	(36, 'restore_any_customer', 'web', '2025-02-10 16:56:29', '2025-02-10 16:56:29'),
	(37, 'replicate_customer', 'web', '2025-02-10 16:56:29', '2025-02-10 16:56:29'),
	(38, 'reorder_customer', 'web', '2025-02-10 16:56:29', '2025-02-10 16:56:29'),
	(39, 'delete_customer', 'web', '2025-02-10 16:56:29', '2025-02-10 16:56:29'),
	(40, 'delete_any_customer', 'web', '2025-02-10 16:56:29', '2025-02-10 16:56:29'),
	(41, 'force_delete_customer', 'web', '2025-02-10 16:56:29', '2025-02-10 16:56:29'),
	(42, 'force_delete_any_customer', 'web', '2025-02-10 16:56:29', '2025-02-10 16:56:29'),
	(43, 'view_error::order', 'web', '2025-02-10 16:56:29', '2025-02-10 16:56:29'),
	(44, 'view_any_error::order', 'web', '2025-02-10 16:56:29', '2025-02-10 16:56:29'),
	(45, 'create_error::order', 'web', '2025-02-10 16:56:29', '2025-02-10 16:56:29'),
	(46, 'update_error::order', 'web', '2025-02-10 16:56:29', '2025-02-10 16:56:29'),
	(47, 'restore_error::order', 'web', '2025-02-10 16:56:29', '2025-02-10 16:56:29'),
	(48, 'restore_any_error::order', 'web', '2025-02-10 16:56:29', '2025-02-10 16:56:29'),
	(49, 'replicate_error::order', 'web', '2025-02-10 16:56:29', '2025-02-10 16:56:29'),
	(50, 'reorder_error::order', 'web', '2025-02-10 16:56:29', '2025-02-10 16:56:29'),
	(51, 'delete_error::order', 'web', '2025-02-10 16:56:29', '2025-02-10 16:56:29'),
	(52, 'delete_any_error::order', 'web', '2025-02-10 16:56:29', '2025-02-10 16:56:29'),
	(53, 'force_delete_error::order', 'web', '2025-02-10 16:56:29', '2025-02-10 16:56:29'),
	(54, 'force_delete_any_error::order', 'web', '2025-02-10 16:56:29', '2025-02-10 16:56:29'),
	(55, 'view_line', 'web', '2025-02-10 16:56:29', '2025-02-10 16:56:29'),
	(56, 'view_any_line', 'web', '2025-02-10 16:56:29', '2025-02-10 16:56:29'),
	(57, 'create_line', 'web', '2025-02-10 16:56:29', '2025-02-10 16:56:29'),
	(58, 'update_line', 'web', '2025-02-10 16:56:29', '2025-02-10 16:56:29'),
	(59, 'restore_line', 'web', '2025-02-10 16:56:29', '2025-02-10 16:56:29'),
	(60, 'restore_any_line', 'web', '2025-02-10 16:56:29', '2025-02-10 16:56:29'),
	(61, 'replicate_line', 'web', '2025-02-10 16:56:29', '2025-02-10 16:56:29'),
	(62, 'reorder_line', 'web', '2025-02-10 16:56:29', '2025-02-10 16:56:29'),
	(63, 'delete_line', 'web', '2025-02-10 16:56:29', '2025-02-10 16:56:29'),
	(64, 'delete_any_line', 'web', '2025-02-10 16:56:29', '2025-02-10 16:56:29'),
	(65, 'force_delete_line', 'web', '2025-02-10 16:56:29', '2025-02-10 16:56:29'),
	(66, 'force_delete_any_line', 'web', '2025-02-10 16:56:29', '2025-02-10 16:56:29'),
	(67, 'view_operator', 'web', '2025-02-10 16:56:29', '2025-02-10 16:56:29'),
	(68, 'view_any_operator', 'web', '2025-02-10 16:56:29', '2025-02-10 16:56:29'),
	(69, 'create_operator', 'web', '2025-02-10 16:56:29', '2025-02-10 16:56:29'),
	(70, 'update_operator', 'web', '2025-02-10 16:56:29', '2025-02-10 16:56:29'),
	(71, 'restore_operator', 'web', '2025-02-10 16:56:29', '2025-02-10 16:56:29'),
	(72, 'restore_any_operator', 'web', '2025-02-10 16:56:29', '2025-02-10 16:56:29'),
	(73, 'replicate_operator', 'web', '2025-02-10 16:56:29', '2025-02-10 16:56:29'),
	(74, 'reorder_operator', 'web', '2025-02-10 16:56:29', '2025-02-10 16:56:29'),
	(75, 'delete_operator', 'web', '2025-02-10 16:56:29', '2025-02-10 16:56:29'),
	(76, 'delete_any_operator', 'web', '2025-02-10 16:56:29', '2025-02-10 16:56:29'),
	(77, 'force_delete_operator', 'web', '2025-02-10 16:56:29', '2025-02-10 16:56:29'),
	(78, 'force_delete_any_operator', 'web', '2025-02-10 16:56:29', '2025-02-10 16:56:29'),
	(79, 'view_order', 'web', '2025-02-10 16:56:29', '2025-02-10 16:56:29'),
	(80, 'view_any_order', 'web', '2025-02-10 16:56:29', '2025-02-10 16:56:29'),
	(81, 'create_order', 'web', '2025-02-10 16:56:29', '2025-02-10 16:56:29'),
	(82, 'update_order', 'web', '2025-02-10 16:56:29', '2025-02-10 16:56:29'),
	(83, 'restore_order', 'web', '2025-02-10 16:56:29', '2025-02-10 16:56:29'),
	(84, 'restore_any_order', 'web', '2025-02-10 16:56:29', '2025-02-10 16:56:29'),
	(85, 'replicate_order', 'web', '2025-02-10 16:56:29', '2025-02-10 16:56:29'),
	(86, 'reorder_order', 'web', '2025-02-10 16:56:29', '2025-02-10 16:56:29'),
	(87, 'delete_order', 'web', '2025-02-10 16:56:29', '2025-02-10 16:56:29'),
	(88, 'delete_any_order', 'web', '2025-02-10 16:56:29', '2025-02-10 16:56:29'),
	(89, 'force_delete_order', 'web', '2025-02-10 16:56:29', '2025-02-10 16:56:29'),
	(90, 'force_delete_any_order', 'web', '2025-02-10 16:56:29', '2025-02-10 16:56:29'),
	(91, 'view_order::item', 'web', '2025-02-10 16:56:29', '2025-02-10 16:56:29'),
	(92, 'view_any_order::item', 'web', '2025-02-10 16:56:29', '2025-02-10 16:56:29'),
	(93, 'create_order::item', 'web', '2025-02-10 16:56:29', '2025-02-10 16:56:29'),
	(94, 'update_order::item', 'web', '2025-02-10 16:56:29', '2025-02-10 16:56:29'),
	(95, 'restore_order::item', 'web', '2025-02-10 16:56:29', '2025-02-10 16:56:29'),
	(96, 'restore_any_order::item', 'web', '2025-02-10 16:56:29', '2025-02-10 16:56:29'),
	(97, 'replicate_order::item', 'web', '2025-02-10 16:56:29', '2025-02-10 16:56:29'),
	(98, 'reorder_order::item', 'web', '2025-02-10 16:56:29', '2025-02-10 16:56:29'),
	(99, 'delete_order::item', 'web', '2025-02-10 16:56:29', '2025-02-10 16:56:29'),
	(100, 'delete_any_order::item', 'web', '2025-02-10 16:56:29', '2025-02-10 16:56:29'),
	(101, 'force_delete_order::item', 'web', '2025-02-10 16:56:29', '2025-02-10 16:56:29'),
	(102, 'force_delete_any_order::item', 'web', '2025-02-10 16:56:29', '2025-02-10 16:56:29'),
	(103, 'view_order::mold', 'web', '2025-02-10 16:56:29', '2025-02-10 16:56:29'),
	(104, 'view_any_order::mold', 'web', '2025-02-10 16:56:29', '2025-02-10 16:56:29'),
	(105, 'create_order::mold', 'web', '2025-02-10 16:56:29', '2025-02-10 16:56:29'),
	(106, 'update_order::mold', 'web', '2025-02-10 16:56:29', '2025-02-10 16:56:29'),
	(107, 'restore_order::mold', 'web', '2025-02-10 16:56:29', '2025-02-10 16:56:29'),
	(108, 'restore_any_order::mold', 'web', '2025-02-10 16:56:29', '2025-02-10 16:56:29'),
	(109, 'replicate_order::mold', 'web', '2025-02-10 16:56:29', '2025-02-10 16:56:29'),
	(110, 'reorder_order::mold', 'web', '2025-02-10 16:56:29', '2025-02-10 16:56:29'),
	(111, 'delete_order::mold', 'web', '2025-02-10 16:56:29', '2025-02-10 16:56:29'),
	(112, 'delete_any_order::mold', 'web', '2025-02-10 16:56:29', '2025-02-10 16:56:29'),
	(113, 'force_delete_order::mold', 'web', '2025-02-10 16:56:30', '2025-02-10 16:56:30'),
	(114, 'force_delete_any_order::mold', 'web', '2025-02-10 16:56:30', '2025-02-10 16:56:30'),
	(115, 'view_order::question::answer', 'web', '2025-02-10 16:56:30', '2025-02-10 16:56:30'),
	(116, 'view_any_order::question::answer', 'web', '2025-02-10 16:56:30', '2025-02-10 16:56:30'),
	(117, 'create_order::question::answer', 'web', '2025-02-10 16:56:30', '2025-02-10 16:56:30'),
	(118, 'update_order::question::answer', 'web', '2025-02-10 16:56:30', '2025-02-10 16:56:30'),
	(119, 'restore_order::question::answer', 'web', '2025-02-10 16:56:30', '2025-02-10 16:56:30'),
	(120, 'restore_any_order::question::answer', 'web', '2025-02-10 16:56:30', '2025-02-10 16:56:30'),
	(121, 'replicate_order::question::answer', 'web', '2025-02-10 16:56:30', '2025-02-10 16:56:30'),
	(122, 'reorder_order::question::answer', 'web', '2025-02-10 16:56:30', '2025-02-10 16:56:30'),
	(123, 'delete_order::question::answer', 'web', '2025-02-10 16:56:30', '2025-02-10 16:56:30'),
	(124, 'delete_any_order::question::answer', 'web', '2025-02-10 16:56:30', '2025-02-10 16:56:30'),
	(125, 'force_delete_order::question::answer', 'web', '2025-02-10 16:56:30', '2025-02-10 16:56:30'),
	(126, 'force_delete_any_order::question::answer', 'web', '2025-02-10 16:56:30', '2025-02-10 16:56:30'),
	(127, 'view_order::reference', 'web', '2025-02-10 16:56:30', '2025-02-10 16:56:30'),
	(128, 'view_any_order::reference', 'web', '2025-02-10 16:56:30', '2025-02-10 16:56:30'),
	(129, 'create_order::reference', 'web', '2025-02-10 16:56:30', '2025-02-10 16:56:30'),
	(130, 'update_order::reference', 'web', '2025-02-10 16:56:30', '2025-02-10 16:56:30'),
	(131, 'restore_order::reference', 'web', '2025-02-10 16:56:30', '2025-02-10 16:56:30'),
	(132, 'restore_any_order::reference', 'web', '2025-02-10 16:56:30', '2025-02-10 16:56:30'),
	(133, 'replicate_order::reference', 'web', '2025-02-10 16:56:30', '2025-02-10 16:56:30'),
	(134, 'reorder_order::reference', 'web', '2025-02-10 16:56:30', '2025-02-10 16:56:30'),
	(135, 'delete_order::reference', 'web', '2025-02-10 16:56:30', '2025-02-10 16:56:30'),
	(136, 'delete_any_order::reference', 'web', '2025-02-10 16:56:30', '2025-02-10 16:56:30'),
	(137, 'force_delete_order::reference', 'web', '2025-02-10 16:56:30', '2025-02-10 16:56:30'),
	(138, 'force_delete_any_order::reference', 'web', '2025-02-10 16:56:30', '2025-02-10 16:56:30'),
	(139, 'view_part', 'web', '2025-02-10 16:56:30', '2025-02-10 16:56:30'),
	(140, 'view_any_part', 'web', '2025-02-10 16:56:30', '2025-02-10 16:56:30'),
	(141, 'create_part', 'web', '2025-02-10 16:56:30', '2025-02-10 16:56:30'),
	(142, 'update_part', 'web', '2025-02-10 16:56:30', '2025-02-10 16:56:30'),
	(143, 'restore_part', 'web', '2025-02-10 16:56:30', '2025-02-10 16:56:30'),
	(144, 'restore_any_part', 'web', '2025-02-10 16:56:30', '2025-02-10 16:56:30'),
	(145, 'replicate_part', 'web', '2025-02-10 16:56:30', '2025-02-10 16:56:30'),
	(146, 'reorder_part', 'web', '2025-02-10 16:56:30', '2025-02-10 16:56:30'),
	(147, 'delete_part', 'web', '2025-02-10 16:56:30', '2025-02-10 16:56:30'),
	(148, 'delete_any_part', 'web', '2025-02-10 16:56:30', '2025-02-10 16:56:30'),
	(149, 'force_delete_part', 'web', '2025-02-10 16:56:30', '2025-02-10 16:56:30'),
	(150, 'force_delete_any_part', 'web', '2025-02-10 16:56:30', '2025-02-10 16:56:30'),
	(151, 'view_price', 'web', '2025-02-10 16:56:30', '2025-02-10 16:56:30'),
	(152, 'view_any_price', 'web', '2025-02-10 16:56:30', '2025-02-10 16:56:30'),
	(153, 'create_price', 'web', '2025-02-10 16:56:30', '2025-02-10 16:56:30'),
	(154, 'update_price', 'web', '2025-02-10 16:56:30', '2025-02-10 16:56:30'),
	(155, 'restore_price', 'web', '2025-02-10 16:56:30', '2025-02-10 16:56:30'),
	(156, 'restore_any_price', 'web', '2025-02-10 16:56:30', '2025-02-10 16:56:30'),
	(157, 'replicate_price', 'web', '2025-02-10 16:56:30', '2025-02-10 16:56:30'),
	(158, 'reorder_price', 'web', '2025-02-10 16:56:30', '2025-02-10 16:56:30'),
	(159, 'delete_price', 'web', '2025-02-10 16:56:30', '2025-02-10 16:56:30'),
	(160, 'delete_any_price', 'web', '2025-02-10 16:56:30', '2025-02-10 16:56:30'),
	(161, 'force_delete_price', 'web', '2025-02-10 16:56:30', '2025-02-10 16:56:30'),
	(162, 'force_delete_any_price', 'web', '2025-02-10 16:56:30', '2025-02-10 16:56:30'),
	(163, 'view_product', 'web', '2025-02-10 16:56:30', '2025-02-10 16:56:30'),
	(164, 'view_any_product', 'web', '2025-02-10 16:56:30', '2025-02-10 16:56:30'),
	(165, 'create_product', 'web', '2025-02-10 16:56:30', '2025-02-10 16:56:30'),
	(166, 'update_product', 'web', '2025-02-10 16:56:30', '2025-02-10 16:56:30'),
	(167, 'restore_product', 'web', '2025-02-10 16:56:30', '2025-02-10 16:56:30'),
	(168, 'restore_any_product', 'web', '2025-02-10 16:56:30', '2025-02-10 16:56:30'),
	(169, 'replicate_product', 'web', '2025-02-10 16:56:30', '2025-02-10 16:56:30'),
	(170, 'reorder_product', 'web', '2025-02-10 16:56:30', '2025-02-10 16:56:30'),
	(171, 'delete_product', 'web', '2025-02-10 16:56:30', '2025-02-10 16:56:30'),
	(172, 'delete_any_product', 'web', '2025-02-10 16:56:30', '2025-02-10 16:56:30'),
	(173, 'force_delete_product', 'web', '2025-02-10 16:56:30', '2025-02-10 16:56:30'),
	(174, 'force_delete_any_product', 'web', '2025-02-10 16:56:30', '2025-02-10 16:56:30'),
	(175, 'view_product::center', 'web', '2025-02-10 16:56:30', '2025-02-10 16:56:30'),
	(176, 'view_any_product::center', 'web', '2025-02-10 16:56:30', '2025-02-10 16:56:30'),
	(177, 'create_product::center', 'web', '2025-02-10 16:56:30', '2025-02-10 16:56:30'),
	(178, 'update_product::center', 'web', '2025-02-10 16:56:30', '2025-02-10 16:56:30'),
	(179, 'restore_product::center', 'web', '2025-02-10 16:56:30', '2025-02-10 16:56:30'),
	(180, 'restore_any_product::center', 'web', '2025-02-10 16:56:30', '2025-02-10 16:56:30'),
	(181, 'replicate_product::center', 'web', '2025-02-10 16:56:30', '2025-02-10 16:56:30'),
	(182, 'reorder_product::center', 'web', '2025-02-10 16:56:30', '2025-02-10 16:56:30'),
	(183, 'delete_product::center', 'web', '2025-02-10 16:56:30', '2025-02-10 16:56:30'),
	(184, 'delete_any_product::center', 'web', '2025-02-10 16:56:30', '2025-02-10 16:56:30'),
	(185, 'force_delete_product::center', 'web', '2025-02-10 16:56:30', '2025-02-10 16:56:30'),
	(186, 'force_delete_any_product::center', 'web', '2025-02-10 16:56:30', '2025-02-10 16:56:30'),
	(187, 'view_production', 'web', '2025-02-10 16:56:30', '2025-02-10 16:56:30'),
	(188, 'view_any_production', 'web', '2025-02-10 16:56:30', '2025-02-10 16:56:30'),
	(189, 'create_production', 'web', '2025-02-10 16:56:30', '2025-02-10 16:56:30'),
	(190, 'update_production', 'web', '2025-02-10 16:56:30', '2025-02-10 16:56:30'),
	(191, 'restore_production', 'web', '2025-02-10 16:56:30', '2025-02-10 16:56:30'),
	(192, 'restore_any_production', 'web', '2025-02-10 16:56:30', '2025-02-10 16:56:30'),
	(193, 'replicate_production', 'web', '2025-02-10 16:56:30', '2025-02-10 16:56:30'),
	(194, 'reorder_production', 'web', '2025-02-10 16:56:30', '2025-02-10 16:56:30'),
	(195, 'delete_production', 'web', '2025-02-10 16:56:30', '2025-02-10 16:56:30'),
	(196, 'delete_any_production', 'web', '2025-02-10 16:56:30', '2025-02-10 16:56:30'),
	(197, 'force_delete_production', 'web', '2025-02-10 16:56:30', '2025-02-10 16:56:30'),
	(198, 'force_delete_any_production', 'web', '2025-02-10 16:56:30', '2025-02-10 16:56:30'),
	(199, 'view_productiondet', 'web', '2025-02-10 16:56:30', '2025-02-10 16:56:30'),
	(200, 'view_any_productiondet', 'web', '2025-02-10 16:56:30', '2025-02-10 16:56:30'),
	(201, 'create_productiondet', 'web', '2025-02-10 16:56:30', '2025-02-10 16:56:30'),
	(202, 'update_productiondet', 'web', '2025-02-10 16:56:30', '2025-02-10 16:56:30'),
	(203, 'restore_productiondet', 'web', '2025-02-10 16:56:30', '2025-02-10 16:56:30'),
	(204, 'restore_any_productiondet', 'web', '2025-02-10 16:56:30', '2025-02-10 16:56:30'),
	(205, 'replicate_productiondet', 'web', '2025-02-10 16:56:30', '2025-02-10 16:56:30'),
	(206, 'reorder_productiondet', 'web', '2025-02-10 16:56:30', '2025-02-10 16:56:30'),
	(207, 'delete_productiondet', 'web', '2025-02-10 16:56:30', '2025-02-10 16:56:30'),
	(208, 'delete_any_productiondet', 'web', '2025-02-10 16:56:30', '2025-02-10 16:56:30'),
	(209, 'force_delete_productiondet', 'web', '2025-02-10 16:56:30', '2025-02-10 16:56:30'),
	(210, 'force_delete_any_productiondet', 'web', '2025-02-10 16:56:30', '2025-02-10 16:56:30'),
	(211, 'view_question', 'web', '2025-02-10 16:56:30', '2025-02-10 16:56:30'),
	(212, 'view_any_question', 'web', '2025-02-10 16:56:30', '2025-02-10 16:56:30'),
	(213, 'create_question', 'web', '2025-02-10 16:56:30', '2025-02-10 16:56:30'),
	(214, 'update_question', 'web', '2025-02-10 16:56:30', '2025-02-10 16:56:30'),
	(215, 'restore_question', 'web', '2025-02-10 16:56:30', '2025-02-10 16:56:30'),
	(216, 'restore_any_question', 'web', '2025-02-10 16:56:30', '2025-02-10 16:56:30'),
	(217, 'replicate_question', 'web', '2025-02-10 16:56:30', '2025-02-10 16:56:30'),
	(218, 'reorder_question', 'web', '2025-02-10 16:56:30', '2025-02-10 16:56:30'),
	(219, 'delete_question', 'web', '2025-02-10 16:56:30', '2025-02-10 16:56:30'),
	(220, 'delete_any_question', 'web', '2025-02-10 16:56:30', '2025-02-10 16:56:30'),
	(221, 'force_delete_question', 'web', '2025-02-10 16:56:30', '2025-02-10 16:56:30'),
	(222, 'force_delete_any_question', 'web', '2025-02-10 16:56:30', '2025-02-10 16:56:30'),
	(223, 'view_question::category', 'web', '2025-02-10 16:56:30', '2025-02-10 16:56:30'),
	(224, 'view_any_question::category', 'web', '2025-02-10 16:56:30', '2025-02-10 16:56:30'),
	(225, 'create_question::category', 'web', '2025-02-10 16:56:30', '2025-02-10 16:56:30'),
	(226, 'update_question::category', 'web', '2025-02-10 16:56:30', '2025-02-10 16:56:30'),
	(227, 'restore_question::category', 'web', '2025-02-10 16:56:30', '2025-02-10 16:56:30'),
	(228, 'restore_any_question::category', 'web', '2025-02-10 16:56:30', '2025-02-10 16:56:30'),
	(229, 'replicate_question::category', 'web', '2025-02-10 16:56:30', '2025-02-10 16:56:30'),
	(230, 'reorder_question::category', 'web', '2025-02-10 16:56:30', '2025-02-10 16:56:30'),
	(231, 'delete_question::category', 'web', '2025-02-10 16:56:30', '2025-02-10 16:56:30'),
	(232, 'delete_any_question::category', 'web', '2025-02-10 16:56:30', '2025-02-10 16:56:30'),
	(233, 'force_delete_question::category', 'web', '2025-02-10 16:56:30', '2025-02-10 16:56:30'),
	(234, 'force_delete_any_question::category', 'web', '2025-02-10 16:56:30', '2025-02-10 16:56:30'),
	(235, 'view_reorder', 'web', '2025-02-10 16:56:30', '2025-02-10 16:56:30'),
	(236, 'view_any_reorder', 'web', '2025-02-10 16:56:30', '2025-02-10 16:56:30'),
	(237, 'create_reorder', 'web', '2025-02-10 16:56:30', '2025-02-10 16:56:30'),
	(238, 'update_reorder', 'web', '2025-02-10 16:56:30', '2025-02-10 16:56:30'),
	(239, 'restore_reorder', 'web', '2025-02-10 16:56:30', '2025-02-10 16:56:30'),
	(240, 'restore_any_reorder', 'web', '2025-02-10 16:56:30', '2025-02-10 16:56:30'),
	(241, 'replicate_reorder', 'web', '2025-02-10 16:56:30', '2025-02-10 16:56:30'),
	(242, 'reorder_reorder', 'web', '2025-02-10 16:56:30', '2025-02-10 16:56:30'),
	(243, 'delete_reorder', 'web', '2025-02-10 16:56:30', '2025-02-10 16:56:30'),
	(244, 'delete_any_reorder', 'web', '2025-02-10 16:56:30', '2025-02-10 16:56:30'),
	(245, 'force_delete_reorder', 'web', '2025-02-10 16:56:30', '2025-02-10 16:56:30'),
	(246, 'force_delete_any_reorder', 'web', '2025-02-10 16:56:30', '2025-02-10 16:56:30'),
	(247, 'view_size', 'web', '2025-02-10 16:56:30', '2025-02-10 16:56:30'),
	(248, 'view_any_size', 'web', '2025-02-10 16:56:30', '2025-02-10 16:56:30'),
	(249, 'create_size', 'web', '2025-02-10 16:56:30', '2025-02-10 16:56:30'),
	(250, 'update_size', 'web', '2025-02-10 16:56:30', '2025-02-10 16:56:30'),
	(251, 'delete_size', 'web', '2025-02-10 16:56:30', '2025-02-10 16:56:30'),
	(252, 'delete_any_size', 'web', '2025-02-10 16:56:30', '2025-02-10 16:56:30'),
	(253, 'view_user', 'web', '2025-02-10 16:56:30', '2025-02-10 16:56:30'),
	(254, 'view_any_user', 'web', '2025-02-10 16:56:30', '2025-02-10 16:56:30'),
	(255, 'create_user', 'web', '2025-02-10 16:56:30', '2025-02-10 16:56:30'),
	(256, 'update_user', 'web', '2025-02-10 16:56:30', '2025-02-10 16:56:30'),
	(257, 'restore_user', 'web', '2025-02-10 16:56:30', '2025-02-10 16:56:30'),
	(258, 'restore_any_user', 'web', '2025-02-10 16:56:30', '2025-02-10 16:56:30'),
	(259, 'replicate_user', 'web', '2025-02-10 16:56:30', '2025-02-10 16:56:30'),
	(260, 'reorder_user', 'web', '2025-02-10 16:56:30', '2025-02-10 16:56:30'),
	(261, 'delete_user', 'web', '2025-02-10 16:56:30', '2025-02-10 16:56:30'),
	(262, 'delete_any_user', 'web', '2025-02-10 16:56:30', '2025-02-10 16:56:30'),
	(263, 'force_delete_user', 'web', '2025-02-10 16:56:30', '2025-02-10 16:56:30'),
	(264, 'force_delete_any_user', 'web', '2025-02-10 16:56:30', '2025-02-10 16:56:30'),
	(265, 'page_CronogramaPage', 'web', '2025-02-10 16:56:30', '2025-02-10 16:56:30'),
	(266, 'page_OrderReferenceSummaryPage', 'web', '2025-02-10 16:56:30', '2025-02-10 16:56:30'),
	(267, 'widget_ProductionCount', 'web', '2025-02-10 16:56:30', '2025-02-10 16:56:30'),
	(268, 'view_sales::goal', 'web', '2025-02-10 21:29:03', '2025-02-10 21:29:03'),
	(269, 'view_any_sales::goal', 'web', '2025-02-10 21:29:03', '2025-02-10 21:29:03'),
	(270, 'create_sales::goal', 'web', '2025-02-10 21:29:03', '2025-02-10 21:29:03'),
	(271, 'update_sales::goal', 'web', '2025-02-10 21:29:03', '2025-02-10 21:29:03'),
	(272, 'restore_sales::goal', 'web', '2025-02-10 21:29:03', '2025-02-10 21:29:03'),
	(273, 'restore_any_sales::goal', 'web', '2025-02-10 21:29:03', '2025-02-10 21:29:03'),
	(274, 'replicate_sales::goal', 'web', '2025-02-10 21:29:03', '2025-02-10 21:29:03'),
	(275, 'reorder_sales::goal', 'web', '2025-02-10 21:29:03', '2025-02-10 21:29:03'),
	(276, 'delete_sales::goal', 'web', '2025-02-10 21:29:03', '2025-02-10 21:29:03'),
	(277, 'delete_any_sales::goal', 'web', '2025-02-10 21:29:03', '2025-02-10 21:29:03'),
	(278, 'force_delete_sales::goal', 'web', '2025-02-10 21:29:03', '2025-02-10 21:29:03'),
	(279, 'force_delete_any_sales::goal', 'web', '2025-02-10 21:29:03', '2025-02-10 21:29:03'),
	(280, 'restore_size', 'web', '2025-02-10 21:29:03', '2025-02-10 21:29:03'),
	(281, 'restore_any_size', 'web', '2025-02-10 21:29:03', '2025-02-10 21:29:03'),
	(282, 'replicate_size', 'web', '2025-02-10 21:29:03', '2025-02-10 21:29:03'),
	(283, 'reorder_size', 'web', '2025-02-10 21:29:03', '2025-02-10 21:29:03'),
	(284, 'force_delete_size', 'web', '2025-02-10 21:29:03', '2025-02-10 21:29:03'),
	(285, 'force_delete_any_size', 'web', '2025-02-10 21:29:03', '2025-02-10 21:29:03'),
	(286, 'view_team', 'web', '2025-02-10 21:29:03', '2025-02-10 21:29:03'),
	(287, 'view_any_team', 'web', '2025-02-10 21:29:03', '2025-02-10 21:29:03'),
	(288, 'create_team', 'web', '2025-02-10 21:29:03', '2025-02-10 21:29:03'),
	(289, 'update_team', 'web', '2025-02-10 21:29:03', '2025-02-10 21:29:03'),
	(290, 'restore_team', 'web', '2025-02-10 21:29:03', '2025-02-10 21:29:03'),
	(291, 'restore_any_team', 'web', '2025-02-10 21:29:03', '2025-02-10 21:29:03'),
	(292, 'replicate_team', 'web', '2025-02-10 21:29:03', '2025-02-10 21:29:03'),
	(293, 'reorder_team', 'web', '2025-02-10 21:29:03', '2025-02-10 21:29:03'),
	(294, 'delete_team', 'web', '2025-02-10 21:29:03', '2025-02-10 21:29:03'),
	(295, 'delete_any_team', 'web', '2025-02-10 21:29:03', '2025-02-10 21:29:03'),
	(296, 'force_delete_team', 'web', '2025-02-10 21:29:03', '2025-02-10 21:29:03'),
	(297, 'force_delete_any_team', 'web', '2025-02-10 21:29:03', '2025-02-10 21:29:03'),
	(298, 'view_team::member', 'web', '2025-02-10 21:29:03', '2025-02-10 21:29:03'),
	(299, 'view_any_team::member', 'web', '2025-02-10 21:29:03', '2025-02-10 21:29:03'),
	(300, 'create_team::member', 'web', '2025-02-10 21:29:03', '2025-02-10 21:29:03'),
	(301, 'update_team::member', 'web', '2025-02-10 21:29:03', '2025-02-10 21:29:03'),
	(302, 'restore_team::member', 'web', '2025-02-10 21:29:03', '2025-02-10 21:29:03'),
	(303, 'restore_any_team::member', 'web', '2025-02-10 21:29:03', '2025-02-10 21:29:03'),
	(304, 'replicate_team::member', 'web', '2025-02-10 21:29:03', '2025-02-10 21:29:03'),
	(305, 'reorder_team::member', 'web', '2025-02-10 21:29:03', '2025-02-10 21:29:03'),
	(306, 'delete_team::member', 'web', '2025-02-10 21:29:03', '2025-02-10 21:29:03'),
	(307, 'delete_any_team::member', 'web', '2025-02-10 21:29:03', '2025-02-10 21:29:03'),
	(308, 'force_delete_team::member', 'web', '2025-02-10 21:29:03', '2025-02-10 21:29:03'),
	(309, 'force_delete_any_team::member', 'web', '2025-02-10 21:29:03', '2025-02-10 21:29:03'),
	(310, 'page_orderDashboard', 'web', '2025-02-10 21:29:03', '2025-02-10 21:29:03'),
	(311, 'widget_SalesGoals', 'web', '2025-02-10 21:29:03', '2025-02-10 21:29:03'),
	(312, 'widget_SalesGoalsBySellerChart', 'web', '2025-02-10 21:29:03', '2025-02-10 21:29:03'),
	(313, 'view_class::center', 'web', '2025-02-13 19:03:52', '2025-02-13 19:03:52'),
	(314, 'view_any_class::center', 'web', '2025-02-13 19:03:52', '2025-02-13 19:03:52'),
	(315, 'create_class::center', 'web', '2025-02-13 19:03:52', '2025-02-13 19:03:52'),
	(316, 'update_class::center', 'web', '2025-02-13 19:03:52', '2025-02-13 19:03:52'),
	(317, 'restore_class::center', 'web', '2025-02-13 19:03:52', '2025-02-13 19:03:52'),
	(318, 'restore_any_class::center', 'web', '2025-02-13 19:03:52', '2025-02-13 19:03:52'),
	(319, 'replicate_class::center', 'web', '2025-02-13 19:03:52', '2025-02-13 19:03:52'),
	(320, 'reorder_class::center', 'web', '2025-02-13 19:03:52', '2025-02-13 19:03:52'),
	(321, 'delete_class::center', 'web', '2025-02-13 19:03:52', '2025-02-13 19:03:52'),
	(322, 'delete_any_class::center', 'web', '2025-02-13 19:03:52', '2025-02-13 19:03:52'),
	(323, 'force_delete_class::center', 'web', '2025-02-13 19:03:52', '2025-02-13 19:03:52'),
	(324, 'force_delete_any_class::center', 'web', '2025-02-13 19:03:52', '2025-02-13 19:03:52'),
	(325, 'view_planning', 'web', '2025-02-13 19:03:52', '2025-02-13 19:03:52'),
	(326, 'view_any_planning', 'web', '2025-02-13 19:03:52', '2025-02-13 19:03:52'),
	(327, 'create_planning', 'web', '2025-02-13 19:03:52', '2025-02-13 19:03:52'),
	(328, 'update_planning', 'web', '2025-02-13 19:03:52', '2025-02-13 19:03:52'),
	(329, 'restore_planning', 'web', '2025-02-13 19:03:52', '2025-02-13 19:03:52'),
	(330, 'restore_any_planning', 'web', '2025-02-13 19:03:52', '2025-02-13 19:03:52'),
	(331, 'replicate_planning', 'web', '2025-02-13 19:03:52', '2025-02-13 19:03:52'),
	(332, 'reorder_planning', 'web', '2025-02-13 19:03:52', '2025-02-13 19:03:52'),
	(333, 'delete_planning', 'web', '2025-02-13 19:03:52', '2025-02-13 19:03:52'),
	(334, 'delete_any_planning', 'web', '2025-02-13 19:03:52', '2025-02-13 19:03:52'),
	(335, 'force_delete_planning', 'web', '2025-02-13 19:03:52', '2025-02-13 19:03:52'),
	(336, 'force_delete_any_planning', 'web', '2025-02-13 19:03:52', '2025-02-13 19:03:52'),
	(337, 'page_CronogramaCenterPage', 'web', '2025-02-13 19:03:53', '2025-02-13 19:03:53'),
	(338, 'view_material', 'web', '2025-03-28 07:54:18', '2025-03-28 07:54:18'),
	(339, 'view_any_material', 'web', '2025-03-28 07:54:18', '2025-03-28 07:54:18'),
	(340, 'create_material', 'web', '2025-03-28 07:54:18', '2025-03-28 07:54:18'),
	(341, 'update_material', 'web', '2025-03-28 07:54:18', '2025-03-28 07:54:18'),
	(342, 'restore_material', 'web', '2025-03-28 07:54:18', '2025-03-28 07:54:18'),
	(343, 'restore_any_material', 'web', '2025-03-28 07:54:18', '2025-03-28 07:54:18'),
	(344, 'replicate_material', 'web', '2025-03-28 07:54:18', '2025-03-28 07:54:18'),
	(345, 'reorder_material', 'web', '2025-03-28 07:54:18', '2025-03-28 07:54:18'),
	(346, 'delete_material', 'web', '2025-03-28 07:54:18', '2025-03-28 07:54:18'),
	(347, 'delete_any_material', 'web', '2025-03-28 07:54:18', '2025-03-28 07:54:18'),
	(348, 'force_delete_material', 'web', '2025-03-28 07:54:18', '2025-03-28 07:54:18'),
	(349, 'force_delete_any_material', 'web', '2025-03-28 07:54:18', '2025-03-28 07:54:18'),
	(350, 'view_material::list', 'web', '2025-03-28 07:54:18', '2025-03-28 07:54:18'),
	(351, 'view_any_material::list', 'web', '2025-03-28 07:54:18', '2025-03-28 07:54:18'),
	(352, 'create_material::list', 'web', '2025-03-28 07:54:18', '2025-03-28 07:54:18'),
	(353, 'update_material::list', 'web', '2025-03-28 07:54:18', '2025-03-28 07:54:18'),
	(354, 'restore_material::list', 'web', '2025-03-28 07:54:18', '2025-03-28 07:54:18'),
	(355, 'restore_any_material::list', 'web', '2025-03-28 07:54:18', '2025-03-28 07:54:18'),
	(356, 'replicate_material::list', 'web', '2025-03-28 07:54:18', '2025-03-28 07:54:18'),
	(357, 'reorder_material::list', 'web', '2025-03-28 07:54:18', '2025-03-28 07:54:18'),
	(358, 'delete_material::list', 'web', '2025-03-28 07:54:18', '2025-03-28 07:54:18'),
	(359, 'delete_any_material::list', 'web', '2025-03-28 07:54:18', '2025-03-28 07:54:18'),
	(360, 'force_delete_material::list', 'web', '2025-03-28 07:54:18', '2025-03-28 07:54:18'),
	(361, 'force_delete_any_material::list', 'web', '2025-03-28 07:54:18', '2025-03-28 07:54:18'),
	(362, 'status_production_order', 'web', '2025-03-28 07:54:18', '2025-03-28 07:54:18'),
	(363, 'planning_order', 'web', '2025-03-28 07:54:18', '2025-03-28 07:54:18'),
	(364, 'seller_order', 'web', '2025-03-28 07:54:18', '2025-03-28 07:54:18'),
	(365, 'ver_todos_order', 'web', '2025-03-28 07:54:18', '2025-03-28 07:54:18'),
	(366, 'view_payment', 'web', '2025-03-28 07:54:19', '2025-03-28 07:54:19'),
	(367, 'view_any_payment', 'web', '2025-03-28 07:54:19', '2025-03-28 07:54:19'),
	(368, 'create_payment', 'web', '2025-03-28 07:54:19', '2025-03-28 07:54:19'),
	(369, 'update_payment', 'web', '2025-03-28 07:54:19', '2025-03-28 07:54:19'),
	(370, 'restore_payment', 'web', '2025-03-28 07:54:19', '2025-03-28 07:54:19'),
	(371, 'restore_any_payment', 'web', '2025-03-28 07:54:19', '2025-03-28 07:54:19'),
	(372, 'replicate_payment', 'web', '2025-03-28 07:54:19', '2025-03-28 07:54:19'),
	(373, 'reorder_payment', 'web', '2025-03-28 07:54:19', '2025-03-28 07:54:19'),
	(374, 'delete_payment', 'web', '2025-03-28 07:54:19', '2025-03-28 07:54:19'),
	(375, 'delete_any_payment', 'web', '2025-03-28 07:54:19', '2025-03-28 07:54:19'),
	(376, 'force_delete_payment', 'web', '2025-03-28 07:54:19', '2025-03-28 07:54:19'),
	(377, 'force_delete_any_payment', 'web', '2025-03-28 07:54:19', '2025-03-28 07:54:19'),
	(378, 'view_payment::history', 'web', '2025-03-28 07:54:19', '2025-03-28 07:54:19'),
	(379, 'view_any_payment::history', 'web', '2025-03-28 07:54:19', '2025-03-28 07:54:19'),
	(380, 'create_payment::history', 'web', '2025-03-28 07:54:19', '2025-03-28 07:54:19'),
	(381, 'update_payment::history', 'web', '2025-03-28 07:54:19', '2025-03-28 07:54:19'),
	(382, 'restore_payment::history', 'web', '2025-03-28 07:54:19', '2025-03-28 07:54:19'),
	(383, 'restore_any_payment::history', 'web', '2025-03-28 07:54:19', '2025-03-28 07:54:19'),
	(384, 'replicate_payment::history', 'web', '2025-03-28 07:54:19', '2025-03-28 07:54:19'),
	(385, 'reorder_payment::history', 'web', '2025-03-28 07:54:19', '2025-03-28 07:54:19'),
	(386, 'delete_payment::history', 'web', '2025-03-28 07:54:19', '2025-03-28 07:54:19'),
	(387, 'delete_any_payment::history', 'web', '2025-03-28 07:54:19', '2025-03-28 07:54:19'),
	(388, 'force_delete_payment::history', 'web', '2025-03-28 07:54:19', '2025-03-28 07:54:19'),
	(389, 'force_delete_any_payment::history', 'web', '2025-03-28 07:54:19', '2025-03-28 07:54:19'),
	(390, 'view_payment::method', 'web', '2025-03-28 07:54:19', '2025-03-28 07:54:19'),
	(391, 'view_any_payment::method', 'web', '2025-03-28 07:54:19', '2025-03-28 07:54:19'),
	(392, 'create_payment::method', 'web', '2025-03-28 07:54:19', '2025-03-28 07:54:19'),
	(393, 'update_payment::method', 'web', '2025-03-28 07:54:19', '2025-03-28 07:54:19'),
	(394, 'restore_payment::method', 'web', '2025-03-28 07:54:19', '2025-03-28 07:54:19'),
	(395, 'restore_any_payment::method', 'web', '2025-03-28 07:54:19', '2025-03-28 07:54:19'),
	(396, 'replicate_payment::method', 'web', '2025-03-28 07:54:19', '2025-03-28 07:54:19'),
	(397, 'reorder_payment::method', 'web', '2025-03-28 07:54:19', '2025-03-28 07:54:19'),
	(398, 'delete_payment::method', 'web', '2025-03-28 07:54:19', '2025-03-28 07:54:19'),
	(399, 'delete_any_payment::method', 'web', '2025-03-28 07:54:19', '2025-03-28 07:54:19'),
	(400, 'force_delete_payment::method', 'web', '2025-03-28 07:54:19', '2025-03-28 07:54:19'),
	(401, 'force_delete_any_payment::method', 'web', '2025-03-28 07:54:19', '2025-03-28 07:54:19'),
	(402, 'view_prod::design', 'web', '2025-03-28 07:54:19', '2025-03-28 07:54:19'),
	(403, 'view_any_prod::design', 'web', '2025-03-28 07:54:19', '2025-03-28 07:54:19'),
	(404, 'create_prod::design', 'web', '2025-03-28 07:54:19', '2025-03-28 07:54:19'),
	(405, 'update_prod::design', 'web', '2025-03-28 07:54:19', '2025-03-28 07:54:19'),
	(406, 'restore_prod::design', 'web', '2025-03-28 07:54:19', '2025-03-28 07:54:19'),
	(407, 'restore_any_prod::design', 'web', '2025-03-28 07:54:19', '2025-03-28 07:54:19'),
	(408, 'replicate_prod::design', 'web', '2025-03-28 07:54:19', '2025-03-28 07:54:19'),
	(409, 'reorder_prod::design', 'web', '2025-03-28 07:54:19', '2025-03-28 07:54:19'),
	(410, 'delete_prod::design', 'web', '2025-03-28 07:54:19', '2025-03-28 07:54:19'),
	(411, 'delete_any_prod::design', 'web', '2025-03-28 07:54:19', '2025-03-28 07:54:19'),
	(412, 'force_delete_prod::design', 'web', '2025-03-28 07:54:19', '2025-03-28 07:54:19'),
	(413, 'force_delete_any_prod::design', 'web', '2025-03-28 07:54:19', '2025-03-28 07:54:19'),
	(414, 'view_prod::discount', 'web', '2025-03-28 07:54:19', '2025-03-28 07:54:19'),
	(415, 'view_any_prod::discount', 'web', '2025-03-28 07:54:19', '2025-03-28 07:54:19'),
	(416, 'create_prod::discount', 'web', '2025-03-28 07:54:19', '2025-03-28 07:54:19'),
	(417, 'update_prod::discount', 'web', '2025-03-28 07:54:19', '2025-03-28 07:54:19'),
	(418, 'restore_prod::discount', 'web', '2025-03-28 07:54:19', '2025-03-28 07:54:19'),
	(419, 'restore_any_prod::discount', 'web', '2025-03-28 07:54:19', '2025-03-28 07:54:19'),
	(420, 'replicate_prod::discount', 'web', '2025-03-28 07:54:19', '2025-03-28 07:54:19'),
	(421, 'reorder_prod::discount', 'web', '2025-03-28 07:54:19', '2025-03-28 07:54:19'),
	(422, 'delete_prod::discount', 'web', '2025-03-28 07:54:19', '2025-03-28 07:54:19'),
	(423, 'delete_any_prod::discount', 'web', '2025-03-28 07:54:19', '2025-03-28 07:54:19'),
	(424, 'force_delete_prod::discount', 'web', '2025-03-28 07:54:19', '2025-03-28 07:54:19'),
	(425, 'force_delete_any_prod::discount', 'web', '2025-03-28 07:54:19', '2025-03-28 07:54:19'),
	(426, 'status_production_production', 'web', '2025-03-28 07:54:19', '2025-03-28 07:54:19'),
	(427, 'center_all_production', 'web', '2025-03-28 07:54:19', '2025-03-28 07:54:19'),
	(428, 'ver_todos_production', 'web', '2025-03-28 07:54:19', '2025-03-28 07:54:19'),
	(429, 'view_roll', 'web', '2025-03-28 07:54:19', '2025-03-28 07:54:19'),
	(430, 'view_any_roll', 'web', '2025-03-28 07:54:19', '2025-03-28 07:54:19'),
	(431, 'create_roll', 'web', '2025-03-28 07:54:19', '2025-03-28 07:54:19'),
	(432, 'update_roll', 'web', '2025-03-28 07:54:19', '2025-03-28 07:54:19'),
	(433, 'restore_roll', 'web', '2025-03-28 07:54:19', '2025-03-28 07:54:19'),
	(434, 'restore_any_roll', 'web', '2025-03-28 07:54:19', '2025-03-28 07:54:19'),
	(435, 'replicate_roll', 'web', '2025-03-28 07:54:19', '2025-03-28 07:54:19'),
	(436, 'reorder_roll', 'web', '2025-03-28 07:54:19', '2025-03-28 07:54:19'),
	(437, 'delete_roll', 'web', '2025-03-28 07:54:19', '2025-03-28 07:54:19'),
	(438, 'delete_any_roll', 'web', '2025-03-28 07:54:19', '2025-03-28 07:54:19'),
	(439, 'force_delete_roll', 'web', '2025-03-28 07:54:19', '2025-03-28 07:54:19'),
	(440, 'force_delete_any_roll', 'web', '2025-03-28 07:54:19', '2025-03-28 07:54:19'),
	(441, 'view_size::group', 'web', '2025-03-28 07:54:19', '2025-03-28 07:54:19'),
	(442, 'view_any_size::group', 'web', '2025-03-28 07:54:19', '2025-03-28 07:54:19'),
	(443, 'create_size::group', 'web', '2025-03-28 07:54:19', '2025-03-28 07:54:19'),
	(444, 'update_size::group', 'web', '2025-03-28 07:54:19', '2025-03-28 07:54:19'),
	(445, 'restore_size::group', 'web', '2025-03-28 07:54:19', '2025-03-28 07:54:19'),
	(446, 'restore_any_size::group', 'web', '2025-03-28 07:54:19', '2025-03-28 07:54:19'),
	(447, 'replicate_size::group', 'web', '2025-03-28 07:54:19', '2025-03-28 07:54:19'),
	(448, 'reorder_size::group', 'web', '2025-03-28 07:54:19', '2025-03-28 07:54:19'),
	(449, 'delete_size::group', 'web', '2025-03-28 07:54:19', '2025-03-28 07:54:19'),
	(450, 'delete_any_size::group', 'web', '2025-03-28 07:54:19', '2025-03-28 07:54:19'),
	(451, 'force_delete_size::group', 'web', '2025-03-28 07:54:19', '2025-03-28 07:54:19'),
	(452, 'force_delete_any_size::group', 'web', '2025-03-28 07:54:19', '2025-03-28 07:54:19'),
	(453, 'page_ProductionDashboard', 'web', '2025-03-28 07:54:20', '2025-03-28 07:54:20'),
	(454, 'widget_ProductionStatsWidget', 'web', '2025-03-28 07:54:20', '2025-03-28 07:54:20'),
	(455, 'widget_SalesOverviewWidget', 'web', '2025-03-28 07:54:20', '2025-03-28 07:54:20'),
	(456, 'widget_ProductionTrendsWidget', 'web', '2025-03-28 07:54:20', '2025-03-28 07:54:20'),
	(457, 'widget_ProductionErrorsWidget', 'web', '2025-03-28 07:54:20', '2025-03-28 07:54:20');

-- Volcando estructura para tabla abprod.personal_access_tokens
CREATE TABLE IF NOT EXISTS `personal_access_tokens` (
  `id` bigint unsigned NOT NULL AUTO_INCREMENT,
  `tokenable_type` varchar(255) COLLATE utf8mb4_unicode_ci NOT NULL,
  `tokenable_id` bigint unsigned NOT NULL,
  `name` varchar(255) COLLATE utf8mb4_unicode_ci NOT NULL,
  `token` varchar(64) COLLATE utf8mb4_unicode_ci NOT NULL,
  `abilities` text COLLATE utf8mb4_unicode_ci,
  `last_used_at` timestamp NULL DEFAULT NULL,
  `expires_at` timestamp NULL DEFAULT NULL,
  `created_at` timestamp NULL DEFAULT NULL,
  `updated_at` timestamp NULL DEFAULT NULL,
  PRIMARY KEY (`id`),
  UNIQUE KEY `personal_access_tokens_token_unique` (`token`),
  KEY `personal_access_tokens_tokenable_type_tokenable_id_index` (`tokenable_type`,`tokenable_id`)
) ENGINE=InnoDB DEFAULT CHARSET=utf8mb4 COLLATE=utf8mb4_unicode_ci;

-- Volcando datos para la tabla abprod.personal_access_tokens: ~0 rows (aproximadamente)

-- Volcando estructura para tabla abprod.plannings
CREATE TABLE IF NOT EXISTS `plannings` (
  `id` bigint unsigned NOT NULL AUTO_INCREMENT,
  `date` date NOT NULL,
  `order_id` bigint unsigned NOT NULL,
  `center_id` bigint unsigned NOT NULL,
  `created_at` timestamp NULL DEFAULT NULL,
  `updated_at` timestamp NULL DEFAULT NULL,
  PRIMARY KEY (`id`),
  KEY `plannings_order_id_foreign` (`order_id`),
  KEY `plannings_center_id_foreign` (`center_id`),
  CONSTRAINT `plannings_center_id_foreign` FOREIGN KEY (`center_id`) REFERENCES `centers` (`id`) ON DELETE CASCADE,
  CONSTRAINT `plannings_order_id_foreign` FOREIGN KEY (`order_id`) REFERENCES `orders` (`id`) ON DELETE CASCADE
) ENGINE=InnoDB DEFAULT CHARSET=utf8mb4 COLLATE=utf8mb4_unicode_ci;

-- Volcando datos para la tabla abprod.plannings: ~0 rows (aproximadamente)

-- Volcando estructura para tabla abprod.prices
CREATE TABLE IF NOT EXISTS `prices` (
  `id` bigint unsigned NOT NULL AUTO_INCREMENT,
  `product_id` bigint unsigned NOT NULL,
  `size_id` bigint unsigned NOT NULL,
  `price` int NOT NULL,
  `created_at` timestamp NULL DEFAULT NULL,
  `updated_at` timestamp NULL DEFAULT NULL,
  PRIMARY KEY (`id`),
  KEY `prices_product_id_foreign` (`product_id`),
  KEY `prices_size_id_foreign` (`size_id`),
  CONSTRAINT `prices_product_id_foreign` FOREIGN KEY (`product_id`) REFERENCES `products` (`id`) ON DELETE CASCADE,
  CONSTRAINT `prices_size_id_foreign` FOREIGN KEY (`size_id`) REFERENCES `sizes` (`id`) ON DELETE CASCADE
) ENGINE=InnoDB AUTO_INCREMENT=123 DEFAULT CHARSET=utf8mb4 COLLATE=utf8mb4_unicode_ci;

-- Volcando datos para la tabla abprod.prices: ~122 rows (aproximadamente)
INSERT INTO `prices` (`id`, `product_id`, `size_id`, `price`, `created_at`, `updated_at`) VALUES
	(1, 1, 1, 110000, '2025-03-28 07:05:40', '2025-03-28 07:05:40'),
	(2, 2, 1, 110000, '2025-03-28 07:05:40', '2025-03-28 07:05:40'),
	(3, 3, 1, 110000, '2025-03-28 07:05:40', '2025-03-28 07:05:40'),
	(4, 4, 1, 110000, '2025-03-28 07:05:40', '2025-03-28 07:05:40'),
	(5, 5, 1, 110000, '2025-03-28 07:05:40', '2025-03-28 07:05:40'),
	(6, 6, 1, 110000, '2025-03-28 07:05:40', '2025-03-28 07:05:40'),
	(7, 7, 1, 110000, '2025-03-28 07:05:40', '2025-03-28 07:05:40'),
	(8, 8, 1, 110000, '2025-03-28 07:05:40', '2025-03-28 07:05:40'),
	(9, 9, 1, 110000, '2025-03-28 07:05:40', '2025-03-28 07:05:40'),
	(10, 10, 1, 95000, '2025-03-28 07:05:40', '2025-03-28 07:05:40'),
	(11, 11, 1, 95000, '2025-03-28 07:05:40', '2025-03-28 07:05:40'),
	(12, 12, 1, 95000, '2025-03-28 07:05:40', '2025-03-28 07:05:40'),
	(13, 13, 1, 95000, '2025-03-28 07:05:40', '2025-03-28 07:05:40'),
	(14, 14, 1, 95000, '2025-03-28 07:05:40', '2025-03-28 07:05:40'),
	(15, 15, 1, 95000, '2025-03-28 07:05:40', '2025-03-28 07:05:40'),
	(16, 16, 1, 85000, '2025-03-28 07:05:40', '2025-03-28 07:05:40'),
	(17, 17, 1, 85000, '2025-03-28 07:05:40', '2025-03-28 07:05:40'),
	(18, 18, 1, 85000, '2025-03-28 07:05:40', '2025-03-28 07:05:40'),
	(19, 19, 1, 85000, '2025-03-28 07:05:40', '2025-03-28 07:05:40'),
	(20, 20, 1, 85000, '2025-03-28 07:05:40', '2025-03-28 07:05:40'),
	(21, 21, 1, 85000, '2025-03-28 07:05:40', '2025-03-28 07:05:40'),
	(22, 22, 1, 85000, '2025-03-28 07:05:40', '2025-03-28 07:05:40'),
	(23, 23, 1, 85000, '2025-03-28 07:05:40', '2025-03-28 07:05:40'),
	(24, 24, 1, 85000, '2025-03-28 07:05:40', '2025-03-28 07:05:40'),
	(25, 25, 1, 90000, '2025-03-28 07:05:40', '2025-03-28 07:05:40'),
	(26, 26, 1, 75000, '2025-03-28 07:05:40', '2025-03-28 07:05:40'),
	(27, 27, 1, 75000, '2025-03-28 07:05:40', '2025-03-28 07:05:40'),
	(28, 28, 1, 75000, '2025-03-28 07:05:40', '2025-03-28 07:05:40'),
	(29, 29, 1, 75000, '2025-03-28 07:05:40', '2025-03-28 07:05:40'),
	(30, 30, 1, 70000, '2025-03-28 07:05:40', '2025-03-28 07:05:40'),
	(31, 31, 1, 70000, '2025-03-28 07:05:40', '2025-03-28 07:05:40'),
	(32, 32, 1, 70000, '2025-03-28 07:05:40', '2025-03-28 07:05:40'),
	(33, 33, 1, 70000, '2025-03-28 07:05:40', '2025-03-28 07:05:40'),
	(34, 34, 1, 95000, '2025-03-28 07:05:40', '2025-03-28 07:05:40'),
	(35, 35, 1, 95000, '2025-03-28 07:05:40', '2025-03-28 07:05:40'),
	(36, 36, 1, 100000, '2025-03-28 07:05:40', '2025-03-28 07:05:40'),
	(37, 37, 1, 75000, '2025-03-28 07:05:40', '2025-03-28 07:05:40'),
	(38, 38, 1, 95000, '2025-03-28 07:05:40', '2025-03-28 07:05:40'),
	(39, 39, 1, 95000, '2025-03-28 07:05:40', '2025-03-28 07:05:40'),
	(40, 40, 1, 95000, '2025-03-28 07:05:40', '2025-03-28 07:05:40'),
	(41, 41, 1, 0, '2025-03-28 07:05:40', '2025-03-28 07:05:40'),
	(42, 42, 1, 50000, '2025-03-28 07:05:40', '2025-03-28 07:05:40'),
	(43, 43, 1, 50000, '2025-03-28 07:05:40', '2025-03-28 07:05:40'),
	(44, 44, 1, 45000, '2025-03-28 07:05:40', '2025-03-28 07:05:40'),
	(45, 45, 1, 45000, '2025-03-28 07:05:40', '2025-03-28 07:05:40'),
	(46, 46, 1, 45000, '2025-03-28 07:05:40', '2025-03-28 07:05:40'),
	(47, 47, 1, 40000, '2025-03-28 07:05:40', '2025-03-28 07:05:40'),
	(48, 48, 1, 40000, '2025-03-28 07:05:40', '2025-03-28 07:05:40'),
	(49, 49, 1, 40000, '2025-03-28 07:05:40', '2025-03-28 07:05:40'),
	(50, 50, 1, 40000, '2025-03-28 07:05:40', '2025-03-28 07:05:40'),
	(51, 51, 1, 40000, '2025-03-28 07:05:40', '2025-03-28 07:05:40'),
	(52, 52, 1, 40000, '2025-03-28 07:05:40', '2025-03-28 07:05:40'),
	(53, 53, 1, 35000, '2025-03-28 07:05:40', '2025-03-28 07:05:40'),
	(54, 54, 1, 20000, '2025-03-28 07:05:40', '2025-03-28 07:05:40'),
	(55, 55, 1, 30000, '2025-03-28 07:05:40', '2025-03-28 07:05:40'),
	(56, 56, 1, 25000, '2025-03-28 07:05:40', '2025-03-28 07:05:40'),
	(57, 57, 1, 95000, '2025-03-28 07:05:40', '2025-03-28 07:05:40'),
	(58, 58, 1, 95000, '2025-03-28 07:05:40', '2025-03-28 07:05:40'),
	(59, 59, 1, 95000, '2025-03-28 07:05:40', '2025-03-28 07:05:40'),
	(60, 60, 1, 95000, '2025-03-28 07:05:40', '2025-03-28 07:05:40'),
	(61, 61, 1, 110000, '2025-03-28 07:05:40', '2025-03-28 07:05:40'),
	(62, 62, 1, 0, '2025-03-28 07:05:40', '2025-03-28 07:05:40'),
	(63, 63, 1, 0, '2025-03-28 07:05:40', '2025-03-28 07:05:40'),
	(64, 64, 1, 0, '2025-03-28 07:05:40', '2025-03-28 07:05:40'),
	(65, 65, 1, 0, '2025-03-28 07:05:40', '2025-03-28 07:05:40'),
	(66, 66, 1, 20000, '2025-03-28 07:05:40', '2025-03-28 07:05:40'),
	(67, 67, 1, 0, '2025-03-28 07:05:40', '2025-03-28 07:05:40'),
	(68, 68, 1, 60000, '2025-03-28 07:05:40', '2025-03-28 07:05:40'),
	(69, 69, 1, 70000, '2025-03-28 07:05:40', '2025-03-28 07:05:40'),
	(70, 70, 1, 0, '2025-03-28 07:05:40', '2025-03-28 07:05:40'),
	(71, 71, 1, 0, '2025-03-28 07:05:40', '2025-03-28 07:05:40'),
	(72, 72, 1, 65000, '2025-03-28 07:05:40', '2025-03-28 07:05:40'),
	(73, 73, 1, 0, '2025-03-28 07:05:40', '2025-03-28 07:05:40'),
	(74, 74, 1, 0, '2025-03-28 07:05:40', '2025-03-28 07:05:40'),
	(75, 75, 1, 0, '2025-03-28 07:05:40', '2025-03-28 07:05:40'),
	(76, 76, 1, 0, '2025-03-28 07:05:40', '2025-03-28 07:05:40'),
	(77, 77, 1, 0, '2025-03-28 07:05:40', '2025-03-28 07:05:40'),
	(78, 78, 1, 50000, '2025-03-28 07:05:40', '2025-03-28 07:05:40'),
	(79, 79, 1, 40000, '2025-03-28 07:05:40', '2025-03-28 07:05:40'),
	(80, 80, 1, 60000, '2025-03-28 07:05:40', '2025-03-28 07:05:40'),
	(81, 81, 1, 0, '2025-03-28 07:05:40', '2025-03-28 07:05:40'),
	(82, 82, 1, 0, '2025-03-28 07:05:40', '2025-03-28 07:05:40'),
	(83, 83, 1, 0, '2025-03-28 07:05:40', '2025-03-28 07:05:40'),
	(84, 84, 1, 0, '2025-03-28 07:05:40', '2025-03-28 07:05:40'),
	(85, 85, 1, 0, '2025-03-28 07:05:40', '2025-03-28 07:05:40'),
	(86, 86, 1, 40000, '2025-03-28 07:05:40', '2025-03-28 07:05:40'),
	(87, 87, 1, 40000, '2025-03-28 07:05:40', '2025-03-28 07:05:40'),
	(88, 88, 1, 50000, '2025-03-28 07:05:40', '2025-03-28 07:05:40'),
	(89, 89, 1, 25000, '2025-03-28 07:05:40', '2025-03-28 07:05:40'),
	(90, 90, 1, 0, '2025-03-28 07:05:40', '2025-03-28 07:05:40'),
	(91, 91, 1, 15000, '2025-03-28 07:05:40', '2025-03-28 07:05:40'),
	(92, 92, 1, 0, '2025-03-28 07:05:40', '2025-03-28 07:05:40'),
	(93, 93, 1, 0, '2025-03-28 07:05:40', '2025-03-28 07:05:40'),
	(94, 94, 1, 30000, '2025-03-28 07:05:40', '2025-03-28 07:05:40'),
	(95, 95, 1, 0, '2025-03-28 07:05:40', '2025-03-28 07:05:40'),
	(96, 96, 1, 0, '2025-03-28 07:05:40', '2025-03-28 07:05:40'),
	(97, 97, 1, 0, '2025-03-28 07:05:40', '2025-03-28 07:05:40'),
	(98, 98, 1, 165000, '2025-03-28 07:05:40', '2025-03-28 07:05:40'),
	(99, 99, 1, 160000, '2025-03-28 07:05:40', '2025-03-28 07:05:40'),
	(100, 100, 1, 140000, '2025-03-28 07:05:40', '2025-03-28 07:05:40'),
	(101, 101, 1, 130000, '2025-03-28 07:05:40', '2025-03-28 07:05:40'),
	(102, 102, 1, 50000, '2025-03-28 07:05:40', '2025-03-28 07:05:40'),
	(103, 103, 1, 130000, '2025-03-28 07:05:40', '2025-03-28 07:05:40'),
	(104, 104, 1, 90000, '2025-03-28 07:05:40', '2025-03-28 07:05:40'),
	(105, 105, 1, 110000, '2025-03-28 07:05:40', '2025-03-28 07:05:40'),
	(106, 106, 1, 100000, '2025-03-28 07:05:40', '2025-03-28 07:05:40'),
	(107, 107, 1, 95000, '2025-03-28 07:05:40', '2025-03-28 07:05:40'),
	(108, 108, 1, 95000, '2025-03-28 07:05:40', '2025-03-28 07:05:40'),
	(109, 109, 1, 95000, '2025-03-28 07:05:40', '2025-03-28 07:05:40'),
	(110, 110, 1, 95000, '2025-03-28 07:05:40', '2025-03-28 07:05:40'),
	(111, 111, 1, 120000, '2025-03-28 07:05:40', '2025-03-28 07:05:40'),
	(112, 112, 1, 120000, '2025-03-28 07:05:40', '2025-03-28 07:05:40'),
	(113, 113, 1, 120000, '2025-03-28 07:05:40', '2025-03-28 07:05:40'),
	(114, 114, 1, 120000, '2025-03-28 07:05:40', '2025-03-28 07:05:40'),
	(115, 115, 1, 120000, '2025-03-28 07:05:40', '2025-03-28 07:05:40'),
	(116, 116, 1, 50000, '2025-03-28 07:05:40', '2025-03-28 07:05:40'),
	(117, 117, 1, 95000, '2025-03-28 07:05:40', '2025-03-28 07:05:40'),
	(118, 118, 1, 50000, '2025-03-28 07:05:40', '2025-03-28 07:05:40'),
	(119, 119, 1, 50000, '2025-03-28 07:05:40', '2025-03-28 07:05:40'),
	(120, 120, 1, 50000, '2025-03-28 07:05:40', '2025-03-28 07:05:40'),
	(121, 121, 1, 50000, '2025-03-28 07:05:40', '2025-03-28 07:05:40'),
	(122, 122, 1, 140000, '2025-03-28 07:05:40', '2025-03-28 07:05:40');

-- Volcando estructura para tabla abprod.productiondets
CREATE TABLE IF NOT EXISTS `productiondets` (
  `id` bigint unsigned NOT NULL AUTO_INCREMENT,
  `date` date NOT NULL,
  `production_id` bigint unsigned NOT NULL,
  `product_id` bigint unsigned NOT NULL,
  `quantity` int NOT NULL,
  `valid_amount` int NOT NULL,
  `price` int NOT NULL,
  `pay` tinyint(1) NOT NULL DEFAULT '0',
  `created_at` timestamp NULL DEFAULT NULL,
  `updated_at` timestamp NULL DEFAULT NULL,
  PRIMARY KEY (`id`),
  KEY `productiondets_production_id_foreign` (`production_id`),
  KEY `productiondets_product_id_foreign` (`product_id`),
  CONSTRAINT `productiondets_product_id_foreign` FOREIGN KEY (`product_id`) REFERENCES `products` (`id`) ON DELETE CASCADE,
  CONSTRAINT `productiondets_production_id_foreign` FOREIGN KEY (`production_id`) REFERENCES `productions` (`id`) ON DELETE CASCADE
) ENGINE=InnoDB DEFAULT CHARSET=utf8mb4 COLLATE=utf8mb4_unicode_ci;

-- Volcando datos para la tabla abprod.productiondets: ~0 rows (aproximadamente)

-- Volcando estructura para tabla abprod.productions
CREATE TABLE IF NOT EXISTS `productions` (
  `id` bigint unsigned NOT NULL AUTO_INCREMENT,
  `date` date NOT NULL,
  `completed_date` date NOT NULL,
  `order_id` bigint unsigned NOT NULL,
  `center_id` bigint unsigned NOT NULL,
  `operator_id` bigint unsigned NOT NULL,
  `status` int NOT NULL DEFAULT '0',
  `created_at` timestamp NULL DEFAULT NULL,
  `updated_at` timestamp NULL DEFAULT NULL,
  PRIMARY KEY (`id`),
  KEY `productions_order_id_foreign` (`order_id`),
  KEY `productions_center_id_foreign` (`center_id`),
  KEY `productions_operator_id_foreign` (`operator_id`),
  CONSTRAINT `productions_center_id_foreign` FOREIGN KEY (`center_id`) REFERENCES `centers` (`id`) ON DELETE CASCADE,
  CONSTRAINT `productions_operator_id_foreign` FOREIGN KEY (`operator_id`) REFERENCES `operators` (`id`) ON DELETE CASCADE,
  CONSTRAINT `productions_order_id_foreign` FOREIGN KEY (`order_id`) REFERENCES `orders` (`id`) ON DELETE CASCADE
) ENGINE=InnoDB DEFAULT CHARSET=utf8mb4 COLLATE=utf8mb4_unicode_ci;

-- Volcando datos para la tabla abprod.productions: ~0 rows (aproximadamente)

-- Volcando estructura para tabla abprod.products
CREATE TABLE IF NOT EXISTS `products` (
  `id` bigint unsigned NOT NULL AUTO_INCREMENT,
  `code` varchar(255) COLLATE utf8mb4_unicode_ci NOT NULL,
  `name` varchar(255) COLLATE utf8mb4_unicode_ci NOT NULL,
  `imagen` text COLLATE utf8mb4_unicode_ci,
  `imagmolde` text COLLATE utf8mb4_unicode_ci,
  `description` varchar(255) COLLATE utf8mb4_unicode_ci NOT NULL,
  `is_producible` tinyint(1) NOT NULL DEFAULT '1',
  `line_id` bigint unsigned NOT NULL,
  `category_id` bigint unsigned NOT NULL,
  `tags` json DEFAULT NULL,
  `created_at` timestamp NULL DEFAULT NULL,
  `updated_at` timestamp NULL DEFAULT NULL,
  PRIMARY KEY (`id`),
  UNIQUE KEY `products_code_unique` (`code`),
  KEY `products_line_id_foreign` (`line_id`),
  KEY `products_category_id_foreign` (`category_id`),
  CONSTRAINT `products_category_id_foreign` FOREIGN KEY (`category_id`) REFERENCES `categories` (`id`) ON DELETE CASCADE,
  CONSTRAINT `products_line_id_foreign` FOREIGN KEY (`line_id`) REFERENCES `lines` (`id`) ON DELETE CASCADE
) ENGINE=InnoDB AUTO_INCREMENT=124 DEFAULT CHARSET=utf8mb4 COLLATE=utf8mb4_unicode_ci;

-- Volcando datos para la tabla abprod.products: ~123 rows (aproximadamente)
INSERT INTO `products` (`id`, `code`, `name`, `imagen`, `imagmolde`, `description`, `is_producible`, `line_id`, `category_id`, `tags`, `created_at`, `updated_at`) VALUES
	(1, 'CAM-E10', 'Camiseta Premium E10', NULL, NULL, 'tela fluence mas scuare', 1, 7, 1, NULL, '2025-03-28 07:05:39', '2025-03-28 07:05:39'),
	(2, 'CAM-P10', 'Camiseta Premium P10', NULL, NULL, '', 1, 7, 1, NULL, '2025-03-28 07:05:39', '2025-03-28 07:05:39'),
	(3, 'CAM-PR02', 'Camiseta Premium Pr02', NULL, NULL, 'tech', 1, 7, 1, NULL, '2025-03-28 07:05:39', '2025-03-28 07:05:39'),
	(4, 'CAM-PR05', 'Camiseta Premium Pr05', NULL, NULL, 'tech', 1, 7, 1, NULL, '2025-03-28 07:05:39', '2025-03-28 07:05:39'),
	(5, 'CAM-PR03', 'Camiseta Premium Pr03', NULL, NULL, 'microfino', 1, 7, 1, NULL, '2025-03-28 07:05:39', '2025-03-28 07:05:39'),
	(6, 'CAM-PR04', 'Camiseta Premium Pr04', NULL, NULL, 'microfino', 1, 7, 1, NULL, '2025-03-28 07:05:39', '2025-03-28 07:05:39'),
	(7, 'CAM-PR06', 'Camiseta Premium Pr06', NULL, NULL, 'microfino', 1, 7, 1, NULL, '2025-03-28 07:05:39', '2025-03-28 07:05:39'),
	(8, 'CAM-PR07', 'Camiseta Premium Pr07', NULL, NULL, '', 1, 7, 1, NULL, '2025-03-28 07:05:39', '2025-03-28 07:05:39'),
	(9, 'CAM-PR08', 'Camiseta Premium Pr08', NULL, NULL, 'con cuello tipo cerro 2025', 1, 7, 1, NULL, '2025-03-28 07:05:39', '2025-03-28 07:05:39'),
	(10, 'CAM-A01', 'Camiseta Profesional A01', NULL, NULL, '', 1, 5, 1, NULL, '2025-03-28 07:05:39', '2025-03-28 07:05:39'),
	(11, 'CAM-A02', 'Camiseta Profesional A02', NULL, NULL, '', 1, 5, 1, NULL, '2025-03-28 07:05:39', '2025-03-28 07:05:39'),
	(12, 'CAM-A03', 'Camiseta Profesional A03', NULL, NULL, '', 1, 5, 1, NULL, '2025-03-28 07:05:39', '2025-03-28 07:05:39'),
	(13, 'CAM-A04', 'Camiseta Profesional A04', NULL, NULL, '', 1, 5, 1, NULL, '2025-03-28 07:05:39', '2025-03-28 07:05:39'),
	(14, 'CAM-A05', 'Camiseta Profesional A05', NULL, NULL, '', 1, 5, 1, NULL, '2025-03-28 07:05:39', '2025-03-28 07:05:39'),
	(15, 'CAM-A06', 'Camiseta Profesional A06', NULL, NULL, '', 1, 5, 1, NULL, '2025-03-28 07:05:39', '2025-03-28 07:05:39'),
	(16, 'CAM-F01', 'Camiseta Oficial F01', NULL, NULL, '', 1, 4, 1, NULL, '2025-03-28 07:05:39', '2025-03-28 07:05:39'),
	(17, 'CAM-F02', 'Camiseta Oficial F02', NULL, NULL, '', 1, 4, 1, NULL, '2025-03-28 07:05:39', '2025-03-28 07:05:39'),
	(18, 'CAM-F03', 'Camiseta Oficial F03', NULL, NULL, '', 1, 4, 1, NULL, '2025-03-28 07:05:39', '2025-03-28 07:05:39'),
	(19, 'CAM-F04', 'Camiseta Oficial F04', NULL, NULL, '', 1, 4, 1, NULL, '2025-03-28 07:05:39', '2025-03-28 07:05:39'),
	(20, 'CAM-F05', 'Camiseta Oficial F05', NULL, NULL, '', 1, 4, 1, NULL, '2025-03-28 07:05:39', '2025-03-28 07:05:39'),
	(21, 'CAM-F06', 'Camiseta Oficial F06', NULL, NULL, '', 1, 4, 1, NULL, '2025-03-28 07:05:39', '2025-03-28 07:05:39'),
	(22, 'CAM-F07', 'Camiseta Oficial F07', NULL, NULL, '', 1, 4, 1, NULL, '2025-03-28 07:05:39', '2025-03-28 07:05:39'),
	(23, 'CAM-F11', 'Camiseta Oficial F08', NULL, NULL, '', 1, 4, 1, NULL, '2025-03-28 07:05:39', '2025-03-28 07:05:39'),
	(24, 'CAM-F09', 'Camiseta Oficial F09', NULL, NULL, '', 1, 4, 1, NULL, '2025-03-28 07:05:39', '2025-03-28 07:05:39'),
	(25, 'CAM-F10', 'Camiseta Oficial F10', NULL, NULL, '', 1, 4, 1, NULL, '2025-03-28 07:05:39', '2025-03-28 07:05:39'),
	(26, 'CAM-S01', 'Camiseta Estandar S01', NULL, NULL, '', 1, 3, 1, NULL, '2025-03-28 07:05:39', '2025-03-28 07:05:39'),
	(27, 'CAM-S02', 'Camiseta Estandar S02', NULL, NULL, '', 1, 3, 1, NULL, '2025-03-28 07:05:39', '2025-03-28 07:05:39'),
	(28, 'CAM-S03', 'Camiseta Estandar S03', NULL, NULL, '', 1, 3, 1, NULL, '2025-03-28 07:05:39', '2025-03-28 07:05:39'),
	(29, 'CAM-S04', 'Camiseta Estandar S04', NULL, NULL, '', 1, 3, 1, NULL, '2025-03-28 07:05:39', '2025-03-28 07:05:39'),
	(30, 'CAM-B01', 'Camiseta Basic B01', NULL, NULL, '', 1, 2, 1, NULL, '2025-03-28 07:05:39', '2025-03-28 07:05:39'),
	(31, 'CAM-B02', 'Camiseta Basic B02', NULL, NULL, '', 1, 2, 1, NULL, '2025-03-28 07:05:39', '2025-03-28 07:05:39'),
	(32, 'CAM-B03', 'Camiseta Basic B03', NULL, NULL, '', 1, 2, 1, NULL, '2025-03-28 07:05:39', '2025-03-28 07:05:39'),
	(33, 'CAM-B04', 'Camiseta Basic B04', NULL, NULL, '', 1, 2, 1, NULL, '2025-03-28 07:05:39', '2025-03-28 07:05:39'),
	(34, 'CAM-F08', 'Camiseta con cuello polo', NULL, NULL, '', 1, 4, 1, NULL, '2025-03-28 07:05:39', '2025-03-28 07:05:39'),
	(35, 'CML-B01', 'Camisola De Entrenamiento Oficial', NULL, NULL, '', 1, 4, 2, NULL, '2025-03-28 07:05:39', '2025-03-28 07:05:39'),
	(36, 'CML-PR01', 'Camisilla Premium Pr01', NULL, NULL, '', 1, 7, 2, NULL, '2025-03-28 07:05:39', '2025-03-28 07:05:39'),
	(37, 'SHT-A01', 'Short Profesional Sublimado 100%', NULL, NULL, '', 1, 5, 2, NULL, '2025-03-28 07:05:39', '2025-03-28 07:05:39'),
	(38, 'CML-E10', 'Camisilla Premium E10', NULL, NULL, '', 1, 7, 2, NULL, '2025-03-28 07:05:39', '2025-03-28 07:05:39'),
	(39, 'CML-F01', 'Camisilla Oficial', NULL, NULL, '', 1, 4, 2, NULL, '2025-03-28 07:05:39', '2025-03-28 07:05:39'),
	(40, 'CML-S01', 'Camisilla Entrenamiento Estandar', NULL, NULL, 'NO sublimado', 1, 3, 2, NULL, '2025-03-28 07:05:39', '2025-03-28 07:05:39'),
	(41, 'CML-S10', 'Camisilla de Algodón', NULL, NULL, '', 1, 4, 2, NULL, '2025-03-28 07:05:39', '2025-03-28 07:05:39'),
	(42, 'SHT-PR01', 'Short Premium Pr01', NULL, NULL, '', 1, 7, 3, NULL, '2025-03-28 07:05:39', '2025-03-28 07:05:39'),
	(43, 'SHT-P10', 'Short Premium P10', NULL, NULL, '', 1, 7, 3, NULL, '2025-03-28 07:05:39', '2025-03-28 07:05:39'),
	(44, 'SHT-E10', 'Short Premium E10', NULL, NULL, '', 1, 7, 3, NULL, '2025-03-28 07:05:39', '2025-03-28 07:05:39'),
	(45, 'SHT-PR02', 'Short Premium Pr02', NULL, NULL, '', 1, 7, 3, NULL, '2025-03-28 07:05:39', '2025-03-28 07:05:39'),
	(46, 'SHT-PR03', 'Short Premium Pr03', NULL, NULL, '', 1, 7, 3, NULL, '2025-03-28 07:05:39', '2025-03-28 07:05:39'),
	(47, 'SHT-F01', 'Short Oficial F01', NULL, NULL, '', 1, 4, 3, NULL, '2025-03-28 07:05:39', '2025-03-28 07:05:39'),
	(48, 'SHT-F02', 'Short Oficial F02', NULL, NULL, '', 1, 4, 3, NULL, '2025-03-28 07:05:39', '2025-03-28 07:05:39'),
	(49, 'SHT-F03', 'Short Oficial F03', NULL, NULL, '', 1, 4, 3, NULL, '2025-03-28 07:05:39', '2025-03-28 07:05:39'),
	(50, 'SHT-F04', 'Short Oficial F04', NULL, NULL, '', 1, 4, 3, NULL, '2025-03-28 07:05:39', '2025-03-28 07:05:39'),
	(51, 'SHT-F05', 'Short Oficial F05', NULL, NULL, '', 1, 4, 3, NULL, '2025-03-28 07:05:39', '2025-03-28 07:05:39'),
	(52, 'SHT-F06', 'Short Oficial F06', NULL, NULL, '', 1, 4, 3, NULL, '2025-03-28 07:05:39', '2025-03-28 07:05:39'),
	(53, 'SHT-S01', 'Short Estandar', NULL, NULL, '', 1, 3, 3, NULL, '2025-03-28 07:05:39', '2025-03-28 07:05:39'),
	(54, 'MD-S01', 'Media Zebin', NULL, NULL, '', 0, 3, 3, NULL, '2025-03-28 07:05:39', '2025-03-28 07:05:39'),
	(55, 'MD-PR01', 'Media Premium', NULL, NULL, '', 0, 7, 4, NULL, '2025-03-28 07:05:39', '2025-03-28 07:05:39'),
	(56, 'MD-F01', 'Media Zebin', NULL, NULL, '', 0, 4, 4, NULL, '2025-03-28 07:05:39', '2025-03-28 07:05:39'),
	(57, 'CAMLG-F01', 'Camiseta Manga Larga Oficial F01', NULL, NULL, '', 1, 4, 5, NULL, '2025-03-28 07:05:39', '2025-03-28 07:05:39'),
	(58, 'CAMLG-F02', 'Camiseta Manga Larga Oficial F02', NULL, NULL, '', 1, 4, 5, NULL, '2025-03-28 07:05:39', '2025-03-28 07:05:39'),
	(59, 'CAMLG-F03', 'Camiseta Manga Larga Oficial F03', NULL, NULL, '', 1, 4, 5, NULL, '2025-03-28 07:05:39', '2025-03-28 07:05:39'),
	(60, 'CAMLG-F04', 'Camiseta Manga Larga Oficial F04', NULL, NULL, '', 1, 4, 5, NULL, '2025-03-28 07:05:39', '2025-03-28 07:05:39'),
	(61, 'CAMLG-F10', 'Camiseta mangas largas con cierre', NULL, NULL, '', 1, 4, 5, NULL, '2025-03-28 07:05:39', '2025-03-28 07:05:39'),
	(62, 'CAMLG-A10', 'Camiseta mangas largas con cierre Uv', NULL, NULL, 'tela uv', 1, 5, 5, NULL, '2025-03-28 07:05:39', '2025-03-28 07:05:39'),
	(63, 'CAMLG-F11', 'Camiseta Manga Larga con Capucha', NULL, NULL, 'tela dry fit 1', 1, 4, 5, NULL, '2025-03-28 07:05:39', '2025-03-28 07:05:39'),
	(64, 'CAMLG-A11', 'Camiseta Manga Larga con Capucha', NULL, NULL, 'tela uv', 1, 5, 5, NULL, '2025-03-28 07:05:39', '2025-03-28 07:05:39'),
	(65, 'CAMLG-A12', 'Camiseta mangas largas tipo pesca capucha mas cuellera', NULL, NULL, '', 1, 7, 5, NULL, '2025-03-28 07:05:39', '2025-03-28 07:05:39'),
	(66, 'BTN-F01', 'Mochilita de Tela Personalizada', NULL, NULL, '', 1, 4, 6, NULL, '2025-03-28 07:05:39', '2025-03-28 07:05:39'),
	(67, 'BLU-B01', 'Blusa ALEGRA Basico', NULL, NULL, 'tela de color + un parche bordado', 1, 2, 7, NULL, '2025-03-28 07:05:39', '2025-03-28 07:05:39'),
	(68, 'BLU-S01', 'Blusa ALEGRA ESTANDAR', NULL, NULL, 'frente sublimado', 1, 3, 7, NULL, '2025-03-28 07:05:39', '2025-03-28 07:05:39'),
	(69, 'BLU-F01', 'Blusa ALEGRA TODO SUBLIMADO', NULL, NULL, 'Totalmente sublimado', 1, 4, 7, NULL, '2025-03-28 07:05:39', '2025-03-28 07:05:39'),
	(70, 'CMS-B01', 'Camisa Manga Corta', NULL, NULL, '', 1, 4, 8, NULL, '2025-03-28 07:05:39', '2025-03-28 07:05:39'),
	(71, 'CMS-B02', 'Camisa Manga Larga', NULL, NULL, '', 1, 4, 8, NULL, '2025-03-28 07:05:39', '2025-03-28 07:05:39'),
	(72, 'RP-S01', 'Remera Polo Clasico estandar', NULL, NULL, 'sin detalle sublimado mas un logo bordado o parche', 1, 3, 10, NULL, '2025-03-28 07:05:39', '2025-03-28 07:05:39'),
	(73, 'RP-S02', 'Remera Polo cuello obispo estandar', NULL, NULL, 'sin detalle sublimado mas un logo bordado o parche', 1, 3, 10, NULL, '2025-03-28 07:05:39', '2025-03-28 07:05:39'),
	(74, 'RP-S03', 'Remera Polo tipo camisa estandar', NULL, NULL, 'sin detalle sublimado mas un logo bordado o parche', 1, 3, 10, NULL, '2025-03-28 07:05:39', '2025-03-28 07:05:39'),
	(75, 'RP-f01', 'Remera Polo clasico oficial', NULL, NULL, 'carteron sublimado mas un logo bordado o parche, puño sublimado', 1, 4, 10, NULL, '2025-03-28 07:05:39', '2025-03-28 07:05:39'),
	(76, 'RP-f02', 'Remera Polo cuello obispo ', NULL, NULL, 'carteron sublimado mas un logo bordado o parche, puño sublimado', 1, 4, 10, NULL, '2025-03-28 07:05:39', '2025-03-28 07:05:39'),
	(77, 'RP-f03', 'Remera Polo tipo camisa estandar', NULL, NULL, 'carteron y tirilla sublimado mas un logo bordado o parche, puño sublimado', 1, 4, 10, NULL, '2025-03-28 07:05:39', '2025-03-28 07:05:39'),
	(78, 'BDR-01', 'bandera dry m2', NULL, NULL, '', 1, 4, 12, NULL, '2025-03-28 07:05:39', '2025-03-28 07:05:39'),
	(79, 'BDR-02', 'bandera diolen m2', NULL, NULL, '', 1, 4, 12, NULL, '2025-03-28 07:05:39', '2025-03-28 07:05:39'),
	(80, 'BDR-03', 'Backpodium', NULL, NULL, 'tiene estructura de hierro', 1, 4, 12, NULL, '2025-03-28 07:05:39', '2025-03-28 07:05:39'),
	(81, 'BMD-01', 'Bata médica', NULL, NULL, 's', 1, 4, 14, NULL, '2025-03-28 07:05:39', '2025-03-28 07:05:39'),
	(82, 'BDR-04', 'Bandera diolen estandar', NULL, NULL, '1.30m x0.7m', 1, 4, 15, NULL, '2025-03-28 07:05:39', '2025-03-28 07:05:39'),
	(83, 'KPS-01', 'kepis borado', NULL, NULL, '', 1, 4, 15, NULL, '2025-03-28 07:05:39', '2025-03-28 07:05:39'),
	(84, 'KPS-02', 'kepis sublimable', NULL, NULL, '', 1, 4, 15, NULL, '2025-03-28 07:05:39', '2025-03-28 07:05:39'),
	(85, 'BDY-01', 'BODY', NULL, NULL, '', 1, 4, 17, NULL, '2025-03-28 07:05:39', '2025-03-28 07:05:39'),
	(86, 'AC-02', 'Botinera con cierre', NULL, NULL, '', 0, 4, 18, NULL, '2025-03-28 07:05:39', '2025-03-28 07:05:39'),
	(87, 'AC-03', 'Neceser', NULL, NULL, '', 0, 4, 18, NULL, '2025-03-28 07:05:39', '2025-03-28 07:05:39'),
	(88, 'AC-04', 'Bolson', NULL, NULL, '', 0, 4, 18, NULL, '2025-03-28 07:05:39', '2025-03-28 07:05:39'),
	(89, 'AC-05', 'Cuellera', NULL, NULL, '', 1, 4, 18, NULL, '2025-03-28 07:05:39', '2025-03-28 07:05:39'),
	(90, 'AC-06', 'brazalete estandar', NULL, NULL, '', 1, 4, 18, NULL, '2025-03-28 07:05:40', '2025-03-28 07:05:40'),
	(91, 'AC-07', 'brazalete premium', NULL, NULL, 'con cierre magnetico y personalizado', 1, 4, 18, NULL, '2025-03-28 07:05:40', '2025-03-28 07:05:40'),
	(92, 'AC-08', 'Banda', NULL, NULL, 'banda para reina o rey', 1, 4, 18, NULL, '2025-03-28 07:05:40', '2025-03-28 07:05:40'),
	(93, 'AC-09', 'Bincha', NULL, NULL, '', 1, 4, 18, NULL, '2025-03-28 07:05:40', '2025-03-28 07:05:40'),
	(94, 'AC-10', 'Boina', NULL, NULL, '', 1, 4, 18, NULL, '2025-03-28 07:05:40', '2025-03-28 07:05:40'),
	(95, 'AC-11', 'Bolsón Utilero', NULL, NULL, '', 1, 4, 18, NULL, '2025-03-28 07:05:40', '2025-03-28 07:05:40'),
	(96, 'AC-12', 'Delantal sublimado', NULL, NULL, '', 1, 4, 18, NULL, '2025-03-28 07:05:40', '2025-03-28 07:05:40'),
	(97, 'AC-13', 'Delantal  bordado', NULL, NULL, '', 1, 4, 18, NULL, '2025-03-28 07:05:40', '2025-03-28 07:05:40'),
	(98, 'CMP-01', 'Campera con Capucha', NULL, NULL, '', 1, 4, 19, NULL, '2025-03-28 07:05:40', '2025-03-28 07:05:40'),
	(99, 'CMP-02', 'Campera Impermeable', NULL, NULL, '', 1, 4, 19, NULL, '2025-03-28 07:05:40', '2025-03-28 07:05:40'),
	(100, 'CMP-03', 'Campera Rompeviento', NULL, NULL, '', 1, 4, 19, NULL, '2025-03-28 07:05:40', '2025-03-28 07:05:40'),
	(101, 'CNG-01', 'Canguro', NULL, NULL, '', 1, 4, 20, NULL, '2025-03-28 07:05:40', '2025-03-28 07:05:40'),
	(102, 'CHL-01', 'Chaleco', NULL, NULL, 'tela sarga con 4 bolsillos', 1, 4, 21, NULL, '2025-03-28 07:05:40', '2025-03-28 07:05:40'),
	(103, 'CHQ-01', 'Chaqueta', NULL, NULL, 'tela shell ', 1, 4, 22, NULL, '2025-03-28 07:05:40', '2025-03-28 07:05:40'),
	(104, 'CHM-01', 'Chomba', NULL, NULL, 'tela sarga', 1, 4, 23, NULL, '2025-03-28 07:05:40', '2025-03-28 07:05:40'),
	(105, 'CIC-F01', 'Ciclista manga larga ', NULL, NULL, '', 1, 4, 24, NULL, '2025-03-28 07:05:40', '2025-03-28 07:05:40'),
	(106, 'CIC-F02', 'Ciclista manga corta', NULL, NULL, '', 1, 4, 24, NULL, '2025-03-28 07:05:40', '2025-03-28 07:05:40'),
	(107, 'TM01', 'Termica Manga Corta', NULL, NULL, '', 1, 4, 25, NULL, '2025-03-28 07:05:40', '2025-03-28 07:05:40'),
	(108, 'TM02', 'Termica Manga Larga', NULL, NULL, '', 1, 4, 25, NULL, '2025-03-28 07:05:40', '2025-03-28 07:05:40'),
	(109, 'TM03', 'Calza Corta termica', NULL, NULL, '', 1, 4, 25, NULL, '2025-03-28 07:05:40', '2025-03-28 07:05:40'),
	(110, 'TM04', 'Calza Larga termica', NULL, NULL, '', 1, 4, 25, NULL, '2025-03-28 07:05:40', '2025-03-28 07:05:40'),
	(111, 'SC-F01', 'Campera deportiva Oficial', NULL, NULL, '', 1, 4, 26, NULL, '2025-03-28 07:05:40', '2025-03-28 07:05:40'),
	(112, 'SC-S01', 'Campera deportiva Estandar', NULL, NULL, '', 1, 2, 26, NULL, '2025-03-28 07:05:40', '2025-03-28 07:05:40'),
	(113, 'SC-B01', 'Campera deportiva Basic', NULL, NULL, '', 1, 2, 26, NULL, '2025-03-28 07:05:40', '2025-03-28 07:05:40'),
	(114, 'SC-C01', 'Campera deportiva escolar', NULL, NULL, '', 1, 1, 26, NULL, '2025-03-28 07:05:40', '2025-03-28 07:05:40'),
	(115, 'SC-PR01', 'Campera deportiva Premium', NULL, NULL, '', 1, 7, 26, NULL, '2025-03-28 07:05:40', '2025-03-28 07:05:40'),
	(116, 'PTN-PR01', 'Buzo Pantalon Premium', NULL, NULL, 'acetato elastizado', 1, 7, 26, NULL, '2025-03-28 07:05:40', '2025-03-28 07:05:40'),
	(117, 'PTN-A05', 'Pantalon Acolchado Oficial', NULL, NULL, 'acetato elastizado', 1, 5, 27, NULL, '2025-03-28 07:05:40', '2025-03-28 07:05:40'),
	(118, 'PTN-F01', 'Jogin Tira Sublimada', NULL, NULL, 'acetato pesado', 1, 4, 27, NULL, '2025-03-28 07:05:40', '2025-03-28 07:05:40'),
	(119, 'PTN-S01', 'Jogin Tira Simple', NULL, NULL, 'acetato pesado', 1, 2, 27, NULL, '2025-03-28 07:05:40', '2025-03-28 07:05:40'),
	(120, 'PTN-B01', 'Buzo Pantalon', NULL, NULL, 'Pv', 1, 2, 27, NULL, '2025-03-28 07:05:40', '2025-03-28 07:05:40'),
	(121, 'PTN-C01', 'Buzo Pantalon', NULL, NULL, 'Pv', 1, 1, 27, NULL, '2025-03-28 07:05:40', '2025-03-28 07:05:40'),
	(122, 'PTN-F02', 'Pantalon de trabajo cargo', NULL, NULL, 'tela sarga con bolsillo en los costados', 1, 4, 27, NULL, '2025-03-28 07:05:40', '2025-03-28 07:05:40'),
	(123, 'CAM-PR09', 'Camiseta Premium Pr09', NULL, NULL, 'replica de olimpia2025', 1, 7, 1, NULL, '2025-03-28 07:05:40', '2025-03-28 07:05:40');

-- Volcando estructura para tabla abprod.product_categories
CREATE TABLE IF NOT EXISTS `product_categories` (
  `id` bigint unsigned NOT NULL AUTO_INCREMENT,
  `name` varchar(255) COLLATE utf8mb4_unicode_ci NOT NULL,
  `description` text COLLATE utf8mb4_unicode_ci,
  `is_active` tinyint(1) NOT NULL DEFAULT '1',
  `created_at` timestamp NULL DEFAULT NULL,
  `updated_at` timestamp NULL DEFAULT NULL,
  PRIMARY KEY (`id`)
) ENGINE=InnoDB AUTO_INCREMENT=4 DEFAULT CHARSET=utf8mb4 COLLATE=utf8mb4_unicode_ci;

-- Volcando datos para la tabla abprod.product_categories: ~3 rows (aproximadamente)
INSERT INTO `product_categories` (`id`, `name`, `description`, `is_active`, `created_at`, `updated_at`) VALUES
	(1, 'Categoría 1', 'Categoría por defecto 1', 1, '2025-03-28 07:05:17', '2025-03-28 07:05:17'),
	(2, 'Categoría 2', 'Categoría por defecto 2', 1, '2025-03-28 07:05:17', '2025-03-28 07:05:17'),
	(3, 'Categoría 3', 'Categoría por defecto 3', 1, '2025-03-28 07:05:17', '2025-03-28 07:05:17');

-- Volcando estructura para vista abprod.product_category_counts
-- Creando tabla temporal para superar errores de dependencia de VIEW
CREATE TABLE `product_category_counts` (
	`id` BIGINT(20) UNSIGNED NOT NULL,
	`production_date` DATE NOT NULL,
	`center_name` VARCHAR(255) NOT NULL COLLATE 'utf8mb4_unicode_ci',
	`category_name` VARCHAR(255) NOT NULL COLLATE 'utf8mb4_unicode_ci',
	`total_products` BIGINT(19) NOT NULL,
	`total_quantity` DECIMAL(32,0) NULL
) ENGINE=MyISAM;

-- Volcando estructura para tabla abprod.product_centers
CREATE TABLE IF NOT EXISTS `product_centers` (
  `id` bigint unsigned NOT NULL AUTO_INCREMENT,
  `product_id` bigint unsigned NOT NULL,
  `center_id` bigint unsigned NOT NULL,
  `price` int NOT NULL DEFAULT '0',
  `type_of_valuation` int NOT NULL DEFAULT '1',
  `created_at` timestamp NULL DEFAULT NULL,
  `updated_at` timestamp NULL DEFAULT NULL,
  PRIMARY KEY (`id`),
  KEY `product_centers_product_id_foreign` (`product_id`),
  KEY `product_centers_center_id_foreign` (`center_id`),
  CONSTRAINT `product_centers_center_id_foreign` FOREIGN KEY (`center_id`) REFERENCES `centers` (`id`) ON DELETE CASCADE,
  CONSTRAINT `product_centers_product_id_foreign` FOREIGN KEY (`product_id`) REFERENCES `products` (`id`) ON DELETE CASCADE
) ENGINE=InnoDB DEFAULT CHARSET=utf8mb4 COLLATE=utf8mb4_unicode_ci;

-- Volcando datos para la tabla abprod.product_centers: ~0 rows (aproximadamente)

-- Volcando estructura para tabla abprod.prod_designs
CREATE TABLE IF NOT EXISTS `prod_designs` (
  `id` bigint unsigned NOT NULL AUTO_INCREMENT,
  `date` datetime NOT NULL,
  `bitrix` varchar(255) COLLATE utf8mb4_unicode_ci NOT NULL,
  `type` varchar(255) COLLATE utf8mb4_unicode_ci NOT NULL,
  `user_id` bigint unsigned NOT NULL,
  `created_at` timestamp NULL DEFAULT NULL,
  `updated_at` timestamp NULL DEFAULT NULL,
  PRIMARY KEY (`id`),
  KEY `prod_designs_user_id_foreign` (`user_id`),
  CONSTRAINT `prod_designs_user_id_foreign` FOREIGN KEY (`user_id`) REFERENCES `users` (`id`) ON DELETE CASCADE
) ENGINE=InnoDB DEFAULT CHARSET=utf8mb4 COLLATE=utf8mb4_unicode_ci;

-- Volcando datos para la tabla abprod.prod_designs: ~0 rows (aproximadamente)

-- Volcando estructura para tabla abprod.prod_discounts
CREATE TABLE IF NOT EXISTS `prod_discounts` (
  `id` bigint unsigned NOT NULL AUTO_INCREMENT,
  `date` date NOT NULL,
  `user_id` bigint unsigned NOT NULL,
  `description` varchar(255) COLLATE utf8mb4_unicode_ci NOT NULL,
  `quantity` int NOT NULL,
  `price` int NOT NULL,
  `subtotal` int NOT NULL,
  `created_at` timestamp NULL DEFAULT NULL,
  `updated_at` timestamp NULL DEFAULT NULL,
  PRIMARY KEY (`id`),
  KEY `prod_discounts_user_id_foreign` (`user_id`),
  CONSTRAINT `prod_discounts_user_id_foreign` FOREIGN KEY (`user_id`) REFERENCES `users` (`id`) ON DELETE CASCADE
) ENGINE=InnoDB DEFAULT CHARSET=utf8mb4 COLLATE=utf8mb4_unicode_ci;

-- Volcando datos para la tabla abprod.prod_discounts: ~0 rows (aproximadamente)

-- Volcando estructura para tabla abprod.questions
CREATE TABLE IF NOT EXISTS `questions` (
  `id` bigint unsigned NOT NULL AUTO_INCREMENT,
  `text` varchar(255) COLLATE utf8mb4_unicode_ci NOT NULL,
  `type` enum('string','integer','list') COLLATE utf8mb4_unicode_ci NOT NULL,
  `options` text COLLATE utf8mb4_unicode_ci,
  `is_required` tinyint(1) NOT NULL DEFAULT '0',
  `category_id` bigint unsigned NOT NULL,
  `created_at` timestamp NULL DEFAULT NULL,
  `updated_at` timestamp NULL DEFAULT NULL,
  PRIMARY KEY (`id`),
  KEY `questions_category_id_foreign` (`category_id`),
  CONSTRAINT `questions_category_id_foreign` FOREIGN KEY (`category_id`) REFERENCES `question_categories` (`id`) ON DELETE CASCADE
) ENGINE=InnoDB AUTO_INCREMENT=9 DEFAULT CHARSET=utf8mb4 COLLATE=utf8mb4_unicode_ci;

-- Volcando datos para la tabla abprod.questions: ~8 rows (aproximadamente)
INSERT INTO `questions` (`id`, `text`, `type`, `options`, `is_required`, `category_id`, `created_at`, `updated_at`) VALUES
	(1, 'Color base', 'string', NULL, 1, 1, '2025-03-28 07:05:39', '2025-03-28 07:05:39'),
	(2, 'Va tener Nombre?', 'list', '["Si","No"]', 0, 1, '2025-03-28 07:05:39', '2025-03-28 07:05:39'),
	(3, 'Auspicio delantero', 'integer', NULL, 1, 1, '2025-03-28 07:05:39', '2025-03-28 07:05:39'),
	(4, 'Auspicio Dorso', 'integer', NULL, 1, 1, '2025-03-28 07:05:39', '2025-03-28 07:05:39'),
	(5, 'Auspicio Manga Derecha', 'integer', NULL, 1, 1, '2025-03-28 07:05:39', '2025-03-28 07:05:39'),
	(6, 'Auspicio Manga izquierda', 'integer', NULL, 1, 1, '2025-03-28 07:05:39', '2025-03-28 07:05:39'),
	(7, 'Tipo de logo', 'list', '["Bordado","UV","Sublimado"]', 1, 2, '2025-03-28 07:05:39', '2025-03-28 07:05:39'),
	(8, 'Serigrafia', 'list', '["Bordado","UV","Sublimado"]', 1, 2, '2025-03-28 07:05:39', '2025-03-28 07:05:39');

-- Volcando estructura para tabla abprod.question_categories
CREATE TABLE IF NOT EXISTS `question_categories` (
  `id` bigint unsigned NOT NULL AUTO_INCREMENT,
  `name` varchar(255) COLLATE utf8mb4_unicode_ci NOT NULL,
  `description` text COLLATE utf8mb4_unicode_ci,
  `created_at` timestamp NULL DEFAULT NULL,
  `updated_at` timestamp NULL DEFAULT NULL,
  PRIMARY KEY (`id`)
) ENGINE=InnoDB AUTO_INCREMENT=4 DEFAULT CHARSET=utf8mb4 COLLATE=utf8mb4_unicode_ci;

-- Volcando datos para la tabla abprod.question_categories: ~3 rows (aproximadamente)
INSERT INTO `question_categories` (`id`, `name`, `description`, `created_at`, `updated_at`) VALUES
	(1, 'Deportivo', NULL, '2025-03-28 07:05:39', '2025-03-28 07:05:39'),
	(2, 'Escolar', NULL, '2025-03-28 07:05:39', '2025-03-28 07:05:39'),
	(3, 'Empresarial', NULL, '2025-03-28 07:05:39', '2025-03-28 07:05:39');

-- Volcando estructura para tabla abprod.reorders
CREATE TABLE IF NOT EXISTS `reorders` (
  `id` bigint unsigned NOT NULL AUTO_INCREMENT,
  `date` date NOT NULL,
  `error_order_id` bigint unsigned NOT NULL,
  `center_id` bigint unsigned NOT NULL,
  `operator_id` bigint unsigned NOT NULL,
  `created_at` timestamp NULL DEFAULT NULL,
  `updated_at` timestamp NULL DEFAULT NULL,
  PRIMARY KEY (`id`),
  KEY `reorders_error_order_id_foreign` (`error_order_id`),
  KEY `reorders_center_id_foreign` (`center_id`),
  KEY `reorders_operator_id_foreign` (`operator_id`),
  CONSTRAINT `reorders_center_id_foreign` FOREIGN KEY (`center_id`) REFERENCES `centers` (`id`) ON DELETE CASCADE,
  CONSTRAINT `reorders_error_order_id_foreign` FOREIGN KEY (`error_order_id`) REFERENCES `error_orders` (`id`) ON DELETE CASCADE,
  CONSTRAINT `reorders_operator_id_foreign` FOREIGN KEY (`operator_id`) REFERENCES `operators` (`id`) ON DELETE CASCADE
) ENGINE=InnoDB DEFAULT CHARSET=utf8mb4 COLLATE=utf8mb4_unicode_ci;

-- Volcando datos para la tabla abprod.reorders: ~0 rows (aproximadamente)

-- Volcando estructura para tabla abprod.roles
CREATE TABLE IF NOT EXISTS `roles` (
  `id` bigint unsigned NOT NULL AUTO_INCREMENT,
  `name` varchar(255) COLLATE utf8mb4_unicode_ci NOT NULL,
  `guard_name` varchar(255) COLLATE utf8mb4_unicode_ci NOT NULL,
  `created_at` timestamp NULL DEFAULT NULL,
  `updated_at` timestamp NULL DEFAULT NULL,
  PRIMARY KEY (`id`),
  UNIQUE KEY `roles_name_guard_name_unique` (`name`,`guard_name`)
) ENGINE=InnoDB AUTO_INCREMENT=4 DEFAULT CHARSET=utf8mb4 COLLATE=utf8mb4_unicode_ci;

-- Volcando datos para la tabla abprod.roles: ~3 rows (aproximadamente)
INSERT INTO `roles` (`id`, `name`, `guard_name`, `created_at`, `updated_at`) VALUES
	(1, 'panel_user', 'web', '2025-02-10 15:58:53', '2025-02-10 15:58:53'),
	(2, 'super_admin', 'web', '2025-02-10 16:11:49', '2025-02-10 16:11:49'),
	(3, 'vendedor', 'web', '2025-02-10 16:58:22', '2025-02-10 16:58:22');

-- Volcando estructura para tabla abprod.role_has_permissions
CREATE TABLE IF NOT EXISTS `role_has_permissions` (
  `permission_id` bigint unsigned NOT NULL,
  `role_id` bigint unsigned NOT NULL,
  PRIMARY KEY (`permission_id`,`role_id`),
  KEY `role_has_permissions_role_id_foreign` (`role_id`),
  CONSTRAINT `role_has_permissions_permission_id_foreign` FOREIGN KEY (`permission_id`) REFERENCES `permissions` (`id`) ON DELETE CASCADE,
  CONSTRAINT `role_has_permissions_role_id_foreign` FOREIGN KEY (`role_id`) REFERENCES `roles` (`id`) ON DELETE CASCADE
) ENGINE=InnoDB DEFAULT CHARSET=utf8mb4 COLLATE=utf8mb4_unicode_ci;

-- Volcando datos para la tabla abprod.role_has_permissions: ~471 rows (aproximadamente)
INSERT INTO `role_has_permissions` (`permission_id`, `role_id`) VALUES
	(1, 2),
	(2, 2),
	(3, 2),
	(4, 2),
	(5, 2),
	(6, 2),
	(7, 2),
	(8, 2),
	(9, 2),
	(10, 2),
	(11, 2),
	(12, 2),
	(13, 2),
	(14, 2),
	(15, 2),
	(16, 2),
	(17, 2),
	(18, 2),
	(19, 2),
	(20, 2),
	(21, 2),
	(22, 2),
	(23, 2),
	(24, 2),
	(25, 2),
	(26, 2),
	(27, 2),
	(28, 2),
	(29, 2),
	(30, 2),
	(31, 2),
	(32, 2),
	(33, 2),
	(34, 2),
	(35, 2),
	(36, 2),
	(37, 2),
	(38, 2),
	(39, 2),
	(40, 2),
	(41, 2),
	(42, 2),
	(43, 2),
	(44, 2),
	(45, 2),
	(46, 2),
	(47, 2),
	(48, 2),
	(49, 2),
	(50, 2),
	(51, 2),
	(52, 2),
	(53, 2),
	(54, 2),
	(55, 2),
	(56, 2),
	(57, 2),
	(58, 2),
	(59, 2),
	(60, 2),
	(61, 2),
	(62, 2),
	(63, 2),
	(64, 2),
	(65, 2),
	(66, 2),
	(67, 2),
	(68, 2),
	(69, 2),
	(70, 2),
	(71, 2),
	(72, 2),
	(73, 2),
	(74, 2),
	(75, 2),
	(76, 2),
	(77, 2),
	(78, 2),
	(79, 2),
	(80, 2),
	(81, 2),
	(82, 2),
	(83, 2),
	(84, 2),
	(85, 2),
	(86, 2),
	(87, 2),
	(88, 2),
	(89, 2),
	(90, 2),
	(91, 2),
	(92, 2),
	(93, 2),
	(94, 2),
	(95, 2),
	(96, 2),
	(97, 2),
	(98, 2),
	(99, 2),
	(100, 2),
	(101, 2),
	(102, 2),
	(103, 2),
	(104, 2),
	(105, 2),
	(106, 2),
	(107, 2),
	(108, 2),
	(109, 2),
	(110, 2),
	(111, 2),
	(112, 2),
	(113, 2),
	(114, 2),
	(115, 2),
	(116, 2),
	(117, 2),
	(118, 2),
	(119, 2),
	(120, 2),
	(121, 2),
	(122, 2),
	(123, 2),
	(124, 2),
	(125, 2),
	(126, 2),
	(127, 2),
	(128, 2),
	(129, 2),
	(130, 2),
	(131, 2),
	(132, 2),
	(133, 2),
	(134, 2),
	(135, 2),
	(136, 2),
	(137, 2),
	(138, 2),
	(139, 2),
	(140, 2),
	(141, 2),
	(142, 2),
	(143, 2),
	(144, 2),
	(145, 2),
	(146, 2),
	(147, 2),
	(148, 2),
	(149, 2),
	(150, 2),
	(151, 2),
	(152, 2),
	(153, 2),
	(154, 2),
	(155, 2),
	(156, 2),
	(157, 2),
	(158, 2),
	(159, 2),
	(160, 2),
	(161, 2),
	(162, 2),
	(163, 2),
	(164, 2),
	(165, 2),
	(166, 2),
	(167, 2),
	(168, 2),
	(169, 2),
	(170, 2),
	(171, 2),
	(172, 2),
	(173, 2),
	(174, 2),
	(175, 2),
	(176, 2),
	(177, 2),
	(178, 2),
	(179, 2),
	(180, 2),
	(181, 2),
	(182, 2),
	(183, 2),
	(184, 2),
	(185, 2),
	(186, 2),
	(187, 2),
	(188, 2),
	(189, 2),
	(190, 2),
	(191, 2),
	(192, 2),
	(193, 2),
	(194, 2),
	(195, 2),
	(196, 2),
	(197, 2),
	(198, 2),
	(199, 2),
	(200, 2),
	(201, 2),
	(202, 2),
	(203, 2),
	(204, 2),
	(205, 2),
	(206, 2),
	(207, 2),
	(208, 2),
	(209, 2),
	(210, 2),
	(211, 2),
	(212, 2),
	(213, 2),
	(214, 2),
	(215, 2),
	(216, 2),
	(217, 2),
	(218, 2),
	(219, 2),
	(220, 2),
	(221, 2),
	(222, 2),
	(223, 2),
	(224, 2),
	(225, 2),
	(226, 2),
	(227, 2),
	(228, 2),
	(229, 2),
	(230, 2),
	(231, 2),
	(232, 2),
	(233, 2),
	(234, 2),
	(235, 2),
	(236, 2),
	(237, 2),
	(238, 2),
	(239, 2),
	(240, 2),
	(241, 2),
	(242, 2),
	(243, 2),
	(244, 2),
	(245, 2),
	(246, 2),
	(247, 2),
	(248, 2),
	(249, 2),
	(250, 2),
	(251, 2),
	(252, 2),
	(253, 2),
	(254, 2),
	(255, 2),
	(256, 2),
	(257, 2),
	(258, 2),
	(259, 2),
	(260, 2),
	(261, 2),
	(262, 2),
	(263, 2),
	(264, 2),
	(265, 2),
	(266, 2),
	(267, 2),
	(268, 2),
	(269, 2),
	(270, 2),
	(271, 2),
	(272, 2),
	(273, 2),
	(274, 2),
	(275, 2),
	(276, 2),
	(277, 2),
	(278, 2),
	(279, 2),
	(280, 2),
	(281, 2),
	(282, 2),
	(283, 2),
	(284, 2),
	(285, 2),
	(286, 2),
	(287, 2),
	(288, 2),
	(289, 2),
	(290, 2),
	(291, 2),
	(292, 2),
	(293, 2),
	(294, 2),
	(295, 2),
	(296, 2),
	(297, 2),
	(298, 2),
	(299, 2),
	(300, 2),
	(301, 2),
	(302, 2),
	(303, 2),
	(304, 2),
	(305, 2),
	(306, 2),
	(307, 2),
	(308, 2),
	(309, 2),
	(310, 2),
	(311, 2),
	(312, 2),
	(313, 2),
	(314, 2),
	(315, 2),
	(316, 2),
	(317, 2),
	(318, 2),
	(319, 2),
	(320, 2),
	(321, 2),
	(322, 2),
	(323, 2),
	(324, 2),
	(325, 2),
	(326, 2),
	(327, 2),
	(328, 2),
	(329, 2),
	(330, 2),
	(331, 2),
	(332, 2),
	(333, 2),
	(334, 2),
	(335, 2),
	(336, 2),
	(337, 2),
	(338, 2),
	(339, 2),
	(340, 2),
	(341, 2),
	(342, 2),
	(343, 2),
	(344, 2),
	(345, 2),
	(346, 2),
	(347, 2),
	(348, 2),
	(349, 2),
	(350, 2),
	(351, 2),
	(352, 2),
	(353, 2),
	(354, 2),
	(355, 2),
	(356, 2),
	(357, 2),
	(358, 2),
	(359, 2),
	(360, 2),
	(361, 2),
	(362, 2),
	(363, 2),
	(364, 2),
	(365, 2),
	(366, 2),
	(367, 2),
	(368, 2),
	(369, 2),
	(370, 2),
	(371, 2),
	(372, 2),
	(373, 2),
	(374, 2),
	(375, 2),
	(376, 2),
	(377, 2),
	(378, 2),
	(379, 2),
	(380, 2),
	(381, 2),
	(382, 2),
	(383, 2),
	(384, 2),
	(385, 2),
	(386, 2),
	(387, 2),
	(388, 2),
	(389, 2),
	(390, 2),
	(391, 2),
	(392, 2),
	(393, 2),
	(394, 2),
	(395, 2),
	(396, 2),
	(397, 2),
	(398, 2),
	(399, 2),
	(400, 2),
	(401, 2),
	(402, 2),
	(403, 2),
	(404, 2),
	(405, 2),
	(406, 2),
	(407, 2),
	(408, 2),
	(409, 2),
	(410, 2),
	(411, 2),
	(412, 2),
	(413, 2),
	(414, 2),
	(415, 2),
	(416, 2),
	(417, 2),
	(418, 2),
	(419, 2),
	(420, 2),
	(421, 2),
	(422, 2),
	(423, 2),
	(424, 2),
	(425, 2),
	(426, 2),
	(427, 2),
	(428, 2),
	(429, 2),
	(430, 2),
	(431, 2),
	(432, 2),
	(433, 2),
	(434, 2),
	(435, 2),
	(436, 2),
	(437, 2),
	(438, 2),
	(439, 2),
	(440, 2),
	(441, 2),
	(442, 2),
	(443, 2),
	(444, 2),
	(445, 2),
	(446, 2),
	(447, 2),
	(448, 2),
	(449, 2),
	(450, 2),
	(451, 2),
	(452, 2),
	(453, 2),
	(454, 2),
	(455, 2),
	(456, 2),
	(457, 2),
	(79, 3),
	(80, 3),
	(81, 3),
	(91, 3),
	(92, 3),
	(103, 3),
	(104, 3),
	(115, 3),
	(116, 3),
	(163, 3),
	(164, 3),
	(265, 3),
	(266, 3),
	(312, 3);

-- Volcando estructura para tabla abprod.rolls
CREATE TABLE IF NOT EXISTS `rolls` (
  `id` bigint unsigned NOT NULL AUTO_INCREMENT,
  `date` date NOT NULL,
  `impresora` varchar(255) COLLATE utf8mb4_unicode_ci NOT NULL,
  `created_at` timestamp NULL DEFAULT NULL,
  `updated_at` timestamp NULL DEFAULT NULL,
  PRIMARY KEY (`id`)
) ENGINE=InnoDB DEFAULT CHARSET=utf8mb4 COLLATE=utf8mb4_unicode_ci;

-- Volcando datos para la tabla abprod.rolls: ~0 rows (aproximadamente)

-- Volcando estructura para tabla abprod.roll_errors
CREATE TABLE IF NOT EXISTS `roll_errors` (
  `id` bigint unsigned NOT NULL AUTO_INCREMENT,
  `roll_id` bigint unsigned NOT NULL,
  `error_order_id` bigint unsigned NOT NULL,
  `created_at` timestamp NULL DEFAULT NULL,
  `updated_at` timestamp NULL DEFAULT NULL,
  PRIMARY KEY (`id`),
  KEY `roll_errors_roll_id_foreign` (`roll_id`),
  KEY `roll_errors_error_order_id_foreign` (`error_order_id`),
  CONSTRAINT `roll_errors_error_order_id_foreign` FOREIGN KEY (`error_order_id`) REFERENCES `error_orders` (`id`) ON DELETE CASCADE,
  CONSTRAINT `roll_errors_roll_id_foreign` FOREIGN KEY (`roll_id`) REFERENCES `rolls` (`id`) ON DELETE CASCADE
) ENGINE=InnoDB DEFAULT CHARSET=utf8mb4 COLLATE=utf8mb4_unicode_ci;

-- Volcando datos para la tabla abprod.roll_errors: ~0 rows (aproximadamente)

-- Volcando estructura para tabla abprod.roll_prodts
CREATE TABLE IF NOT EXISTS `roll_prodts` (
  `id` bigint unsigned NOT NULL AUTO_INCREMENT,
  `roll_id` bigint unsigned NOT NULL,
  `production_id` bigint unsigned NOT NULL,
  `created_at` timestamp NULL DEFAULT NULL,
  `updated_at` timestamp NULL DEFAULT NULL,
  PRIMARY KEY (`id`),
  KEY `roll_prodts_roll_id_foreign` (`roll_id`),
  KEY `roll_prodts_production_id_foreign` (`production_id`),
  CONSTRAINT `roll_prodts_production_id_foreign` FOREIGN KEY (`production_id`) REFERENCES `productions` (`id`) ON DELETE CASCADE,
  CONSTRAINT `roll_prodts_roll_id_foreign` FOREIGN KEY (`roll_id`) REFERENCES `rolls` (`id`) ON DELETE CASCADE
) ENGINE=InnoDB DEFAULT CHARSET=utf8mb4 COLLATE=utf8mb4_unicode_ci;

-- Volcando datos para la tabla abprod.roll_prodts: ~0 rows (aproximadamente)

-- Volcando estructura para tabla abprod.sales_goals
CREATE TABLE IF NOT EXISTS `sales_goals` (
  `id` bigint unsigned NOT NULL AUTO_INCREMENT,
  `team_id` bigint unsigned NOT NULL,
  `user_id` bigint unsigned NOT NULL,
  `month` int NOT NULL,
  `year` int NOT NULL,
  `amount` int NOT NULL,
  `created_at` timestamp NULL DEFAULT NULL,
  `updated_at` timestamp NULL DEFAULT NULL,
  PRIMARY KEY (`id`),
  KEY `sales_goals_team_id_foreign` (`team_id`),
  KEY `sales_goals_user_id_foreign` (`user_id`),
  CONSTRAINT `sales_goals_team_id_foreign` FOREIGN KEY (`team_id`) REFERENCES `teams` (`id`) ON DELETE CASCADE,
  CONSTRAINT `sales_goals_user_id_foreign` FOREIGN KEY (`user_id`) REFERENCES `users` (`id`) ON DELETE CASCADE
) ENGINE=InnoDB DEFAULT CHARSET=utf8mb4 COLLATE=utf8mb4_unicode_ci;

-- Volcando datos para la tabla abprod.sales_goals: ~0 rows (aproximadamente)

-- Volcando estructura para tabla abprod.sizes
CREATE TABLE IF NOT EXISTS `sizes` (
  `id` bigint unsigned NOT NULL AUTO_INCREMENT,
  `name` varchar(255) COLLATE utf8mb4_unicode_ci NOT NULL,
  `color` varchar(255) COLLATE utf8mb4_unicode_ci NOT NULL,
  `created_at` timestamp NULL DEFAULT NULL,
  `updated_at` timestamp NULL DEFAULT NULL,
  PRIMARY KEY (`id`),
  UNIQUE KEY `sizes_name_unique` (`name`)
) ENGINE=InnoDB AUTO_INCREMENT=38 DEFAULT CHARSET=utf8mb4 COLLATE=utf8mb4_unicode_ci;

-- Volcando datos para la tabla abprod.sizes: ~37 rows (aproximadamente)
INSERT INTO `sizes` (`id`, `name`, `color`, `created_at`, `updated_at`) VALUES
	(1, 'NORMAL', '', '2025-03-28 07:05:39', '2025-03-28 07:05:39'),
	(2, '1A-CAB', 'bg-lightblue', '2025-03-28 07:05:39', '2025-03-28 07:05:39'),
	(3, '1A-DAM', 'bg-lightpink', '2025-03-28 07:05:39', '2025-03-28 07:05:39'),
	(4, '2A-CAB', 'bg-lightblue', '2025-03-28 07:05:39', '2025-03-28 07:05:39'),
	(5, '2A-DAM', 'bg-lightpink', '2025-03-28 07:05:39', '2025-03-28 07:05:39'),
	(6, '4A-CAB', 'bg-lightblue', '2025-03-28 07:05:39', '2025-03-28 07:05:39'),
	(7, '4A-DAM', 'bg-lightpink', '2025-03-28 07:05:39', '2025-03-28 07:05:39'),
	(8, '6A-CAB', 'bg-lightblue', '2025-03-28 07:05:39', '2025-03-28 07:05:39'),
	(9, '6A-DAM', 'bg-lightpink', '2025-03-28 07:05:39', '2025-03-28 07:05:39'),
	(10, '8A-CAB', 'bg-lightblue', '2025-03-28 07:05:39', '2025-03-28 07:05:39'),
	(11, '8A-DAM', 'bg-lightpink', '2025-03-28 07:05:39', '2025-03-28 07:05:39'),
	(12, '10A-CAB', 'bg-lightblue', '2025-03-28 07:05:39', '2025-03-28 07:05:39'),
	(13, '10A-DAM', 'bg-lightpink', '2025-03-28 07:05:39', '2025-03-28 07:05:39'),
	(14, '14A-CAB', 'bg-lightblue', '2025-03-28 07:05:39', '2025-03-28 07:05:39'),
	(15, '14A-DAM', 'bg-lightpink', '2025-03-28 07:05:39', '2025-03-28 07:05:39'),
	(16, '16A-CAB', 'bg-lightblue', '2025-03-28 07:05:39', '2025-03-28 07:05:39'),
	(17, '16A-DAM', 'bg-lightpink', '2025-03-28 07:05:39', '2025-03-28 07:05:39'),
	(18, 'XP-CAB', '', '2025-03-28 07:05:39', '2025-03-28 07:05:39'),
	(19, 'XP-DAM', 'bg-lightpink', '2025-03-28 07:05:39', '2025-03-28 07:05:39'),
	(20, 'P-CAB', '', '2025-03-28 07:05:39', '2025-03-28 07:05:39'),
	(21, 'P-DAM', 'bg-lightpink', '2025-03-28 07:05:39', '2025-03-28 07:05:39'),
	(22, 'M-CAB', '', '2025-03-28 07:05:39', '2025-03-28 07:05:39'),
	(23, 'M-DAM', 'bg-lightpink', '2025-03-28 07:05:39', '2025-03-28 07:05:39'),
	(24, 'G-CAB', '', '2025-03-28 07:05:39', '2025-03-28 07:05:39'),
	(25, 'G-DAM', 'bg-lightpink', '2025-03-28 07:05:39', '2025-03-28 07:05:39'),
	(26, 'XG-CAB', '', '2025-03-28 07:05:39', '2025-03-28 07:05:39'),
	(27, 'XG-DAM', 'bg-lightpink', '2025-03-28 07:05:39', '2025-03-28 07:05:39'),
	(28, '2XG-CAB', '', '2025-03-28 07:05:39', '2025-03-28 07:05:39'),
	(29, '2XG-DAM', 'bg-lightpink', '2025-03-28 07:05:39', '2025-03-28 07:05:39'),
	(30, '3XG-CAB', '', '2025-03-28 07:05:39', '2025-03-28 07:05:39'),
	(31, '3XG-DAM', 'bg-lightpink', '2025-03-28 07:05:39', '2025-03-28 07:05:39'),
	(32, '4XG-CAB', '', '2025-03-28 07:05:39', '2025-03-28 07:05:39'),
	(33, '4XG-DAM', 'bg-lightpink', '2025-03-28 07:05:39', '2025-03-28 07:05:39'),
	(34, '5XG-CAB', '', '2025-03-28 07:05:39', '2025-03-28 07:05:39'),
	(35, '5XG-DAM', 'bg-lightpink', '2025-03-28 07:05:39', '2025-03-28 07:05:39'),
	(36, '6XG-CAB', '', '2025-03-28 07:05:39', '2025-03-28 07:05:39'),
	(37, '6XG-DAM', 'bg-lightpink', '2025-03-28 07:05:39', '2025-03-28 07:05:39');

-- Volcando estructura para tabla abprod.size_groups
CREATE TABLE IF NOT EXISTS `size_groups` (
  `id` bigint unsigned NOT NULL AUTO_INCREMENT,
  `name` varchar(255) COLLATE utf8mb4_unicode_ci NOT NULL,
  `created_at` timestamp NULL DEFAULT NULL,
  `updated_at` timestamp NULL DEFAULT NULL,
  PRIMARY KEY (`id`)
) ENGINE=InnoDB DEFAULT CHARSET=utf8mb4 COLLATE=utf8mb4_unicode_ci;

-- Volcando datos para la tabla abprod.size_groups: ~0 rows (aproximadamente)

-- Volcando estructura para tabla abprod.teams
CREATE TABLE IF NOT EXISTS `teams` (
  `id` bigint unsigned NOT NULL AUTO_INCREMENT,
  `name` varchar(255) COLLATE utf8mb4_unicode_ci NOT NULL,
  `leader_id` bigint unsigned NOT NULL,
  `created_at` timestamp NULL DEFAULT NULL,
  `updated_at` timestamp NULL DEFAULT NULL,
  PRIMARY KEY (`id`),
  KEY `teams_leader_id_foreign` (`leader_id`),
  CONSTRAINT `teams_leader_id_foreign` FOREIGN KEY (`leader_id`) REFERENCES `users` (`id`) ON DELETE CASCADE
) ENGINE=InnoDB DEFAULT CHARSET=utf8mb4 COLLATE=utf8mb4_unicode_ci;

-- Volcando datos para la tabla abprod.teams: ~0 rows (aproximadamente)

-- Volcando estructura para tabla abprod.team_members
CREATE TABLE IF NOT EXISTS `team_members` (
  `id` bigint unsigned NOT NULL AUTO_INCREMENT,
  `team_id` bigint unsigned NOT NULL,
  `user_id` bigint unsigned NOT NULL,
  `created_at` timestamp NULL DEFAULT NULL,
  `updated_at` timestamp NULL DEFAULT NULL,
  PRIMARY KEY (`id`),
  KEY `team_members_team_id_foreign` (`team_id`),
  KEY `team_members_user_id_foreign` (`user_id`),
  CONSTRAINT `team_members_team_id_foreign` FOREIGN KEY (`team_id`) REFERENCES `teams` (`id`) ON DELETE CASCADE,
  CONSTRAINT `team_members_user_id_foreign` FOREIGN KEY (`user_id`) REFERENCES `users` (`id`) ON DELETE CASCADE
) ENGINE=InnoDB DEFAULT CHARSET=utf8mb4 COLLATE=utf8mb4_unicode_ci;

-- Volcando datos para la tabla abprod.team_members: ~0 rows (aproximadamente)

-- Volcando estructura para tabla abprod.users
CREATE TABLE IF NOT EXISTS `users` (
  `id` bigint unsigned NOT NULL AUTO_INCREMENT,
  `name` varchar(255) COLLATE utf8mb4_unicode_ci NOT NULL,
  `email` varchar(255) COLLATE utf8mb4_unicode_ci NOT NULL,
  `email_verified_at` timestamp NULL DEFAULT NULL,
  `password` varchar(255) COLLATE utf8mb4_unicode_ci NOT NULL,
  `remember_token` varchar(100) COLLATE utf8mb4_unicode_ci DEFAULT NULL,
  `created_at` timestamp NULL DEFAULT NULL,
  `updated_at` timestamp NULL DEFAULT NULL,
  PRIMARY KEY (`id`),
  UNIQUE KEY `users_email_unique` (`email`)
) ENGINE=InnoDB AUTO_INCREMENT=50 DEFAULT CHARSET=utf8mb4 COLLATE=utf8mb4_unicode_ci;

-- Volcando datos para la tabla abprod.users: ~49 rows (aproximadamente)
INSERT INTO `users` (`id`, `name`, `email`, `email_verified_at`, `password`, `remember_token`, `created_at`, `updated_at`) VALUES
	(1, 'daril diaz', 'darildiaz29@gmail.com', NULL, '$2y$12$XMvvubT4acHGtFLQgo0Z.ODNWLb7PKRGhb.0Z94RWlCh.FVUlihPe', NULL, '2025-03-28 07:05:39', '2025-03-28 07:05:39'),
	(2, 'admin', 'admin@abdiez.com', NULL, '$2y$12$wj6FMuFIiuWU0zN0smN9CuN8Ivygk8rgttp0lUlWb6fsNFN2d/cv2', NULL, '2025-03-28 07:05:39', '2025-03-28 07:05:39'),
	(3, 'vendedor', 'vendedor@abdiez.com', NULL, '$2y$12$gYSYu4Hfq92QnJEHD9vGf.ya70W2oeQ/XhH4Kx20ImEVHkieB2ttS', NULL, '2025-03-28 07:05:39', '2025-03-28 07:05:39'),
	(4, 'Aquino Rojas, Rodrigo Fabian', 'raquino@abdiez.com', NULL, '$2y$12$mS9A2ikrYTMbe4PymQRT..JywYbBa07bxlgFsafQWwAGZl0VhSKWm', NULL, '2025-03-28 07:05:39', '2025-03-28 07:05:39'),
	(5, 'Areco Gòmez, Ilcia Mariela', 'iareco@abdiez.com	', NULL, '$2y$12$8dZBPIW3QdlTwJnqo0RbUuRVuHTNuPHmVkUFi7UeIwOK8mRJtxeoK', NULL, '2025-03-28 07:05:39', '2025-03-28 07:05:39'),
	(6, 'Arevalos Alvarenga, Ada Ramona', 'aarevalos@abdiez.com', NULL, '$2y$12$7fSf6FzbdPSD9Zd6zHJzwuAcUIyzxzb3X3Q1/q6w9Va8WMjRxDLDe', NULL, '2025-03-28 07:05:39', '2025-03-28 07:05:39'),
	(7, 'Beraud Fernandez, Isis Maria Jesus', 'iberaud@abdiez.com', NULL, '$2y$12$GIDvSPcwsPKhaCssbTEwYeJ8HijI/6sNGWeWG6hDmQElpairTL9NS', NULL, '2025-03-28 07:05:39', '2025-03-28 07:05:39'),
	(8, 'Bogarín Ríos, Adrian Pastor', 'abogarin@abdiez.com', NULL, '$2y$12$3Kt3nZWYzAGcvH4FARzGz.l2dMmqVf.k83Xq4pTy3Srj2sp87JNny', NULL, '2025-03-28 07:05:39', '2025-03-28 07:05:39'),
	(9, 'Cabrera Barua, Laura Patricia', 'pcabrera@abdiez.com', NULL, '$2y$12$X9ijNGh2Iteg5z9LUd5o6O/NKqNHzppYbG9jxep.8XIBsWIrLtfI6', NULL, '2025-03-28 07:05:39', '2025-03-28 07:05:39'),
	(10, 'Carballo,Antonio', 'acarballo@abdiez.com	', NULL, '$2y$12$sPLUvIyG2iWafGCuBbnnv.AbX5JIeiqWomSk0jApn7UDC/P/ctIAq', NULL, '2025-03-28 07:05:39', '2025-03-28 07:05:39'),
	(11, 'Castillo Ortiz, Jesús Alberto', 'jcastillo@abdiez.com', NULL, '$2y$12$3gDd0RxSPhSJaqLMGs1yKeT4vbvictu0uFtRNYlXv55.vKDbMoTkS', NULL, '2025-03-28 07:05:39', '2025-03-28 07:05:39'),
	(12, 'Colmán, Liz Sandra', 'lcolman@abdiez.com', NULL, '$2y$12$kCs9ljF1HePW2OkmyURCqOIWgB92DmvIZUFlUfhT.OCp3WY0Kvp.K', NULL, '2025-03-28 07:05:39', '2025-03-28 07:05:39'),
	(13, 'Dìaz, Daril Andres', 'ddiaz@abdiez.com', NULL, '$2y$12$sR/F4qJg14k84MGlMnpSNeKu/oaXFQHoybJBnWdVOBu82UWghkm6y', NULL, '2025-03-28 07:05:39', '2025-03-28 07:05:39'),
	(14, 'Duarte Medina, Ana Liz', 'aduarte@abdiez.com', NULL, '$2y$12$ZmdC8gohkDXiYT4o794N7.QKcIyWSIb9qtpLfVTzP0k6kYCfWTpue', NULL, '2025-03-28 07:05:39', '2025-03-28 07:05:39'),
	(15, 'Espinola Martinez, Mario', 'mespinola@abdiez.com', NULL, '$2y$12$P6zpE97j9.CsKEk/3n4tfOUENfewjSb8HQaBY8jNX8gx8rnQeKn2e', NULL, '2025-03-28 07:05:39', '2025-03-28 07:05:39'),
	(16, 'Espinola Ramírez, Liz Romina', 'respinola@abdiez.com', NULL, '$2y$12$ihe9hI/Z9eCojQUaV2ZBOO1TWHFIRWDPyhmGVd4jthKezPs.q5oVe', NULL, '2025-03-28 07:05:39', '2025-03-28 07:05:39'),
	(17, 'Irala Cassera, Nadia Monserrath', 'nirala@abdiez.com', NULL, '$2y$12$0eSbzcZM4j14jDsM4vL34.b7Ma/8MmSd6Lvf9kCf0w1W6NCQhdiMe', NULL, '2025-03-28 07:05:39', '2025-03-28 07:05:39'),
	(18, 'López, Anibal', 'alopez@abdiez.com', NULL, '$2y$12$Y6.L3QTq0gtiE9ATJkIscugbWwiXMoROdnMfrJ4WB5.EVqxireP16', NULL, '2025-03-28 07:05:39', '2025-03-28 07:05:39'),
	(19, 'López, Norma', 'nlopez@abdiez.com', NULL, '$2y$12$MQr0Uc9MWXhAAQ1d6Sjs2.JjqpHN4acOUiTEkiSxVmMS2ZYpsGw.O', NULL, '2025-03-28 07:05:39', '2025-03-28 07:05:39'),
	(20, 'López Osmar', 'olopez@abdiez.com', NULL, '$2y$12$Tkr3aKyVXs8Fr.HYIFIlaOxLckOUvK7566x/ED3iYiyGqcIqJHJhO', NULL, '2025-03-28 07:05:39', '2025-03-28 07:05:39'),
	(21, 'Mancuello, Miryam', 'mmancuello@abdiez.com', NULL, '$2y$12$qwVP25A9cSHTeHqbNsEyP.7E.wsx0Ff7K1U4NXINcons.wAqxI6n6', NULL, '2025-03-28 07:05:39', '2025-03-28 07:05:39'),
	(22, 'Martiinez , Leticia', 'lmartinez@abdiez.com', NULL, '$2y$12$78VK4gyEOAGhD9Ld0Z9wW.yGrbeD9A0yEwpHpEvFeknUlRrEJ/n62', NULL, '2025-03-28 07:05:39', '2025-03-28 07:05:39'),
	(23, 'Martinez Rojas, Fatima', 'fmartinez@abdiez.com', NULL, '$2y$12$Kbt.Ukvdc9fop7iByVtZXuZxW8yAL64GYb21tFCz6ZIlbofrF0Oom', NULL, '2025-03-28 07:05:39', '2025-03-28 07:05:39'),
	(24, 'Meza Bogarin, Marcial Tobías Isaac', 'mmeza@abdiez.com', NULL, '$2y$12$xFH9mnehSQja5N7Mlb9uYeYU/UG8S8GfxHfhxiq3vd/pntVPPWkXe', NULL, '2025-03-28 07:05:39', '2025-03-28 07:05:39'),
	(25, 'Mora Palacios, Cesar Benito	', 'cmora@abdiez.com', NULL, '$2y$12$HZFzHtF9VtjtgsUvJnQzD.ec0fqo2lRS30YWnpJPCr1iTctTjJyKa', NULL, '2025-03-28 07:05:39', '2025-03-28 07:05:39'),
	(26, 'Ozorio Huchense, Ynocencia', 'yozorio@abdiez.com', NULL, '$2y$12$SNDURWP5fkYpCscFljLzbOwhmciv/K2KdNRlf3cn6g5Qky0DG.mt.', NULL, '2025-03-28 07:05:39', '2025-03-28 07:05:39'),
	(27, 'Peña Javier', 'lpeña@abdiez.com', NULL, '$2y$12$Uth8D.Sx5DE2KGepCNIw8.MEpCzT.6yS3c1jveZdf/IxegBt0hr/W', NULL, '2025-03-28 07:05:39', '2025-03-28 07:05:39'),
	(28, 'Ramirez, Julio', 'jramirez@abdiez.com', NULL, '$2y$12$G1WW/uDgc.soMYeQTO01betalUcUuAbj.mFLVwcrD6brazJ8V.mWG', NULL, '2025-03-28 07:05:39', '2025-03-28 07:05:39'),
	(29, 'Ramirez Alegre, Laura Carolina	', 'lramirez@abdiez.com', NULL, '$2y$12$t5Vd5/P8DFfrdDIKnw3CiOgE9a0kbODCnVMNe5jR.28yW01MDVR32', NULL, '2025-03-28 07:05:39', '2025-03-28 07:05:39'),
	(30, 'Ramos, Nelly', 'nramos@abdiez.com', NULL, '$2y$12$oT.ntqMKUnw5Ijxxuif9sen.P/Yw5XFoBkJIsV8oX.wc.FnnYeqOG', NULL, '2025-03-28 07:05:39', '2025-03-28 07:05:39'),
	(31, 'Rojas Barua, Olga María Liz', 'orojas@abdiez.com', NULL, '$2y$12$hwTAU8cWIk7EcTm9lB10Fe3L3BKdR27gpBx2LdMJ2Z3AZ01WiDdou', NULL, '2025-03-28 07:05:39', '2025-03-28 07:05:39'),
	(32, 'Rojas Insaurralde,Carlos Enrique', 'lrojas@abdiez.com', NULL, '$2y$12$JdLCBv/Odwgc.2G224DjXupOW0QwVbzJGCIIPzdNklX0aGJfYwZRi', NULL, '2025-03-28 07:05:39', '2025-03-28 07:05:39'),
	(33, 'Ruíz Britez, Areli', 'arruiz@abdiez.com', NULL, '$2y$12$NoFpNgWEflS5UVdPFzW8yOolqzZgke2Ri/nBZ1dajB/.EwNpvIDIy', NULL, '2025-03-28 07:05:39', '2025-03-28 07:05:39'),
	(34, 'Ruiz Britez, David Abdias', 'druiz@abdiez.com	', NULL, '$2y$12$HYnc33rgJ352/owBe5usEuoXBGLCHWPPi/n3NM5KStkukzSk/e4nq', NULL, '2025-03-28 07:05:39', '2025-03-28 07:05:39'),
	(35, 'Ruíz Martinez, Angela del Rosario', 'aruiz@abdiez.com', NULL, '$2y$12$2g8e7jfXMDcUeXQmMxgikOx4RvKG0Au.kd0Giv9OVs4Lp9dccmuGq', NULL, '2025-03-28 07:05:39', '2025-03-28 07:05:39'),
	(36, 'Sorensen, Pedro', 'psorensen@abdiez.com', NULL, '$2y$12$6QTf/gvXrkVwpVBv56oKYuJYvDsMkyWVQMFesoBM9YclMNrT5NETG', NULL, '2025-03-28 07:05:39', '2025-03-28 07:05:39'),
	(37, 'Vera Garcìa , Ronaldo Ruben', 'lvera@abdiez.com', NULL, '$2y$12$bKrzrgr3tf4VtHFK1fpcFOBn12NuUs2DRX.ryfS7CYQvUQ/hjaVDC', NULL, '2025-03-28 07:05:39', '2025-03-28 07:05:39'),
	(38, 'Villalba, Alder	', 'avillalba@abdiez.com', NULL, '$2y$12$L/o/cexnf0AT1GElzVp/ueaF6bugDtmwCJJVqzwSz1bMENyihNErm', NULL, '2025-03-28 07:05:39', '2025-03-28 07:05:39'),
	(39, 'Caballero López, Enry David', 'ecaballero@abdiez.com', NULL, '$2y$12$F7ADr1E5kZIk/cErunrh/OqqFyfM6nuQ7WyOAZqJ7Dl2FUWz6pUZy', NULL, '2025-03-28 07:05:39', '2025-03-28 07:05:39'),
	(40, 'Meza Gayozo, Cesar Ramón', 'cmeza@abdiez.com', NULL, '$2y$12$Ibp.uYbgktYt4KI94VULJ.5CRYwSpWppTOp/CRo.2tdEjvuCrx4qO', NULL, '2025-03-28 07:05:39', '2025-03-28 07:05:39'),
	(41, 'Vera Acosta, Feliciano', 'fvera@abdiez.com', NULL, '$2y$12$fjOD0UPbGlb0LtjA7yNsM.njBD43m36pmD6NbEF4fki9X7mym4nNW', NULL, '2025-03-28 07:05:39', '2025-03-28 07:05:39'),
	(42, 'Viky', 'lviky@abdiez.com', NULL, '$2y$12$FCpboZGYxMUZ60ZBhu0D9uda/XjpPueZpsMuwXEwR1gEx2ptSo2Oy', NULL, '2025-03-28 07:05:39', '2025-03-28 07:05:39'),
	(43, 'Perla', 'perla.taller@abdiez.com', NULL, '$2y$12$IoH7R.85IiIKLw3sSEJ22OLjCZJUUsbOE1wcNA0nDk2t8wOLiRxFi', NULL, '2025-03-28 07:05:39', '2025-03-28 07:05:39'),
	(44, 'Mauro', 'mauro.taller@abdiez.com', NULL, '$2y$12$Eqa9Badtyb4usAN/t178JudUl5N../3bZGQaI4om/CoRClHyrXw96', NULL, '2025-03-28 07:05:39', '2025-03-28 07:05:39'),
	(45, 'Marciano', 'marciano.taller@abdiez.com', NULL, '$2y$12$SUaCzm0SjXr9HCzlKWOTFeGTiwqHumtR94hynAEe7Xlmnl..VgvSW', NULL, '2025-03-28 07:05:39', '2025-03-28 07:05:39'),
	(46, 'Diosnel', 'diosnel.taller@abdiez.com', NULL, '$2y$12$dkkAT57avXAHjMDCDo/sEuVCRxMTVJ/VRtow8WoLBtbtUCiijmytO', NULL, '2025-03-28 07:05:39', '2025-03-28 07:05:39'),
	(47, 'Angela Jara', 'Ajara.taller@abdiez.com', NULL, '$2y$12$R4u8Idn1gp.4uUYEPOSP/e4yAEOI9Tq7Hcb.FY3PdmYTW6bNOiROO', NULL, '2025-03-28 07:05:39', '2025-03-28 07:05:39'),
	(48, 'Anicia', 'anicia.taller@abdiez.com', NULL, '$2y$12$hqMKglUzxEWcNyGqX0W18ehmikg4suAkv5X6VqQlUH5a7dsIYd0qS', NULL, '2025-03-28 07:05:39', '2025-03-28 07:05:39'),
	(49, 'Yolanda', 'yolanda.taller@abdiez.com', NULL, '$2y$12$l7FCyVHyLiNJaR8Hv9G4POesIOCJ6SIOWe7ncgjKU80FhgW9WpUuG', NULL, '2025-03-28 07:05:39', '2025-03-28 07:05:39');

-- Volcando estructura para vista abprod.order_reference_summaries
-- Eliminando tabla temporal y crear estructura final de VIEW
DROP TABLE IF EXISTS `order_reference_summaries`;
CREATE ALGORITHM=UNDEFINED SQL SECURITY DEFINER VIEW `order_reference_summaries` AS select concat(`oref`.`order_id`,'-',`oref`.`product_id`,'-',`oref`.`size_id`) AS `id`,`oref`.`order_id` AS `order_id`,`oref`.`product_id` AS `product_id`,`oref`.`size_id` AS `size_id`,concat(replace(`p`.`code`,'-',''),replace(`s`.`name`,'-','')) AS `new_code`,sum(`oref`.`quantity`) AS `total_quantity`,sum(`oref`.`price`) AS `total_price` from ((`order_references` `oref` join `products` `p` on((`p`.`id` = `oref`.`product_id`))) join `sizes` `s` on((`s`.`id` = `oref`.`size_id`))) group by `oref`.`order_id`,`oref`.`product_id`,`oref`.`size_id` order by `new_code`;

-- Volcando estructura para vista abprod.product_category_counts
-- Eliminando tabla temporal y crear estructura final de VIEW
DROP TABLE IF EXISTS `product_category_counts`;
CREATE ALGORITHM=UNDEFINED SQL SECURITY DEFINER VIEW `product_category_counts` AS select row_number() OVER ()  AS `id`,`p`.`date` AS `production_date`,`c`.`name` AS `center_name`,`cat`.`name` AS `category_name`,count(distinct `prod`.`id`) AS `total_products`,sum(`pd`.`quantity`) AS `total_quantity` from ((((`productions` `p` join `productiondets` `pd` on((`p`.`id` = `pd`.`production_id`))) join `products` `prod` on((`pd`.`product_id` = `prod`.`id`))) join `categories` `cat` on((`prod`.`category_id` = `cat`.`id`))) join `centers` `c` on((`p`.`center_id` = `c`.`id`))) group by `p`.`date`,`c`.`name`,`cat`.`name`;

/*!40103 SET TIME_ZONE=IFNULL(@OLD_TIME_ZONE, 'system') */;
/*!40101 SET SQL_MODE=IFNULL(@OLD_SQL_MODE, '') */;
/*!40014 SET FOREIGN_KEY_CHECKS=IFNULL(@OLD_FOREIGN_KEY_CHECKS, 1) */;
/*!40101 SET CHARACTER_SET_CLIENT=@OLD_CHARACTER_SET_CLIENT */;
/*!40111 SET SQL_NOTES=IFNULL(@OLD_SQL_NOTES, 1) */;
